subject_id,subject_label,subject_category,predicate_id,object_id,object_label,object_category,confidence,author_id,reviewer_id,mapping_date,mapping_justification
http://id.nlm.nih.gov/mesh/M0000009,Abdominal Muscles,http://id.nlm.nih.gov/mesh/vocab#Concept,skos:exactMatch,http://purl.obolibrary.org/obo/UBERON_0002378,muscle of abdomen,http://purl.obolibrary.org/obo/UBERON_0001062,1,orcid:0000-0002-7500-8096|orcid:0000-0001-8314-2140,orcid:0000-0002-7500-8096,2025-06-05,semapv:MappingReview
http://id.nlm.nih.gov/mesh/M0000010,Abducens Nerve,http://id.nlm.nih.gov/mesh/vocab#Concept,skos:exactMatch,http://purl.obolibrary.org/obo/UBERON_0001646,abducens nerve,http://purl.obolibrary.org/obo/UBERON_0001062,1,orcid:0000-0002-7500-8096|orcid:0000-0001-8314-2140,orcid:0000-0002-7500-8096,2025-06-05,semapv:MappingReview
http://id.nlm.nih.gov/mesh/M0000081,Accessory Nerve,http://id.nlm.nih.gov/mesh/vocab#Concept,skos:exactMatch,http://purl.obolibrary.org/obo/UBERON_0002019,accessory XI nerve,http://purl.obolibrary.org/obo/UBERON_0001062,1,orcid:0000-0002-7500-8096|orcid:0000-0001-8314-2140,orcid:0000-0002-7500-8096,2025-06-05,semapv:MappingReview
http://id.nlm.nih.gov/mesh/M0000110,Acetabulum,http://id.nlm.nih.gov/mesh/vocab#Concept,skos:exactMatch,http://purl.obolibrary.org/obo/UBERON_0001269,acetabular part of hip bone,http://purl.obolibrary.org/obo/UBERON_0001062,1,orcid:0000-0002-7500-8096|orcid:0000-0001-8314-2140,orcid:0000-0002-7500-8096,2025-06-05,semapv:MappingReview
http://id.nlm.nih.gov/mesh/M0000199,Achilles Tendon,http://id.nlm.nih.gov/mesh/vocab#Concept,skos:exactMatch,http://purl.obolibrary.org/obo/UBERON_0003701,calcaneal tendon,http://purl.obolibrary.org/obo/UBERON_0001062,1,orcid:0000-0002-7500-8096|orcid:0000-0001-8314-2140,orcid:0000-0002-7500-8096,2025-06-05,semapv:MappingReview
http://id.nlm.nih.gov/mesh/M0000241,Vestibulocochlear Nerve,http://id.nlm.nih.gov/mesh/vocab#Concept,skos:exactMatch,http://purl.obolibrary.org/obo/UBERON_0001648,vestibulocochlear nerve,http://purl.obolibrary.org/obo/UBERON_0001062,1,orcid:0000-0002-7500-8096|orcid:0000-0001-8314-2140,orcid:0000-0002-7500-8096,2025-06-05,semapv:MappingReview
http://id.nlm.nih.gov/mesh/M0000262,Acromioclavicular Joint,http://id.nlm.nih.gov/mesh/vocab#Concept,skos:exactMatch,http://purl.obolibrary.org/obo/UBERON_0003692,acromioclavicular joint,http://purl.obolibrary.org/obo/UBERON_0001062,1,orcid:0000-0002-7500-8096|orcid:0000-0001-8314-2140,orcid:0000-0002-7500-8096,2025-06-05,semapv:MappingReview
http://id.nlm.nih.gov/mesh/M0000263,Acromion,http://id.nlm.nih.gov/mesh/vocab#Concept,skos:exactMatch,http://purl.obolibrary.org/obo/UBERON_0002497,acromion,http://purl.obolibrary.org/obo/UBERON_0001062,1,orcid:0000-0002-7500-8096|orcid:0000-0001-8314-2140,orcid:0000-0002-7500-8096,2025-06-05,semapv:MappingReview
http://id.nlm.nih.gov/mesh/M0000365,Adenoids,http://id.nlm.nih.gov/mesh/vocab#Concept,skos:exactMatch,http://purl.obolibrary.org/obo/UBERON_0001732,pharyngeal tonsil,http://purl.obolibrary.org/obo/UBERON_0001062,1,orcid:0000-0002-7500-8096|orcid:0000-0001-8314-2140,orcid:0000-0002-7500-8096,2025-06-05,semapv:MappingReview
http://id.nlm.nih.gov/mesh/M0000425,Adipose Tissue,http://id.nlm.nih.gov/mesh/vocab#Concept,skos:exactMatch,http://purl.obolibrary.org/obo/UBERON_0001013,adipose tissue,http://purl.obolibrary.org/obo/UBERON_0001062,1,orcid:0000-0002-7500-8096|orcid:0000-0001-8314-2140,orcid:0000-0002-7500-8096,2025-06-05,semapv:MappingReview
http://id.nlm.nih.gov/mesh/M0000455,Adnexa Uteri,http://id.nlm.nih.gov/mesh/vocab#Concept,skos:exactMatch,http://purl.obolibrary.org/obo/UBERON_0036292,adnexa of uterus,http://purl.obolibrary.org/obo/UBERON_0001062,1,orcid:0000-0002-7500-8096|orcid:0000-0001-8314-2140,orcid:0000-0002-7500-8096,2025-06-05,semapv:MappingReview
http://id.nlm.nih.gov/mesh/M0000476,Adrenal Cortex,http://id.nlm.nih.gov/mesh/vocab#Concept,skos:exactMatch,http://purl.obolibrary.org/obo/UBERON_0001235,adrenal cortex,http://purl.obolibrary.org/obo/UBERON_0001062,1,orcid:0000-0002-7500-8096|orcid:0000-0001-8314-2140,orcid:0000-0002-7500-8096,2025-06-05,semapv:MappingReview
http://id.nlm.nih.gov/mesh/M0000486,Adrenal Glands,http://id.nlm.nih.gov/mesh/vocab#Concept,skos:exactMatch,http://purl.obolibrary.org/obo/UBERON_0002369,adrenal gland,http://purl.obolibrary.org/obo/UBERON_0001062,1,orcid:0000-0002-7500-8096|orcid:0000-0001-8314-2140,orcid:0000-0002-7500-8096,2025-06-05,semapv:MappingReview
http://id.nlm.nih.gov/mesh/M0000489,Adrenal Medulla,http://id.nlm.nih.gov/mesh/vocab#Concept,skos:exactMatch,http://purl.obolibrary.org/obo/UBERON_0001236,adrenal medulla,http://purl.obolibrary.org/obo/UBERON_0001062,1,orcid:0000-0002-7500-8096|orcid:0000-0001-8314-2140,orcid:0000-0002-7500-8096,2025-06-05,semapv:MappingReview
http://id.nlm.nih.gov/mesh/M0000834,Alveolar Process,http://id.nlm.nih.gov/mesh/vocab#Concept,skos:exactMatch,http://purl.obolibrary.org/obo/UBERON_0004103,alveolar ridge,http://purl.obolibrary.org/obo/UBERON_0001062,1,orcid:0000-0002-7500-8096|orcid:0000-0001-8314-2140,orcid:0000-0002-7500-8096,2025-06-05,semapv:MappingReview
http://id.nlm.nih.gov/mesh/M0001044,Amygdala,http://id.nlm.nih.gov/mesh/vocab#Concept,skos:exactMatch,http://purl.obolibrary.org/obo/UBERON_0001876,amygdala,http://purl.obolibrary.org/obo/UBERON_0001062,1,orcid:0000-0002-7500-8096|orcid:0000-0001-8314-2140,orcid:0000-0002-7500-8096,2025-06-05,semapv:MappingReview
http://id.nlm.nih.gov/mesh/M0001253,Ankle Joint,http://id.nlm.nih.gov/mesh/vocab#Concept,skos:exactMatch,http://purl.obolibrary.org/obo/UBERON_0001488,ankle joint,http://purl.obolibrary.org/obo/UBERON_0001062,1,orcid:0000-0002-7500-8096|orcid:0000-0001-8314-2140,orcid:0000-0002-7500-8096,2025-06-05,semapv:MappingReview
http://id.nlm.nih.gov/mesh/M0001297,Anterior Chamber,http://id.nlm.nih.gov/mesh/vocab#Concept,skos:exactMatch,http://purl.obolibrary.org/obo/UBERON_0001766,anterior chamber of eyeball,http://purl.obolibrary.org/obo/UBERON_0001062,1,orcid:0000-0002-7500-8096|orcid:0000-0001-8314-2140,orcid:0000-0002-7500-8096,2025-06-05,semapv:MappingReview
http://id.nlm.nih.gov/mesh/M0001299,Anterior Eye Segment,http://id.nlm.nih.gov/mesh/vocab#Concept,skos:exactMatch,http://purl.obolibrary.org/obo/UBERON_0001801,anterior segment of eyeball,http://purl.obolibrary.org/obo/UBERON_0001062,1,orcid:0000-0002-7500-8096|orcid:0000-0001-8314-2140,orcid:0000-0002-7500-8096,2025-06-05,semapv:MappingReview
http://id.nlm.nih.gov/mesh/M0001300,Anterior Horn Cells,http://id.nlm.nih.gov/mesh/vocab#Concept,skos:exactMatch,http://purl.obolibrary.org/obo/CL_2000048,anterior horn motor neuron,http://purl.obolibrary.org/obo/CL_0000000,1,orcid:0000-0002-7500-8096|orcid:0000-0001-8314-2140,orcid:0000-0002-7500-8096,2025-06-05,semapv:MappingReview
http://id.nlm.nih.gov/mesh/M0001371,Antibody-Producing Cells,http://id.nlm.nih.gov/mesh/vocab#Concept,skos:exactMatch,http://purl.obolibrary.org/obo/CL_0000946,antibody secreting cell,http://purl.obolibrary.org/obo/CL_0000000,1,orcid:0000-0002-7500-8096|orcid:0000-0001-8314-2140,orcid:0000-0002-7500-8096,2025-06-05,semapv:MappingReview
http://id.nlm.nih.gov/mesh/M0001402,Antigen-Presenting Cells,http://id.nlm.nih.gov/mesh/vocab#Concept,skos:exactMatch,http://purl.obolibrary.org/obo/CL_0000145,professional antigen presenting cell,http://purl.obolibrary.org/obo/CL_0000000,1,orcid:0000-0002-7500-8096|orcid:0000-0001-8314-2140,orcid:0000-0002-7500-8096,2025-06-05,semapv:MappingReview
http://id.nlm.nih.gov/mesh/M0001526,Anal Canal,http://id.nlm.nih.gov/mesh/vocab#Concept,skos:exactMatch,http://purl.obolibrary.org/obo/UBERON_0000159,anal canal,http://purl.obolibrary.org/obo/UBERON_0001062,1,orcid:0000-0002-7500-8096|orcid:0000-0001-8314-2140,orcid:0000-0002-7500-8096,2025-06-05,semapv:MappingReview
http://id.nlm.nih.gov/mesh/M0001539,Aorta,http://id.nlm.nih.gov/mesh/vocab#Concept,skos:exactMatch,http://purl.obolibrary.org/obo/UBERON_0000947,aorta,http://purl.obolibrary.org/obo/UBERON_0001062,1,orcid:0000-0002-7500-8096|orcid:0000-0001-8314-2140,orcid:0000-0002-7500-8096,2025-06-05,semapv:MappingReview
http://id.nlm.nih.gov/mesh/M0001541,"Aorta, Abdominal",http://id.nlm.nih.gov/mesh/vocab#Concept,skos:exactMatch,http://purl.obolibrary.org/obo/UBERON_0001516,abdominal aorta,http://purl.obolibrary.org/obo/UBERON_0001062,1,orcid:0000-0002-7500-8096|orcid:0000-0001-8314-2140,orcid:0000-0002-7500-8096,2025-06-05,semapv:MappingReview
http://id.nlm.nih.gov/mesh/M0001542,"Aorta, Thoracic",http://id.nlm.nih.gov/mesh/vocab#Concept,skos:exactMatch,http://purl.obolibrary.org/obo/UBERON_0001515,thoracic aorta,http://purl.obolibrary.org/obo/UBERON_0001062,1,orcid:0000-0002-7500-8096|orcid:0000-0001-8314-2140,orcid:0000-0002-7500-8096,2025-06-05,semapv:MappingReview
http://id.nlm.nih.gov/mesh/M0001548,Aortic Bodies,http://id.nlm.nih.gov/mesh/vocab#Concept,skos:exactMatch,http://purl.obolibrary.org/obo/UBERON_0034971,aortic body,http://purl.obolibrary.org/obo/UBERON_0001062,1,orcid:0000-0002-7500-8096|orcid:0000-0001-8314-2140,orcid:0000-0002-7500-8096,2025-06-05,semapv:MappingReview
http://id.nlm.nih.gov/mesh/M0001553,Aortic Valve,http://id.nlm.nih.gov/mesh/vocab#Concept,skos:exactMatch,http://purl.obolibrary.org/obo/UBERON_0002137,aortic valve,http://purl.obolibrary.org/obo/UBERON_0001062,1,orcid:0000-0002-7500-8096|orcid:0000-0001-8314-2140,orcid:0000-0002-7500-8096,2025-06-05,semapv:MappingReview
http://id.nlm.nih.gov/mesh/M0001590,Apocrine Glands,http://id.nlm.nih.gov/mesh/vocab#Concept,skos:exactMatch,http://purl.obolibrary.org/obo/UBERON_0008974,apocrine gland,http://purl.obolibrary.org/obo/UBERON_0001062,1,orcid:0000-0002-7500-8096|orcid:0000-0001-8314-2140,orcid:0000-0002-7500-8096,2025-06-05,semapv:MappingReview
http://id.nlm.nih.gov/mesh/M0001611,Appendix,http://id.nlm.nih.gov/mesh/vocab#Concept,skos:exactMatch,http://purl.obolibrary.org/obo/UBERON_0001154,vermiform appendix,http://purl.obolibrary.org/obo/UBERON_0001062,1,orcid:0000-0002-7500-8096|orcid:0000-0001-8314-2140,orcid:0000-0002-7500-8096,2025-06-05,semapv:MappingReview
http://id.nlm.nih.gov/mesh/M0001636,Aqueous Humor,http://id.nlm.nih.gov/mesh/vocab#Concept,skos:exactMatch,http://purl.obolibrary.org/obo/UBERON_0001796,aqueous humor of eyeball,http://purl.obolibrary.org/obo/UBERON_0001062,1,orcid:0000-0002-7500-8096|orcid:0000-0001-8314-2140,orcid:0000-0002-7500-8096,2025-06-05,semapv:MappingReview
http://id.nlm.nih.gov/mesh/M0001655,Arachnoid,http://id.nlm.nih.gov/mesh/vocab#Concept,skos:exactMatch,http://purl.obolibrary.org/obo/UBERON_0002362,arachnoid mater,http://purl.obolibrary.org/obo/UBERON_0001062,1,orcid:0000-0002-7500-8096|orcid:0000-0001-8314-2140,orcid:0000-0002-7500-8096,2025-06-05,semapv:MappingReview
http://id.nlm.nih.gov/mesh/M0001670,Arcuate Nucleus of Hypothalamus,http://id.nlm.nih.gov/mesh/vocab#Concept,skos:exactMatch,http://purl.obolibrary.org/obo/UBERON_0001932,arcuate nucleus of hypothalamus,http://purl.obolibrary.org/obo/UBERON_0001062,1,orcid:0000-0002-7500-8096|orcid:0000-0001-8314-2140,orcid:0000-0002-7500-8096,2025-06-05,semapv:MappingReview
http://id.nlm.nih.gov/mesh/M0001698,Bones of Upper Extremity,http://id.nlm.nih.gov/mesh/vocab#Concept,skos:exactMatch,http://purl.obolibrary.org/obo/UBERON_0007829,pectoral girdle bone,http://purl.obolibrary.org/obo/UBERON_0001062,1,orcid:0000-0002-7500-8096|orcid:0000-0001-8314-2140,orcid:0000-0002-7500-8096,2025-06-05,semapv:MappingReview
http://id.nlm.nih.gov/mesh/M0001699,Arm Bones,http://id.nlm.nih.gov/mesh/vocab#Concept,skos:exactMatch,http://purl.obolibrary.org/obo/UBERON_0003460,arm bone,http://purl.obolibrary.org/obo/UBERON_0001062,1,orcid:0000-0002-7500-8096|orcid:0000-0001-8314-2140,orcid:0000-0002-7500-8096,2025-06-05,semapv:MappingReview
http://id.nlm.nih.gov/mesh/M0001731,Arteries,http://id.nlm.nih.gov/mesh/vocab#Concept,skos:exactMatch,http://purl.obolibrary.org/obo/UBERON_0001637,artery,http://purl.obolibrary.org/obo/UBERON_0001062,1,orcid:0000-0002-7500-8096|orcid:0000-0001-8314-2140,orcid:0000-0002-7500-8096,2025-06-05,semapv:MappingReview
http://id.nlm.nih.gov/mesh/M0001733,Arterioles,http://id.nlm.nih.gov/mesh/vocab#Concept,skos:exactMatch,http://purl.obolibrary.org/obo/UBERON_0001980,arteriole,http://purl.obolibrary.org/obo/UBERON_0001062,1,orcid:0000-0002-7500-8096|orcid:0000-0001-8314-2140,orcid:0000-0002-7500-8096,2025-06-05,semapv:MappingReview
http://id.nlm.nih.gov/mesh/M0001782,Arytenoid Cartilage,http://id.nlm.nih.gov/mesh/vocab#Concept,skos:exactMatch,http://purl.obolibrary.org/obo/UBERON_0001740,arytenoid cartilage,http://purl.obolibrary.org/obo/UBERON_0001062,1,orcid:0000-0002-7500-8096|orcid:0000-0001-8314-2140,orcid:0000-0002-7500-8096,2025-06-05,semapv:MappingReview
http://id.nlm.nih.gov/mesh/M0001890,Astrocytes,http://id.nlm.nih.gov/mesh/vocab#Concept,skos:exactMatch,http://purl.obolibrary.org/obo/CL_0000127,astrocyte,http://purl.obolibrary.org/obo/CL_0000000,1,orcid:0000-0002-7500-8096|orcid:0000-0001-8314-2140,orcid:0000-0002-7500-8096,2025-06-05,semapv:MappingReview
http://id.nlm.nih.gov/mesh/M0001911,Atlanto-Axial Joint,http://id.nlm.nih.gov/mesh/vocab#Concept,skos:exactMatch,http://purl.obolibrary.org/obo/UBERON_0003694,atlanto-axial joint,http://purl.obolibrary.org/obo/UBERON_0001062,1,orcid:0000-0002-7500-8096|orcid:0000-0001-8314-2140,orcid:0000-0002-7500-8096,2025-06-05,semapv:MappingReview
http://id.nlm.nih.gov/mesh/M0001912,Atlanto-Occipital Joint,http://id.nlm.nih.gov/mesh/vocab#Concept,skos:exactMatch,http://purl.obolibrary.org/obo/UBERON_0000220,atlanto-occipital joint,http://purl.obolibrary.org/obo/UBERON_0001062,1,orcid:0000-0002-7500-8096|orcid:0000-0001-8314-2140,orcid:0000-0002-7500-8096,2025-06-05,semapv:MappingReview
http://id.nlm.nih.gov/mesh/M0001913,Cervical Atlas,http://id.nlm.nih.gov/mesh/vocab#Concept,skos:exactMatch,http://purl.obolibrary.org/obo/UBERON_0001092,vertebral bone 1,http://purl.obolibrary.org/obo/UBERON_0001062,1,orcid:0000-0002-7500-8096|orcid:0000-0001-8314-2140,orcid:0000-0002-7500-8096,2025-06-05,semapv:MappingReview
http://id.nlm.nih.gov/mesh/M0001928,Atrioventricular Node,http://id.nlm.nih.gov/mesh/vocab#Concept,skos:exactMatch,http://purl.obolibrary.org/obo/UBERON_0002352,atrioventricular node,http://purl.obolibrary.org/obo/UBERON_0001062,1,orcid:0000-0002-7500-8096|orcid:0000-0001-8314-2140,orcid:0000-0002-7500-8096,2025-06-05,semapv:MappingReview
http://id.nlm.nih.gov/mesh/M0001963,Auditory Cortex,http://id.nlm.nih.gov/mesh/vocab#Concept,skos:exactMatch,http://purl.obolibrary.org/obo/UBERON_0001393,auditory cortex,http://purl.obolibrary.org/obo/UBERON_0001062,1,orcid:0000-0002-7500-8096|orcid:0000-0001-8314-2140,orcid:0000-0002-7500-8096,2025-06-05,semapv:MappingReview
http://id.nlm.nih.gov/mesh/M0002008,"Autonomic Fibers, Postganglionic",http://id.nlm.nih.gov/mesh/vocab#Concept,skos:exactMatch,http://purl.obolibrary.org/obo/UBERON_0011924,postganglionic autonomic fiber,http://purl.obolibrary.org/obo/UBERON_0001062,1,orcid:0000-0002-7500-8096|orcid:0000-0001-8314-2140,orcid:0000-0002-7500-8096,2025-06-05,semapv:MappingReview
http://id.nlm.nih.gov/mesh/M0002009,"Autonomic Fibers, Preganglionic",http://id.nlm.nih.gov/mesh/vocab#Concept,skos:exactMatch,http://purl.obolibrary.org/obo/UBERON_0011925,preganglionic autonomic fiber,http://purl.obolibrary.org/obo/UBERON_0001062,1,orcid:0000-0002-7500-8096|orcid:0000-0001-8314-2140,orcid:0000-0002-7500-8096,2025-06-05,semapv:MappingReview
http://id.nlm.nih.gov/mesh/M0002013,Autonomic Nervous System,http://id.nlm.nih.gov/mesh/vocab#Concept,skos:exactMatch,http://purl.obolibrary.org/obo/UBERON_0002410,autonomic nervous system,http://purl.obolibrary.org/obo/UBERON_0001062,1,orcid:0000-0002-7500-8096|orcid:0000-0001-8314-2140,orcid:0000-0002-7500-8096,2025-06-05,semapv:MappingReview
http://id.nlm.nih.gov/mesh/M0002049,Axillary Artery,http://id.nlm.nih.gov/mesh/vocab#Concept,skos:exactMatch,http://purl.obolibrary.org/obo/UBERON_0001394,axillary artery,http://purl.obolibrary.org/obo/UBERON_0001062,1,orcid:0000-0002-7500-8096|orcid:0000-0001-8314-2140,orcid:0000-0002-7500-8096,2025-06-05,semapv:MappingReview
http://id.nlm.nih.gov/mesh/M0002050,Axillary Vein,http://id.nlm.nih.gov/mesh/vocab#Concept,skos:exactMatch,http://purl.obolibrary.org/obo/UBERON_0000985,axillary vein,http://purl.obolibrary.org/obo/UBERON_0001062,1,orcid:0000-0002-7500-8096|orcid:0000-0001-8314-2140,orcid:0000-0002-7500-8096,2025-06-05,semapv:MappingReview
http://id.nlm.nih.gov/mesh/M0002051,"Axis, Cervical Vertebra",http://id.nlm.nih.gov/mesh/vocab#Concept,skos:exactMatch,http://purl.obolibrary.org/obo/UBERON_0001093,vertebral bone 2,http://purl.obolibrary.org/obo/UBERON_0001062,1,orcid:0000-0002-7500-8096|orcid:0000-0001-8314-2140,orcid:0000-0002-7500-8096,2025-06-05,semapv:MappingReview
http://id.nlm.nih.gov/mesh/M0002096,Azygos Vein,http://id.nlm.nih.gov/mesh/vocab#Concept,skos:exactMatch,http://purl.obolibrary.org/obo/UBERON_0001594,azygos vein,http://purl.obolibrary.org/obo/UBERON_0001062,1,orcid:0000-0002-7500-8096|orcid:0000-0001-8314-2140,orcid:0000-0002-7500-8096,2025-06-05,semapv:MappingReview
http://id.nlm.nih.gov/mesh/M0002097,B-Lymphocytes,http://id.nlm.nih.gov/mesh/vocab#Concept,skos:exactMatch,http://purl.obolibrary.org/obo/CL_0000236,B cell,http://purl.obolibrary.org/obo/CL_0000000,1,orcid:0000-0002-7500-8096|orcid:0000-0001-8314-2140,orcid:0000-0002-7500-8096,2025-06-05,semapv:MappingReview
http://id.nlm.nih.gov/mesh/M0002187,Bartholin's Glands,http://id.nlm.nih.gov/mesh/vocab#Concept,skos:exactMatch,http://purl.obolibrary.org/obo/UBERON_0000460,major vestibular gland,http://purl.obolibrary.org/obo/UBERON_0001062,1,orcid:0000-0002-7500-8096|orcid:0000-0001-8314-2140,orcid:0000-0002-7500-8096,2025-06-05,semapv:MappingReview
http://id.nlm.nih.gov/mesh/M0002196,Basal Ganglia,http://id.nlm.nih.gov/mesh/vocab#Concept,skos:exactMatch,http://purl.obolibrary.org/obo/UBERON_0002420,basal ganglion,http://purl.obolibrary.org/obo/UBERON_0001062,1,orcid:0000-0002-7500-8096,orcid:0000-0002-7500-8096,2025-06-05,semapv:MappingReview
http://id.nlm.nih.gov/mesh/M0002196,Basal Ganglia,http://id.nlm.nih.gov/mesh/vocab#Concept,skos:exactMatch,http://purl.obolibrary.org/obo/UBERON_0010011,collection of basal ganglia,http://purl.obolibrary.org/obo/UBERON_0001062,1,orcid:0000-0002-7500-8096|orcid:0000-0001-8314-2140,orcid:0000-0002-7500-8096,2025-06-05,semapv:MappingReview
http://id.nlm.nih.gov/mesh/M0002197,Claustrum,http://id.nlm.nih.gov/mesh/vocab#Concept,skos:exactMatch,http://purl.obolibrary.org/obo/UBERON_0002023,claustrum of brain,http://purl.obolibrary.org/obo/UBERON_0001062,1,orcid:0000-0002-7500-8096|orcid:0000-0001-8314-2140,orcid:0000-0002-7500-8096,2025-06-05,semapv:MappingReview
http://id.nlm.nih.gov/mesh/M0002218,Basilar Artery,http://id.nlm.nih.gov/mesh/vocab#Concept,skos:exactMatch,http://purl.obolibrary.org/obo/UBERON_0001633,basilar artery,http://purl.obolibrary.org/obo/UBERON_0001062,1,orcid:0000-0002-7500-8096|orcid:0000-0001-8314-2140,orcid:0000-0002-7500-8096,2025-06-05,semapv:MappingReview
http://id.nlm.nih.gov/mesh/M0002222,Basophils,http://id.nlm.nih.gov/mesh/vocab#Concept,skos:exactMatch,http://purl.obolibrary.org/obo/CL_0000767,basophil,http://purl.obolibrary.org/obo/CL_0000000,1,orcid:0000-0002-7500-8096|orcid:0000-0001-8314-2140,orcid:0000-0002-7500-8096,2025-06-05,semapv:MappingReview
http://id.nlm.nih.gov/mesh/M0002477,Bile Canaliculi,http://id.nlm.nih.gov/mesh/vocab#Concept,skos:exactMatch,http://purl.obolibrary.org/obo/UBERON_0001283,bile canaliculus,http://purl.obolibrary.org/obo/UBERON_0001062,1,orcid:0000-0002-7500-8096|orcid:0000-0001-8314-2140,orcid:0000-0002-7500-8096,2025-06-05,semapv:MappingReview
http://id.nlm.nih.gov/mesh/M0002482,Bile Ducts,http://id.nlm.nih.gov/mesh/vocab#Concept,skos:exactMatch,http://purl.obolibrary.org/obo/UBERON_0002394,bile duct,http://purl.obolibrary.org/obo/UBERON_0001062,1,orcid:0000-0002-7500-8096|orcid:0000-0001-8314-2140,orcid:0000-0002-7500-8096,2025-06-05,semapv:MappingReview
http://id.nlm.nih.gov/mesh/M0002483,"Bile Ducts, Intrahepatic",http://id.nlm.nih.gov/mesh/vocab#Concept,skos:exactMatch,http://purl.obolibrary.org/obo/UBERON_0003704,intrahepatic bile duct,http://purl.obolibrary.org/obo/UBERON_0001062,1,orcid:0000-0002-7500-8096|orcid:0000-0001-8314-2140,orcid:0000-0002-7500-8096,2025-06-05,semapv:MappingReview
http://id.nlm.nih.gov/mesh/M0002490,Biliary Tract,http://id.nlm.nih.gov/mesh/vocab#Concept,skos:exactMatch,http://purl.obolibrary.org/obo/UBERON_0002294,biliary system,http://purl.obolibrary.org/obo/UBERON_0001062,1,orcid:0000-0002-7500-8096|orcid:0000-0001-8314-2140,orcid:0000-0002-7500-8096,2025-06-05,semapv:MappingReview
http://id.nlm.nih.gov/mesh/M0002628,Urinary Bladder,http://id.nlm.nih.gov/mesh/vocab#Concept,skos:exactMatch,http://purl.obolibrary.org/obo/UBERON_0001255,urinary bladder,http://purl.obolibrary.org/obo/UBERON_0001062,1,orcid:0000-0002-7500-8096|orcid:0000-0001-8314-2140,orcid:0000-0002-7500-8096,2025-06-05,semapv:MappingReview
http://id.nlm.nih.gov/mesh/M0002669,Blood,http://id.nlm.nih.gov/mesh/vocab#Concept,skos:exactMatch,http://purl.obolibrary.org/obo/UBERON_0000178,blood,http://purl.obolibrary.org/obo/UBERON_0001062,1,orcid:0000-0002-7500-8096|orcid:0000-0001-8314-2140,orcid:0000-0002-7500-8096,2025-06-05,semapv:MappingReview
http://id.nlm.nih.gov/mesh/M0002677,Blood Cells,http://id.nlm.nih.gov/mesh/vocab#Concept,skos:exactMatch,http://purl.obolibrary.org/obo/CL_0000081,blood cell,http://purl.obolibrary.org/obo/CL_0000000,1,orcid:0000-0002-7500-8096|orcid:0000-0001-8314-2140,orcid:0000-0002-7500-8096,2025-06-05,semapv:MappingReview
http://id.nlm.nih.gov/mesh/M0002704,Blood Platelets,http://id.nlm.nih.gov/mesh/vocab#Concept,skos:exactMatch,http://purl.obolibrary.org/obo/CL_0000233,platelet,http://purl.obolibrary.org/obo/CL_0000000,1,orcid:0000-0002-7500-8096|orcid:0000-0001-8314-2140,orcid:0000-0002-7500-8096,2025-06-05,semapv:MappingReview
http://id.nlm.nih.gov/mesh/M0002726,Blood Vessels,http://id.nlm.nih.gov/mesh/vocab#Concept,skos:exactMatch,http://purl.obolibrary.org/obo/UBERON_0001981,blood vessel,http://purl.obolibrary.org/obo/UBERON_0001062,1,orcid:0000-0002-7500-8096|orcid:0000-0001-8314-2140,orcid:0000-0002-7500-8096,2025-06-05,semapv:MappingReview
http://id.nlm.nih.gov/mesh/M0002730,Blood-Brain Barrier,http://id.nlm.nih.gov/mesh/vocab#Concept,skos:exactMatch,http://purl.obolibrary.org/obo/UBERON_0000120,blood brain barrier,http://purl.obolibrary.org/obo/UBERON_0001062,1,orcid:0000-0002-7500-8096|orcid:0000-0001-8314-2140,orcid:0000-0002-7500-8096,2025-06-05,semapv:MappingReview
http://id.nlm.nih.gov/mesh/M0002730,Blood-Brain Barrier,http://id.nlm.nih.gov/mesh/vocab#Concept,skos:exactMatch,http://purl.obolibrary.org/obo/UBERON_0000201,endothelial blood brain barrier,http://purl.obolibrary.org/obo/UBERON_0001062,1,orcid:0000-0002-7500-8096,orcid:0000-0002-7500-8096,2025-06-05,semapv:MappingReview
http://id.nlm.nih.gov/mesh/M0002731,Blood-Retinal Barrier,http://id.nlm.nih.gov/mesh/vocab#Concept,skos:exactMatch,http://purl.obolibrary.org/obo/UBERON_0001788,outer limiting layer of retina,http://purl.obolibrary.org/obo/UBERON_0001062,1,orcid:0000-0002-7500-8096|orcid:0000-0001-8314-2140,orcid:0000-0002-7500-8096,2025-06-05,semapv:MappingReview
http://id.nlm.nih.gov/mesh/M0002732,Blood-Testis Barrier,http://id.nlm.nih.gov/mesh/vocab#Concept,skos:exactMatch,http://purl.obolibrary.org/obo/UBERON_0036185,Sertoli cell barrier,http://purl.obolibrary.org/obo/UBERON_0001062,1,orcid:0000-0002-7500-8096|orcid:0000-0001-8314-2140,orcid:0000-0002-7500-8096,2025-06-05,semapv:MappingReview
http://id.nlm.nih.gov/mesh/M0002767,Bone and Bones,http://id.nlm.nih.gov/mesh/vocab#Concept,skos:exactMatch,http://purl.obolibrary.org/obo/UBERON_0002481,bone tissue,http://purl.obolibrary.org/obo/UBERON_0001062,1,orcid:0000-0002-7500-8096|orcid:0000-0001-8314-2140,orcid:0000-0002-7500-8096,2025-06-05,semapv:MappingReview
http://id.nlm.nih.gov/mesh/M0002783,Bone Marrow,http://id.nlm.nih.gov/mesh/vocab#Concept,skos:exactMatch,http://purl.obolibrary.org/obo/UBERON_0002371,bone marrow,http://purl.obolibrary.org/obo/UBERON_0001062,1,orcid:0000-0002-7500-8096|orcid:0000-0001-8314-2140,orcid:0000-0002-7500-8096,2025-06-05,semapv:MappingReview
http://id.nlm.nih.gov/mesh/M0002787,Bone Marrow Cells,http://id.nlm.nih.gov/mesh/vocab#Concept,skos:exactMatch,http://purl.obolibrary.org/obo/CL_0002092,bone marrow cell,http://purl.obolibrary.org/obo/CL_0000000,1,orcid:0000-0002-7500-8096|orcid:0000-0001-8314-2140,orcid:0000-0002-7500-8096,2025-06-05,semapv:MappingReview
http://id.nlm.nih.gov/mesh/M0002855,Brachial Artery,http://id.nlm.nih.gov/mesh/vocab#Concept,skos:exactMatch,http://purl.obolibrary.org/obo/UBERON_0001398,brachial artery,http://purl.obolibrary.org/obo/UBERON_0001062,1,orcid:0000-0002-7500-8096|orcid:0000-0001-8314-2140,orcid:0000-0002-7500-8096,2025-06-05,semapv:MappingReview
http://id.nlm.nih.gov/mesh/M0002856,Brachial Plexus,http://id.nlm.nih.gov/mesh/vocab#Concept,skos:exactMatch,http://purl.obolibrary.org/obo/UBERON_0001814,brachial nerve plexus,http://purl.obolibrary.org/obo/UBERON_0001062,1,orcid:0000-0002-7500-8096|orcid:0000-0001-8314-2140,orcid:0000-0002-7500-8096,2025-06-05,semapv:MappingReview
http://id.nlm.nih.gov/mesh/M0002865,Brain,http://id.nlm.nih.gov/mesh/vocab#Concept,skos:exactMatch,http://purl.obolibrary.org/obo/UBERON_0000955,brain,http://purl.obolibrary.org/obo/UBERON_0001062,1,orcid:0000-0002-7500-8096|orcid:0000-0001-8314-2140,orcid:0000-0002-7500-8096,2025-06-05,semapv:MappingReview
http://id.nlm.nih.gov/mesh/M0002866,Cerebrum,http://id.nlm.nih.gov/mesh/vocab#Concept,skos:exactMatch,http://purl.obolibrary.org/obo/UBERON_0001869,cerebral hemisphere,http://purl.obolibrary.org/obo/UBERON_0001062,1,orcid:0000-0002-7500-8096|orcid:0000-0001-8314-2140,orcid:0000-0002-7500-8096,2025-06-05,semapv:MappingReview
http://id.nlm.nih.gov/mesh/M0002886,Brain Stem,http://id.nlm.nih.gov/mesh/vocab#Concept,skos:exactMatch,http://purl.obolibrary.org/obo/UBERON_0002298,brainstem,http://purl.obolibrary.org/obo/UBERON_0001062,1,orcid:0000-0002-7500-8096|orcid:0000-0001-8314-2140,orcid:0000-0002-7500-8096,2025-06-05,semapv:MappingReview
http://id.nlm.nih.gov/mesh/M0002904,Breast,http://id.nlm.nih.gov/mesh/vocab#Concept,skos:exactMatch,http://purl.obolibrary.org/obo/UBERON_0000310,breast,http://purl.obolibrary.org/obo/UBERON_0001062,1,orcid:0000-0002-7500-8096|orcid:0000-0001-8314-2140,orcid:0000-0002-7500-8096,2025-06-05,semapv:MappingReview
http://id.nlm.nih.gov/mesh/M0002925,Broad Ligament,http://id.nlm.nih.gov/mesh/vocab#Concept,skos:exactMatch,http://purl.obolibrary.org/obo/UBERON_0012332,broad ligament of uterus,http://purl.obolibrary.org/obo/UBERON_0001062,1,orcid:0000-0002-7500-8096|orcid:0000-0001-8314-2140,orcid:0000-0002-7500-8096,2025-06-05,semapv:MappingReview
http://id.nlm.nih.gov/mesh/M0002960,Bronchi,http://id.nlm.nih.gov/mesh/vocab#Concept,skos:exactMatch,http://purl.obolibrary.org/obo/UBERON_0002185,bronchus,http://purl.obolibrary.org/obo/UBERON_0001062,1,orcid:0000-0002-7500-8096|orcid:0000-0001-8314-2140,orcid:0000-0002-7500-8096,2025-06-05,semapv:MappingReview
http://id.nlm.nih.gov/mesh/M0002961,Bronchioles,http://id.nlm.nih.gov/mesh/vocab#Concept,skos:exactMatch,http://purl.obolibrary.org/obo/UBERON_0002186,bronchiole,http://purl.obolibrary.org/obo/UBERON_0001062,1,orcid:0000-0002-7500-8096|orcid:0000-0001-8314-2140,orcid:0000-0002-7500-8096,2025-06-05,semapv:MappingReview
http://id.nlm.nih.gov/mesh/M0002962,Bronchial Arteries,http://id.nlm.nih.gov/mesh/vocab#Concept,skos:exactMatch,http://purl.obolibrary.org/obo/UBERON_0002040,bronchial artery,http://purl.obolibrary.org/obo/UBERON_0001062,1,orcid:0000-0002-7500-8096|orcid:0000-0001-8314-2140,orcid:0000-0002-7500-8096,2025-06-05,semapv:MappingReview
http://id.nlm.nih.gov/mesh/M0002984,"Adipose Tissue, Brown",http://id.nlm.nih.gov/mesh/vocab#Concept,skos:exactMatch,http://purl.obolibrary.org/obo/UBERON_0001348,brown adipose tissue,http://purl.obolibrary.org/obo/UBERON_0001062,1,orcid:0000-0002-7500-8096|orcid:0000-0001-8314-2140,orcid:0000-0002-7500-8096,2025-06-05,semapv:MappingReview
http://id.nlm.nih.gov/mesh/M0002993,Brunner Glands,http://id.nlm.nih.gov/mesh/vocab#Concept,skos:exactMatch,http://purl.obolibrary.org/obo/UBERON_0001212,duodenal gland,http://purl.obolibrary.org/obo/UBERON_0001062,1,orcid:0000-0002-7500-8096|orcid:0000-0001-8314-2140,orcid:0000-0002-7500-8096,2025-06-05,semapv:MappingReview
http://id.nlm.nih.gov/mesh/M0003019,Bulbourethral Glands,http://id.nlm.nih.gov/mesh/vocab#Concept,skos:exactMatch,http://purl.obolibrary.org/obo/UBERON_0002366,bulbo-urethral gland,http://purl.obolibrary.org/obo/UBERON_0001062,1,orcid:0000-0002-7500-8096|orcid:0000-0001-8314-2140,orcid:0000-0002-7500-8096,2025-06-05,semapv:MappingReview
http://id.nlm.nih.gov/mesh/M0003026,Bundle of His,http://id.nlm.nih.gov/mesh/vocab#Concept,skos:exactMatch,http://purl.obolibrary.org/obo/UBERON_0002353,bundle of His,http://purl.obolibrary.org/obo/UBERON_0001062,1,orcid:0000-0002-7500-8096|orcid:0000-0001-8314-2140,orcid:0000-0002-7500-8096,2025-06-05,semapv:MappingReview
http://id.nlm.nih.gov/mesh/M0003068,Bursa of Fabricius,http://id.nlm.nih.gov/mesh/vocab#Concept,skos:exactMatch,http://purl.obolibrary.org/obo/UBERON_0003903,bursa of Fabricius,http://purl.obolibrary.org/obo/UBERON_0001062,1,orcid:0000-0002-7500-8096|orcid:0000-0001-8314-2140,orcid:0000-0002-7500-8096,2025-06-05,semapv:MappingReview
http://id.nlm.nih.gov/mesh/M0003069,"Bursa, Synovial",http://id.nlm.nih.gov/mesh/vocab#Concept,skos:exactMatch,http://purl.obolibrary.org/obo/UBERON_0003668,synovial bursa,http://purl.obolibrary.org/obo/UBERON_0001062,1,orcid:0000-0002-7500-8096|orcid:0000-0001-8314-2140,orcid:0000-0002-7500-8096,2025-06-05,semapv:MappingReview
http://id.nlm.nih.gov/mesh/M0003140,Calcaneus,http://id.nlm.nih.gov/mesh/vocab#Concept,skos:exactMatch,http://purl.obolibrary.org/obo/UBERON_0001450,calcaneus,http://purl.obolibrary.org/obo/UBERON_0001062,1,orcid:0000-0002-7500-8096|orcid:0000-0001-8314-2140,orcid:0000-0002-7500-8096,2025-06-05,semapv:MappingReview
http://id.nlm.nih.gov/mesh/M0003289,Capillaries,http://id.nlm.nih.gov/mesh/vocab#Concept,skos:exactMatch,http://purl.obolibrary.org/obo/UBERON_0001982,capillary,http://purl.obolibrary.org/obo/UBERON_0001062,1,orcid:0000-0002-7500-8096|orcid:0000-0001-8314-2140,orcid:0000-0002-7500-8096,2025-06-05,semapv:MappingReview
http://id.nlm.nih.gov/mesh/M0003449,Cardia,http://id.nlm.nih.gov/mesh/vocab#Concept,skos:exactMatch,http://purl.obolibrary.org/obo/UBERON_0001162,cardia of stomach,http://purl.obolibrary.org/obo/UBERON_0001062,1,orcid:0000-0002-7500-8096|orcid:0000-0001-8314-2140,orcid:0000-0002-7500-8096,2025-06-05,semapv:MappingReview
http://id.nlm.nih.gov/mesh/M0003475,Cardiovascular System,http://id.nlm.nih.gov/mesh/vocab#Concept,skos:exactMatch,http://purl.obolibrary.org/obo/UBERON_0004535,cardiovascular system,http://purl.obolibrary.org/obo/UBERON_0001062,1,orcid:0000-0002-7500-8096|orcid:0000-0001-8314-2140,orcid:0000-0002-7500-8096,2025-06-05,semapv:MappingReview
http://id.nlm.nih.gov/mesh/M0003539,Carotid Arteries,http://id.nlm.nih.gov/mesh/vocab#Concept,skos:exactMatch,http://purl.obolibrary.org/obo/UBERON_0005396,carotid artery segment,http://purl.obolibrary.org/obo/UBERON_0001062,1,orcid:0000-0002-7500-8096|orcid:0000-0001-8314-2140,orcid:0000-0002-7500-8096,2025-06-05,semapv:MappingReview
http://id.nlm.nih.gov/mesh/M0003544,"Carotid Artery, External",http://id.nlm.nih.gov/mesh/vocab#Concept,skos:exactMatch,http://purl.obolibrary.org/obo/UBERON_0001070,external carotid artery,http://purl.obolibrary.org/obo/UBERON_0001062,1,orcid:0000-0002-7500-8096|orcid:0000-0001-8314-2140,orcid:0000-0002-7500-8096,2025-06-05,semapv:MappingReview
http://id.nlm.nih.gov/mesh/M0003545,"Carotid Artery, Internal",http://id.nlm.nih.gov/mesh/vocab#Concept,skos:exactMatch,http://purl.obolibrary.org/obo/UBERON_0001532,internal carotid artery,http://purl.obolibrary.org/obo/UBERON_0001062,1,orcid:0000-0002-7500-8096|orcid:0000-0001-8314-2140,orcid:0000-0002-7500-8096,2025-06-05,semapv:MappingReview
http://id.nlm.nih.gov/mesh/M0003546,Carotid Body,http://id.nlm.nih.gov/mesh/vocab#Concept,skos:exactMatch,http://purl.obolibrary.org/obo/UBERON_0001629,carotid body,http://purl.obolibrary.org/obo/UBERON_0001062,1,orcid:0000-0002-7500-8096|orcid:0000-0001-8314-2140,orcid:0000-0002-7500-8096,2025-06-05,semapv:MappingReview
http://id.nlm.nih.gov/mesh/M0003548,Carotid Sinus,http://id.nlm.nih.gov/mesh/vocab#Concept,skos:exactMatch,http://purl.obolibrary.org/obo/UBERON_0003708,carotid sinus,http://purl.obolibrary.org/obo/UBERON_0001062,1,orcid:0000-0002-7500-8096|orcid:0000-0001-8314-2140,orcid:0000-0002-7500-8096,2025-06-05,semapv:MappingReview
http://id.nlm.nih.gov/mesh/M0003552,Carpal Bones,http://id.nlm.nih.gov/mesh/vocab#Concept,skos:exactMatch,http://purl.obolibrary.org/obo/UBERON_0001435,carpal bone,http://purl.obolibrary.org/obo/UBERON_0001062,1,orcid:0000-0002-7500-8096|orcid:0000-0001-8314-2140,orcid:0000-0002-7500-8096,2025-06-05,semapv:MappingReview
http://id.nlm.nih.gov/mesh/M0003567,Cartilage,http://id.nlm.nih.gov/mesh/vocab#Concept,skos:exactMatch,http://purl.obolibrary.org/obo/UBERON_0002418,cartilage tissue,http://purl.obolibrary.org/obo/UBERON_0001062,1,orcid:0000-0002-7500-8096|orcid:0000-0001-8314-2140,orcid:0000-0002-7500-8096,2025-06-05,semapv:MappingReview
http://id.nlm.nih.gov/mesh/M0003569,"Cartilage, Articular",http://id.nlm.nih.gov/mesh/vocab#Concept,skos:exactMatch,http://purl.obolibrary.org/obo/UBERON_0010996,articular cartilage of joint,http://purl.obolibrary.org/obo/UBERON_0001062,1,orcid:0000-0002-7500-8096|orcid:0000-0001-8314-2140,orcid:0000-0002-7500-8096,2025-06-05,semapv:MappingReview
http://id.nlm.nih.gov/mesh/M0003689,Cauda Equina,http://id.nlm.nih.gov/mesh/vocab#Concept,skos:exactMatch,http://purl.obolibrary.org/obo/UBERON_0012337,cauda equina,http://purl.obolibrary.org/obo/UBERON_0001062,1,orcid:0000-0002-7500-8096|orcid:0000-0001-8314-2140,orcid:0000-0002-7500-8096,2025-06-05,semapv:MappingReview
http://id.nlm.nih.gov/mesh/M0003691,Caudate Nucleus,http://id.nlm.nih.gov/mesh/vocab#Concept,skos:exactMatch,http://purl.obolibrary.org/obo/UBERON_0001873,caudate nucleus,http://purl.obolibrary.org/obo/UBERON_0001062,1,orcid:0000-0002-7500-8096|orcid:0000-0001-8314-2140,orcid:0000-0002-7500-8096,2025-06-05,semapv:MappingReview
http://id.nlm.nih.gov/mesh/M0003697,Cavernous Sinus,http://id.nlm.nih.gov/mesh/vocab#Concept,skos:exactMatch,http://purl.obolibrary.org/obo/UBERON_0003712,cavernous sinus,http://purl.obolibrary.org/obo/UBERON_0001062,1,orcid:0000-0002-7500-8096|orcid:0000-0001-8314-2140,orcid:0000-0002-7500-8096,2025-06-05,semapv:MappingReview
http://id.nlm.nih.gov/mesh/M0003712,Cecum,http://id.nlm.nih.gov/mesh/vocab#Concept,skos:exactMatch,http://purl.obolibrary.org/obo/UBERON_0001153,caecum,http://purl.obolibrary.org/obo/UBERON_0001062,1,orcid:0000-0002-7500-8096|orcid:0000-0001-8314-2140,orcid:0000-0002-7500-8096,2025-06-05,semapv:MappingReview
http://id.nlm.nih.gov/mesh/M0003735,Celiac Artery,http://id.nlm.nih.gov/mesh/vocab#Concept,skos:exactMatch,http://purl.obolibrary.org/obo/UBERON_0001640,celiac artery,http://purl.obolibrary.org/obo/UBERON_0001062,1,orcid:0000-0002-7500-8096|orcid:0000-0001-8314-2140,orcid:0000-0002-7500-8096,2025-06-05,semapv:MappingReview
http://id.nlm.nih.gov/mesh/M0003739,Celiac Plexus,http://id.nlm.nih.gov/mesh/vocab#Concept,skos:exactMatch,http://purl.obolibrary.org/obo/UBERON_0002010,celiac nerve plexus,http://purl.obolibrary.org/obo/UBERON_0001062,1,orcid:0000-0002-7500-8096|orcid:0000-0001-8314-2140,orcid:0000-0002-7500-8096,2025-06-05,semapv:MappingReview
http://id.nlm.nih.gov/mesh/M0003801,Central Nervous System,http://id.nlm.nih.gov/mesh/vocab#Concept,skos:exactMatch,http://purl.obolibrary.org/obo/UBERON_0001017,central nervous system,http://purl.obolibrary.org/obo/UBERON_0001062,1,orcid:0000-0002-7500-8096|orcid:0000-0001-8314-2140,orcid:0000-0002-7500-8096,2025-06-05,semapv:MappingReview
http://id.nlm.nih.gov/mesh/M0003857,Cerebellar Cortex,http://id.nlm.nih.gov/mesh/vocab#Concept,skos:exactMatch,http://purl.obolibrary.org/obo/UBERON_0002129,cerebellar cortex,http://purl.obolibrary.org/obo/UBERON_0001062,1,orcid:0000-0002-7500-8096|orcid:0000-0001-8314-2140,orcid:0000-0002-7500-8096,2025-06-05,semapv:MappingReview
http://id.nlm.nih.gov/mesh/M0003861,Cerebellar Nuclei,http://id.nlm.nih.gov/mesh/vocab#Concept,skos:exactMatch,http://purl.obolibrary.org/obo/UBERON_0002130,cerebellar nuclear complex,http://purl.obolibrary.org/obo/UBERON_0001062,1,orcid:0000-0002-7500-8096|orcid:0000-0001-8314-2140,orcid:0000-0002-7500-8096,2025-06-05,semapv:MappingReview
http://id.nlm.nih.gov/mesh/M0003866,Cerebellopontine Angle,http://id.nlm.nih.gov/mesh/vocab#Concept,skos:exactMatch,http://purl.obolibrary.org/obo/UBERON_0014908,cerebellopontine angle,http://purl.obolibrary.org/obo/UBERON_0001062,1,orcid:0000-0002-7500-8096|orcid:0000-0001-8314-2140,orcid:0000-0002-7500-8096,2025-06-05,semapv:MappingReview
http://id.nlm.nih.gov/mesh/M0003867,Cerebellum,http://id.nlm.nih.gov/mesh/vocab#Concept,skos:exactMatch,http://purl.obolibrary.org/obo/UBERON_0002037,cerebellum,http://purl.obolibrary.org/obo/UBERON_0001062,1,orcid:0000-0002-7500-8096|orcid:0000-0001-8314-2140,orcid:0000-0002-7500-8096,2025-06-05,semapv:MappingReview
http://id.nlm.nih.gov/mesh/M0003873,Cerebral Aqueduct,http://id.nlm.nih.gov/mesh/vocab#Concept,skos:exactMatch,http://purl.obolibrary.org/obo/UBERON_0002289,midbrain cerebral aqueduct,http://purl.obolibrary.org/obo/UBERON_0001062,1,orcid:0000-0002-7500-8096|orcid:0000-0001-8314-2140,orcid:0000-0002-7500-8096,2025-06-05,semapv:MappingReview
http://id.nlm.nih.gov/mesh/M0003874,Cerebral Arteries,http://id.nlm.nih.gov/mesh/vocab#Concept,skos:exactMatch,http://purl.obolibrary.org/obo/UBERON_0004449,cerebral artery,http://purl.obolibrary.org/obo/UBERON_0001062,1,orcid:0000-0002-7500-8096|orcid:0000-0001-8314-2140,orcid:0000-0002-7500-8096,2025-06-05,semapv:MappingReview
http://id.nlm.nih.gov/mesh/M0003878,Cerebral Cortex,http://id.nlm.nih.gov/mesh/vocab#Concept,skos:exactMatch,http://purl.obolibrary.org/obo/UBERON_0000956,cerebral cortex,http://purl.obolibrary.org/obo/UBERON_0001062,1,orcid:0000-0002-7500-8096|orcid:0000-0001-8314-2140,orcid:0000-0002-7500-8096,2025-06-05,semapv:MappingReview
http://id.nlm.nih.gov/mesh/M0003879,Insular Cortex,http://id.nlm.nih.gov/mesh/vocab#Concept,skos:exactMatch,http://purl.obolibrary.org/obo/UBERON_0034891,insular cortex,http://purl.obolibrary.org/obo/UBERON_0001062,1,orcid:0000-0002-7500-8096|orcid:0000-0001-8314-2140,orcid:0000-0002-7500-8096,2025-06-05,semapv:MappingReview
http://id.nlm.nih.gov/mesh/M0003897,Cerebral Veins,http://id.nlm.nih.gov/mesh/vocab#Concept,skos:exactMatch,http://purl.obolibrary.org/obo/UBERON_0001663,cerebral vein,http://purl.obolibrary.org/obo/UBERON_0001062,1,orcid:0000-0002-7500-8096|orcid:0000-0001-8314-2140,orcid:0000-0002-7500-8096,2025-06-05,semapv:MappingReview
http://id.nlm.nih.gov/mesh/M0003903,Cerebral Ventricles,http://id.nlm.nih.gov/mesh/vocab#Concept,skos:exactMatch,http://purl.obolibrary.org/obo/UBERON_0004086,brain ventricle,http://purl.obolibrary.org/obo/UBERON_0001062,1,orcid:0000-0002-7500-8096|orcid:0000-0001-8314-2140,orcid:0000-0002-7500-8096,2025-06-05,semapv:MappingReview
http://id.nlm.nih.gov/mesh/M0003929,Cervical Plexus,http://id.nlm.nih.gov/mesh/vocab#Concept,skos:exactMatch,http://purl.obolibrary.org/obo/UBERON_0003725,cervical nerve plexus,http://purl.obolibrary.org/obo/UBERON_0001062,1,orcid:0000-0002-7500-8096|orcid:0000-0001-8314-2140,orcid:0000-0002-7500-8096,2025-06-05,semapv:MappingReview
http://id.nlm.nih.gov/mesh/M0003931,Cervical Vertebrae,http://id.nlm.nih.gov/mesh/vocab#Concept,skos:exactMatch,http://purl.obolibrary.org/obo/UBERON_0002413,cervical vertebra,http://purl.obolibrary.org/obo/UBERON_0001062,1,orcid:0000-0002-7500-8096|orcid:0000-0001-8314-2140,orcid:0000-0002-7500-8096,2025-06-05,semapv:MappingReview
http://id.nlm.nih.gov/mesh/M0003947,Cervix Uteri,http://id.nlm.nih.gov/mesh/vocab#Concept,skos:exactMatch,http://purl.obolibrary.org/obo/UBERON_0000002,uterine cervix,http://purl.obolibrary.org/obo/UBERON_0001062,1,orcid:0000-0002-7500-8096|orcid:0000-0001-8314-2140,orcid:0000-0002-7500-8096,2025-06-05,semapv:MappingReview
http://id.nlm.nih.gov/mesh/M0004020,Chemoreceptor Cells,http://id.nlm.nih.gov/mesh/vocab#Concept,skos:exactMatch,http://purl.obolibrary.org/obo/CL_0000206,chemoreceptor cell,http://purl.obolibrary.org/obo/CL_0000000,1,orcid:0000-0002-7500-8096|orcid:0000-0001-8314-2140,orcid:0000-0002-7500-8096,2025-06-05,semapv:MappingReview
http://id.nlm.nih.gov/mesh/M0004089,Chin,http://id.nlm.nih.gov/mesh/vocab#Concept,skos:exactMatch,http://purl.obolibrary.org/obo/UBERON_0008199,chin,http://purl.obolibrary.org/obo/UBERON_0001062,1,orcid:0000-0002-7500-8096|orcid:0000-0001-8314-2140,orcid:0000-0002-7500-8096,2025-06-05,semapv:MappingReview
http://id.nlm.nih.gov/mesh/M0004330,Chorda Tympani Nerve,http://id.nlm.nih.gov/mesh/vocab#Concept,skos:exactMatch,http://purl.obolibrary.org/obo/UBERON_0009675,chorda tympani branch of facial nerve,http://purl.obolibrary.org/obo/UBERON_0001062,1,orcid:0000-0002-7500-8096|orcid:0000-0001-8314-2140,orcid:0000-0002-7500-8096,2025-06-05,semapv:MappingReview
http://id.nlm.nih.gov/mesh/M0004331,Chordae Tendineae,http://id.nlm.nih.gov/mesh/vocab#Concept,skos:exactMatch,http://purl.obolibrary.org/obo/UBERON_0005994,chorda tendineae,http://purl.obolibrary.org/obo/UBERON_0001062,1,orcid:0000-0002-7500-8096,orcid:0000-0002-7500-8096,2025-06-05,semapv:MappingReview
http://id.nlm.nih.gov/mesh/M0004341,Chorionic Villi,http://id.nlm.nih.gov/mesh/vocab#Concept,skos:exactMatch,http://purl.obolibrary.org/obo/UBERON_0007106,chorionic villus,http://purl.obolibrary.org/obo/UBERON_0001062,1,orcid:0000-0002-7500-8096|orcid:0000-0001-8314-2140,orcid:0000-0002-7500-8096,2025-06-05,semapv:MappingReview
http://id.nlm.nih.gov/mesh/M0004346,Choroid,http://id.nlm.nih.gov/mesh/vocab#Concept,skos:exactMatch,http://purl.obolibrary.org/obo/UBERON_0001776,optic choroid,http://purl.obolibrary.org/obo/UBERON_0001062,1,orcid:0000-0002-7500-8096|orcid:0000-0001-8314-2140,orcid:0000-0002-7500-8096,2025-06-05,semapv:MappingReview
http://id.nlm.nih.gov/mesh/M0004348,Choroid Plexus,http://id.nlm.nih.gov/mesh/vocab#Concept,skos:exactMatch,http://purl.obolibrary.org/obo/UBERON_0001886,choroid plexus,http://purl.obolibrary.org/obo/UBERON_0001062,1,orcid:0000-0002-7500-8096|orcid:0000-0001-8314-2140,orcid:0000-0002-7500-8096,2025-06-05,semapv:MappingReview
http://id.nlm.nih.gov/mesh/M0004454,Chyle,http://id.nlm.nih.gov/mesh/vocab#Concept,skos:exactMatch,http://purl.obolibrary.org/obo/UBERON_0000911,chyle,http://purl.obolibrary.org/obo/UBERON_0001062,1,orcid:0000-0002-7500-8096|orcid:0000-0001-8314-2140,orcid:0000-0002-7500-8096,2025-06-05,semapv:MappingReview
http://id.nlm.nih.gov/mesh/M0004476,Ciliary Body,http://id.nlm.nih.gov/mesh/vocab#Concept,skos:exactMatch,http://purl.obolibrary.org/obo/UBERON_0001775,ciliary body,http://purl.obolibrary.org/obo/UBERON_0001062,1,orcid:0000-0002-7500-8096|orcid:0000-0001-8314-2140,orcid:0000-0002-7500-8096,2025-06-05,semapv:MappingReview
http://id.nlm.nih.gov/mesh/M0004501,Circle of Willis,http://id.nlm.nih.gov/mesh/vocab#Concept,skos:exactMatch,http://purl.obolibrary.org/obo/UBERON_0003709,circle of Willis,http://purl.obolibrary.org/obo/UBERON_0001062,1,orcid:0000-0002-7500-8096|orcid:0000-0001-8314-2140,orcid:0000-0002-7500-8096,2025-06-05,semapv:MappingReview
http://id.nlm.nih.gov/mesh/M0004510,Cisterna Magna,http://id.nlm.nih.gov/mesh/vocab#Concept,skos:exactMatch,http://purl.obolibrary.org/obo/UBERON_0004049,cerebellomedullary cistern,http://purl.obolibrary.org/obo/UBERON_0001062,1,orcid:0000-0002-7500-8096|orcid:0000-0001-8314-2140,orcid:0000-0002-7500-8096,2025-06-05,semapv:MappingReview
http://id.nlm.nih.gov/mesh/M0004545,Clavicle,http://id.nlm.nih.gov/mesh/vocab#Concept,skos:exactMatch,http://purl.obolibrary.org/obo/UBERON_0001105,clavicle bone,http://purl.obolibrary.org/obo/UBERON_0001062,1,orcid:0000-0002-7500-8096|orcid:0000-0001-8314-2140,orcid:0000-0002-7500-8096,2025-06-05,semapv:MappingReview
http://id.nlm.nih.gov/mesh/M0004573,Clitoris,http://id.nlm.nih.gov/mesh/vocab#Concept,skos:exactMatch,http://purl.obolibrary.org/obo/UBERON_0002411,clitoris,http://purl.obolibrary.org/obo/UBERON_0001062,1,orcid:0000-0002-7500-8096|orcid:0000-0001-8314-2140,orcid:0000-0002-7500-8096,2025-06-05,semapv:MappingReview
http://id.nlm.nih.gov/mesh/M0004681,Coccyx,http://id.nlm.nih.gov/mesh/vocab#Concept,skos:exactMatch,http://purl.obolibrary.org/obo/UBERON_0001350,coccyx,http://purl.obolibrary.org/obo/UBERON_0001062,1,orcid:0000-0002-7500-8096|orcid:0000-0001-8314-2140,orcid:0000-0002-7500-8096,2025-06-05,semapv:MappingReview
http://id.nlm.nih.gov/mesh/M0004688,Cochlear Nerve,http://id.nlm.nih.gov/mesh/vocab#Concept,skos:exactMatch,http://purl.obolibrary.org/obo/UBERON_0004727,cochlear nerve,http://purl.obolibrary.org/obo/UBERON_0001062,1,orcid:0000-0002-7500-8096|orcid:0000-0001-8314-2140,orcid:0000-0002-7500-8096,2025-06-05,semapv:MappingReview
http://id.nlm.nih.gov/mesh/M0004808,Colon,http://id.nlm.nih.gov/mesh/vocab#Concept,skos:exactMatch,http://purl.obolibrary.org/obo/UBERON_0001155,colon,http://purl.obolibrary.org/obo/UBERON_0001062,1,orcid:0000-0002-7500-8096|orcid:0000-0001-8314-2140,orcid:0000-0002-7500-8096,2025-06-05,semapv:MappingReview
http://id.nlm.nih.gov/mesh/M0004860,Common Bile Duct,http://id.nlm.nih.gov/mesh/vocab#Concept,skos:exactMatch,http://purl.obolibrary.org/obo/UBERON_0001174,common bile duct,http://purl.obolibrary.org/obo/UBERON_0001062,1,orcid:0000-0002-7500-8096|orcid:0000-0001-8314-2140,orcid:0000-0002-7500-8096,2025-06-05,semapv:MappingReview
http://id.nlm.nih.gov/mesh/M0005012,Conjunctiva,http://id.nlm.nih.gov/mesh/vocab#Concept,skos:exactMatch,http://purl.obolibrary.org/obo/UBERON_0001811,conjunctiva,http://purl.obolibrary.org/obo/UBERON_0001062,1,orcid:0000-0002-7500-8096|orcid:0000-0001-8314-2140,orcid:0000-0002-7500-8096,2025-06-05,semapv:MappingReview
http://id.nlm.nih.gov/mesh/M0005176,Cornea,http://id.nlm.nih.gov/mesh/vocab#Concept,skos:exactMatch,http://purl.obolibrary.org/obo/UBERON_0000964,cornea,http://purl.obolibrary.org/obo/UBERON_0001062,1,orcid:0000-0002-7500-8096|orcid:0000-0001-8314-2140,orcid:0000-0002-7500-8096,2025-06-05,semapv:MappingReview
http://id.nlm.nih.gov/mesh/M0005184,Corneal Stroma,http://id.nlm.nih.gov/mesh/vocab#Concept,skos:exactMatch,http://purl.obolibrary.org/obo/UBERON_0001777,substantia propria of cornea,http://purl.obolibrary.org/obo/UBERON_0001062,1,orcid:0000-0002-7500-8096|orcid:0000-0001-8314-2140,orcid:0000-0002-7500-8096,2025-06-05,semapv:MappingReview
http://id.nlm.nih.gov/mesh/M0005197,Coronary Vessels,http://id.nlm.nih.gov/mesh/vocab#Concept,skos:exactMatch,http://purl.obolibrary.org/obo/UBERON_0005985,coronary vessel,http://purl.obolibrary.org/obo/UBERON_0001062,1,orcid:0000-0002-7500-8096|orcid:0000-0001-8314-2140,orcid:0000-0002-7500-8096,2025-06-05,semapv:MappingReview
http://id.nlm.nih.gov/mesh/M0005203,Corpora Allata,http://id.nlm.nih.gov/mesh/vocab#Concept,skos:exactMatch,http://purl.obolibrary.org/obo/UBERON_0001057,corpus allatum,http://purl.obolibrary.org/obo/UBERON_0001062,1,orcid:0000-0002-7500-8096|orcid:0000-0001-8314-2140,orcid:0000-0002-7500-8096,2025-06-05,semapv:MappingReview
http://id.nlm.nih.gov/mesh/M0005205,Tectum Mesencephali,http://id.nlm.nih.gov/mesh/vocab#Concept,skos:exactMatch,http://purl.obolibrary.org/obo/UBERON_0002314,midbrain tectum,http://purl.obolibrary.org/obo/UBERON_0001062,1,orcid:0000-0002-7500-8096|orcid:0000-0001-8314-2140,orcid:0000-0002-7500-8096,2025-06-05,semapv:MappingReview
http://id.nlm.nih.gov/mesh/M0005206,Corpus Callosum,http://id.nlm.nih.gov/mesh/vocab#Concept,skos:exactMatch,http://purl.obolibrary.org/obo/UBERON_0002336,corpus callosum,http://purl.obolibrary.org/obo/UBERON_0001062,1,orcid:0000-0002-7500-8096|orcid:0000-0001-8314-2140,orcid:0000-0002-7500-8096,2025-06-05,semapv:MappingReview
http://id.nlm.nih.gov/mesh/M0005207,Corpus Luteum,http://id.nlm.nih.gov/mesh/vocab#Concept,skos:exactMatch,http://purl.obolibrary.org/obo/UBERON_0002512,corpus luteum,http://purl.obolibrary.org/obo/UBERON_0001062,1,orcid:0000-0002-7500-8096|orcid:0000-0001-8314-2140,orcid:0000-0002-7500-8096,2025-06-05,semapv:MappingReview
http://id.nlm.nih.gov/mesh/M0005212,Corpus Striatum,http://id.nlm.nih.gov/mesh/vocab#Concept,skos:exactMatch,http://purl.obolibrary.org/obo/UBERON_0000369,corpus striatum,http://purl.obolibrary.org/obo/UBERON_0001062,1,orcid:0000-0002-7500-8096|orcid:0000-0001-8314-2140,orcid:0000-0002-7500-8096,2025-06-05,semapv:MappingReview
http://id.nlm.nih.gov/mesh/M0005277,"Cranial Fossa, Posterior",http://id.nlm.nih.gov/mesh/vocab#Concept,skos:exactMatch,http://purl.obolibrary.org/obo/UBERON_0008788,posterior cranial fossa,http://purl.obolibrary.org/obo/UBERON_0001062,1,orcid:0000-0002-7500-8096|orcid:0000-0001-8314-2140,orcid:0000-0002-7500-8096,2025-06-05,semapv:MappingReview
http://id.nlm.nih.gov/mesh/M0005281,Cranial Nerves,http://id.nlm.nih.gov/mesh/vocab#Concept,skos:exactMatch,http://purl.obolibrary.org/obo/UBERON_0001785,cranial nerve,http://purl.obolibrary.org/obo/UBERON_0001062,1,orcid:0000-0002-7500-8096|orcid:0000-0001-8314-2140,orcid:0000-0002-7500-8096,2025-06-05,semapv:MappingReview
http://id.nlm.nih.gov/mesh/M0005282,Cranial Sinuses,http://id.nlm.nih.gov/mesh/vocab#Concept,skos:exactMatch,http://purl.obolibrary.org/obo/UBERON_0005486,venous dural sinus,http://purl.obolibrary.org/obo/UBERON_0001062,1,orcid:0000-0002-7500-8096|orcid:0000-0001-8314-2140,orcid:0000-0002-7500-8096,2025-06-05,semapv:MappingReview
http://id.nlm.nih.gov/mesh/M0005283,Cranial Sutures,http://id.nlm.nih.gov/mesh/vocab#Concept,skos:exactMatch,http://purl.obolibrary.org/obo/UBERON_0003685,cranial suture,http://purl.obolibrary.org/obo/UBERON_0001062,1,orcid:0000-0002-7500-8096|orcid:0000-0001-8314-2140,orcid:0000-0002-7500-8096,2025-06-05,semapv:MappingReview
http://id.nlm.nih.gov/mesh/M0005321,Cricoid Cartilage,http://id.nlm.nih.gov/mesh/vocab#Concept,skos:exactMatch,http://purl.obolibrary.org/obo/UBERON_0002375,cricoid cartilage,http://purl.obolibrary.org/obo/UBERON_0001062,1,orcid:0000-0002-7500-8096|orcid:0000-0001-8314-2140,orcid:0000-0002-7500-8096,2025-06-05,semapv:MappingReview
http://id.nlm.nih.gov/mesh/M0005550,Cystic Duct,http://id.nlm.nih.gov/mesh/vocab#Concept,skos:exactMatch,http://purl.obolibrary.org/obo/UBERON_0001152,cystic duct,http://purl.obolibrary.org/obo/UBERON_0001062,1,orcid:0000-0002-7500-8096|orcid:0000-0001-8314-2140,orcid:0000-0002-7500-8096,2025-06-05,semapv:MappingReview
http://id.nlm.nih.gov/mesh/M0005719,Decidua,http://id.nlm.nih.gov/mesh/vocab#Concept,skos:exactMatch,http://purl.obolibrary.org/obo/UBERON_0002450,decidua,http://purl.obolibrary.org/obo/UBERON_0001062,1,orcid:0000-0002-7500-8096|orcid:0000-0001-8314-2140,orcid:0000-0002-7500-8096,2025-06-05,semapv:MappingReview
http://id.nlm.nih.gov/mesh/M0005769,"Vestibular Nucleus, Lateral",http://id.nlm.nih.gov/mesh/vocab#Concept,skos:exactMatch,http://purl.obolibrary.org/obo/UBERON_0007230,lateral vestibular nucleus,http://purl.obolibrary.org/obo/UBERON_0001062,1,orcid:0000-0002-7500-8096|orcid:0000-0001-8314-2140,orcid:0000-0002-7500-8096,2025-06-05,semapv:MappingReview
http://id.nlm.nih.gov/mesh/M0005828,Dendritic Cells,http://id.nlm.nih.gov/mesh/vocab#Concept,skos:exactMatch,http://purl.obolibrary.org/obo/CL_0000451,dendritic cell,http://purl.obolibrary.org/obo/CL_0000000,1,orcid:0000-0002-7500-8096|orcid:0000-0001-8314-2140,orcid:0000-0002-7500-8096,2025-06-05,semapv:MappingReview
http://id.nlm.nih.gov/mesh/M0005843,Dental Arch,http://id.nlm.nih.gov/mesh/vocab#Concept,skos:exactMatch,http://purl.obolibrary.org/obo/UBERON_0009678,tooth row,http://purl.obolibrary.org/obo/UBERON_0001062,1,orcid:0000-0002-7500-8096|orcid:0000-0001-8314-2140,orcid:0000-0002-7500-8096,2025-06-05,semapv:MappingReview
http://id.nlm.nih.gov/mesh/M0005965,Dentition,http://id.nlm.nih.gov/mesh/vocab#Concept,skos:exactMatch,http://purl.obolibrary.org/obo/UBERON_0003672,dentition,http://purl.obolibrary.org/obo/UBERON_0001062,1,orcid:0000-0002-7500-8096|orcid:0000-0001-8314-2140,orcid:0000-0002-7500-8096,2025-06-05,semapv:MappingReview
http://id.nlm.nih.gov/mesh/M000605189,Pericardial Fluid,http://id.nlm.nih.gov/mesh/vocab#Concept,skos:exactMatch,http://purl.obolibrary.org/obo/UBERON_0002409,pericardial fluid,http://purl.obolibrary.org/obo/UBERON_0001062,1,orcid:0000-0002-7500-8096|orcid:0000-0001-8314-2140,orcid:0000-0002-7500-8096,2025-06-05,semapv:MappingReview
http://id.nlm.nih.gov/mesh/M000605281,Dorsolateral Prefrontal Cortex,http://id.nlm.nih.gov/mesh/vocab#Concept,skos:exactMatch,http://purl.obolibrary.org/obo/UBERON_0009834,dorsolateral prefrontal cortex,http://purl.obolibrary.org/obo/UBERON_0001062,1,orcid:0000-0002-7500-8096|orcid:0000-0001-8314-2140,orcid:0000-0002-7500-8096,2025-06-05,semapv:MappingReview
http://id.nlm.nih.gov/mesh/M000606072,Round Ligament of Uterus,http://id.nlm.nih.gov/mesh/vocab#Concept,skos:exactMatch,http://purl.obolibrary.org/obo/UBERON_0006589,round ligament of uterus,http://purl.obolibrary.org/obo/UBERON_0001062,1,orcid:0000-0002-7500-8096|orcid:0000-0001-8314-2140,orcid:0000-0002-7500-8096,2025-06-05,semapv:MappingReview
http://id.nlm.nih.gov/mesh/M000606073,Round Ligament of Liver,http://id.nlm.nih.gov/mesh/vocab#Concept,skos:exactMatch,http://purl.obolibrary.org/obo/UBERON_0006588,round ligament of liver,http://purl.obolibrary.org/obo/UBERON_0001062,1,orcid:0000-0002-7500-8096|orcid:0000-0001-8314-2140,orcid:0000-0002-7500-8096,2025-06-05,semapv:MappingReview
http://id.nlm.nih.gov/mesh/M0006068,Descemet Membrane,http://id.nlm.nih.gov/mesh/vocab#Concept,skos:exactMatch,http://purl.obolibrary.org/obo/UBERON_0004367,Descemet's membrane,http://purl.obolibrary.org/obo/UBERON_0001062,1,orcid:0000-0002-7500-8096|orcid:0000-0001-8314-2140,orcid:0000-0002-7500-8096,2025-06-05,semapv:MappingReview
http://id.nlm.nih.gov/mesh/M000611239,Coracoid Process,http://id.nlm.nih.gov/mesh/vocab#Concept,skos:exactMatch,http://purl.obolibrary.org/obo/UBERON_0006633,coracoid process of scapula,http://purl.obolibrary.org/obo/UBERON_0001062,1,orcid:0000-0002-7500-8096|orcid:0000-0001-8314-2140,orcid:0000-0002-7500-8096,2025-06-05,semapv:MappingReview
http://id.nlm.nih.gov/mesh/M000611246,Aponeurosis,http://id.nlm.nih.gov/mesh/vocab#Concept,skos:exactMatch,http://purl.obolibrary.org/obo/UBERON_0006614,aponeurosis,http://purl.obolibrary.org/obo/UBERON_0001062,1,orcid:0000-0002-7500-8096|orcid:0000-0001-8314-2140,orcid:0000-0002-7500-8096,2025-06-05,semapv:MappingReview
http://id.nlm.nih.gov/mesh/M000611270,Rib Cage,http://id.nlm.nih.gov/mesh/vocab#Concept,skos:exactMatch,http://purl.obolibrary.org/obo/UBERON_0003252,thoracic rib cage,http://purl.obolibrary.org/obo/UBERON_0001062,1,orcid:0000-0002-7500-8096|orcid:0000-0001-8314-2140,orcid:0000-0002-7500-8096,2025-06-05,semapv:MappingReview
http://id.nlm.nih.gov/mesh/M000611362,Nucleus Pulposus,http://id.nlm.nih.gov/mesh/vocab#Concept,skos:exactMatch,http://purl.obolibrary.org/obo/UBERON_0002242,nucleus pulposus,http://purl.obolibrary.org/obo/UBERON_0001062,1,orcid:0000-0002-7500-8096|orcid:0000-0001-8314-2140,orcid:0000-0002-7500-8096,2025-06-05,semapv:MappingReview
http://id.nlm.nih.gov/mesh/M000611368,Annulus Fibrosus,http://id.nlm.nih.gov/mesh/vocab#Concept,skos:exactMatch,http://purl.obolibrary.org/obo/UBERON_0006444,annulus fibrosus,http://purl.obolibrary.org/obo/UBERON_0001062,1,orcid:0000-0002-7500-8096|orcid:0000-0001-8314-2140,orcid:0000-0002-7500-8096,2025-06-05,semapv:MappingReview
http://id.nlm.nih.gov/mesh/M000611429,Hamstring Muscles,http://id.nlm.nih.gov/mesh/vocab#Concept,skos:exactMatch,http://purl.obolibrary.org/obo/UBERON_0002463,muscle of posterior compartment of hindlimb stylopod,http://purl.obolibrary.org/obo/UBERON_0001062,1,orcid:0000-0002-7500-8096|orcid:0000-0001-8314-2140,orcid:0000-0002-7500-8096,2025-06-05,semapv:MappingReview
http://id.nlm.nih.gov/mesh/M000612948,Place Cells,http://id.nlm.nih.gov/mesh/vocab#Concept,skos:exactMatch,http://purl.obolibrary.org/obo/CL_1001571,hippocampal pyramidal neuron,http://purl.obolibrary.org/obo/CL_0000000,1,orcid:0000-0002-7500-8096|orcid:0000-0001-8314-2140,orcid:0000-0002-7500-8096,2025-06-05,semapv:MappingReview
http://id.nlm.nih.gov/mesh/M000612951,Perirhinal Cortex,http://id.nlm.nih.gov/mesh/vocab#Concept,skos:exactMatch,http://purl.obolibrary.org/obo/UBERON_0006083,perirhinal cortex,http://purl.obolibrary.org/obo/UBERON_0001062,1,orcid:0000-0002-7500-8096|orcid:0000-0001-8314-2140,orcid:0000-0002-7500-8096,2025-06-05,semapv:MappingReview
http://id.nlm.nih.gov/mesh/M000612954,Esophageal Mucosa,http://id.nlm.nih.gov/mesh/vocab#Concept,skos:exactMatch,http://purl.obolibrary.org/obo/UBERON_0002469,esophagus mucosa,http://purl.obolibrary.org/obo/UBERON_0001062,1,orcid:0000-0002-7500-8096|orcid:0000-0001-8314-2140,orcid:0000-0002-7500-8096,2025-06-05,semapv:MappingReview
http://id.nlm.nih.gov/mesh/M000615196,Abdominal Oblique Muscles,http://id.nlm.nih.gov/mesh/vocab#Concept,skos:exactMatch,http://purl.obolibrary.org/obo/UBERON_0035032,abdominal oblique muscle,http://purl.obolibrary.org/obo/UBERON_0001062,1,orcid:0000-0002-7500-8096|orcid:0000-0001-8314-2140,orcid:0000-0002-7500-8096,2025-06-05,semapv:MappingReview
http://id.nlm.nih.gov/mesh/M000616163,Gracilis Muscle,http://id.nlm.nih.gov/mesh/vocab#Concept,skos:exactMatch,http://purl.obolibrary.org/obo/UBERON_0000950,gracilis,http://purl.obolibrary.org/obo/UBERON_0001062,1,orcid:0000-0002-7500-8096|orcid:0000-0001-8314-2140,orcid:0000-0002-7500-8096,2025-06-05,semapv:MappingReview
http://id.nlm.nih.gov/mesh/M000616234,Meniscus,http://id.nlm.nih.gov/mesh/vocab#Concept,skos:exactMatch,http://purl.obolibrary.org/obo/UBERON_0000387,meniscus,http://purl.obolibrary.org/obo/UBERON_0001062,1,orcid:0000-0002-7500-8096|orcid:0000-0001-8314-2140,orcid:0000-0002-7500-8096,2025-06-05,semapv:MappingReview
http://id.nlm.nih.gov/mesh/M000616943,Mucosal-Associated Invariant T Cells,http://id.nlm.nih.gov/mesh/vocab#Concept,skos:exactMatch,http://purl.obolibrary.org/obo/CL_0000940,mucosal invariant T cell,http://purl.obolibrary.org/obo/CL_0000000,1,orcid:0000-0002-7500-8096|orcid:0000-0001-8314-2140,orcid:0000-0002-7500-8096,2025-06-05,semapv:MappingReview
http://id.nlm.nih.gov/mesh/M0006209,Diaphragm,http://id.nlm.nih.gov/mesh/vocab#Concept,skos:exactMatch,http://purl.obolibrary.org/obo/UBERON_0001103,diaphragm,http://purl.obolibrary.org/obo/UBERON_0001062,1,orcid:0000-0002-7500-8096|orcid:0000-0001-8314-2140,orcid:0000-0002-7500-8096,2025-06-05,semapv:MappingReview
http://id.nlm.nih.gov/mesh/M000622733,Oligodendrocyte Precursor Cells,http://id.nlm.nih.gov/mesh/vocab#Concept,skos:exactMatch,http://purl.obolibrary.org/obo/CL_0002453,oligodendrocyte precursor cell,http://purl.obolibrary.org/obo/CL_0000000,1,orcid:0000-0002-7500-8096|orcid:0000-0001-8314-2140,orcid:0000-0002-7500-8096,2025-06-05,semapv:MappingReview
http://id.nlm.nih.gov/mesh/M000626819,Suprachiasmatic Nucleus Neurons,http://id.nlm.nih.gov/mesh/vocab#Concept,skos:exactMatch,http://purl.obolibrary.org/obo/UBERON_0002034,suprachiasmatic nucleus,http://purl.obolibrary.org/obo/UBERON_0001062,0.95,orcid:0000-0002-7500-8096,orcid:0000-0002-7500-8096,2025-06-05,semapv:MappingReview
http://id.nlm.nih.gov/mesh/M000631720,Intraepithelial Lymphocytes,http://id.nlm.nih.gov/mesh/vocab#Concept,skos:exactMatch,http://purl.obolibrary.org/obo/CL_0002496,intraepithelial lymphocyte,http://purl.obolibrary.org/obo/CL_0000000,1,orcid:0000-0002-7500-8096|orcid:0000-0001-8314-2140,orcid:0000-0002-7500-8096,2025-06-05,semapv:MappingReview
http://id.nlm.nih.gov/mesh/M0006319,Diencephalon,http://id.nlm.nih.gov/mesh/vocab#Concept,skos:exactMatch,http://purl.obolibrary.org/obo/UBERON_0001894,diencephalon,http://purl.obolibrary.org/obo/UBERON_0001062,1,orcid:0000-0002-7500-8096|orcid:0000-0001-8314-2140,orcid:0000-0002-7500-8096,2025-06-05,semapv:MappingReview
http://id.nlm.nih.gov/mesh/M0006371,Digestive System,http://id.nlm.nih.gov/mesh/vocab#Concept,skos:exactMatch,http://purl.obolibrary.org/obo/UBERON_0001007,digestive system,http://purl.obolibrary.org/obo/UBERON_0001062,1,orcid:0000-0002-7500-8096|orcid:0000-0001-8314-2140,orcid:0000-0002-7500-8096,2025-06-05,semapv:MappingReview
http://id.nlm.nih.gov/mesh/M000640812,Glymphatic System,http://id.nlm.nih.gov/mesh/vocab#Concept,skos:exactMatch,http://purl.obolibrary.org/obo/UBERON_0036145,glymphatic system,http://purl.obolibrary.org/obo/UBERON_0001062,1,orcid:0000-0002-7500-8096|orcid:0000-0001-8314-2140,orcid:0000-0002-7500-8096,2025-06-05,semapv:MappingReview
http://id.nlm.nih.gov/mesh/M000647224,Mental Foramen,http://id.nlm.nih.gov/mesh/vocab#Concept,skos:exactMatch,http://purl.obolibrary.org/obo/UBERON_0006812,mental foramen,http://purl.obolibrary.org/obo/UBERON_0001062,1,orcid:0000-0002-7500-8096|orcid:0000-0001-8314-2140,orcid:0000-0002-7500-8096,2025-06-05,semapv:MappingReview
http://id.nlm.nih.gov/mesh/M000648549,Jugular Foramina,http://id.nlm.nih.gov/mesh/vocab#Concept,skos:exactMatch,http://purl.obolibrary.org/obo/UBERON_0005456,jugular foramen,http://purl.obolibrary.org/obo/UBERON_0001062,1,orcid:0000-0002-7500-8096|orcid:0000-0001-8314-2140,orcid:0000-0002-7500-8096,2025-06-05,semapv:MappingReview
http://id.nlm.nih.gov/mesh/M000648572,Infratemporal Fossa,http://id.nlm.nih.gov/mesh/vocab#Concept,skos:exactMatch,http://purl.obolibrary.org/obo/UBERON_0013422,infratemporal fossa,http://purl.obolibrary.org/obo/UBERON_0001062,1,orcid:0000-0002-7500-8096|orcid:0000-0001-8314-2140,orcid:0000-0002-7500-8096,2025-06-05,semapv:MappingReview
http://id.nlm.nih.gov/mesh/M000648575,Parapharyngeal Space,http://id.nlm.nih.gov/mesh/vocab#Concept,skos:exactMatch,http://purl.obolibrary.org/obo/UBERON_0035618,parapharyngeal space,http://purl.obolibrary.org/obo/UBERON_0001062,1,orcid:0000-0002-7500-8096|orcid:0000-0001-8314-2140,orcid:0000-0002-7500-8096,2025-06-05,semapv:MappingReview
http://id.nlm.nih.gov/mesh/M000648723,Cerebellar Golgi Cells,http://id.nlm.nih.gov/mesh/vocab#Concept,skos:exactMatch,http://purl.obolibrary.org/obo/CL_0000119,cerebellar Golgi cell,http://purl.obolibrary.org/obo/CL_0000000,1,orcid:0000-0002-7500-8096|orcid:0000-0001-8314-2140,orcid:0000-0002-7500-8096,2025-06-05,semapv:MappingReview
http://id.nlm.nih.gov/mesh/M0006763,Dorsomedial Hypothalamic Nucleus,http://id.nlm.nih.gov/mesh/vocab#Concept,skos:exactMatch,http://purl.obolibrary.org/obo/UBERON_0001934,dorsomedial nucleus of hypothalamus,http://purl.obolibrary.org/obo/UBERON_0001062,1,orcid:0000-0002-7500-8096|orcid:0000-0001-8314-2140,orcid:0000-0002-7500-8096,2025-06-05,semapv:MappingReview
http://id.nlm.nih.gov/mesh/M000679091,Uncinate Fasciculus,http://id.nlm.nih.gov/mesh/vocab#Concept,skos:exactMatch,http://purl.obolibrary.org/obo/UBERON_0003044,uncinate fasciculus,http://purl.obolibrary.org/obo/UBERON_0001062,1,orcid:0000-0002-7500-8096|orcid:0000-0001-8314-2140,orcid:0000-0002-7500-8096,2025-06-05,semapv:MappingReview
http://id.nlm.nih.gov/mesh/M000679153,Vertebral Body,http://id.nlm.nih.gov/mesh/vocab#Concept,skos:exactMatch,http://purl.obolibrary.org/obo/UBERON_0001075,bony vertebral centrum,http://purl.obolibrary.org/obo/UBERON_0001062,1,orcid:0000-0002-7500-8096|orcid:0000-0001-8314-2140,orcid:0000-0002-7500-8096,2025-06-05,semapv:MappingReview
http://id.nlm.nih.gov/mesh/M000682877,T Follicular Helper Cells,http://id.nlm.nih.gov/mesh/vocab#Concept,skos:exactMatch,http://purl.obolibrary.org/obo/CL_0002038,T follicular helper cell,http://purl.obolibrary.org/obo/CL_0000000,1,orcid:0000-0002-7500-8096|orcid:0000-0001-8314-2140,orcid:0000-0002-7500-8096,2025-06-05,semapv:MappingReview
http://id.nlm.nih.gov/mesh/M0006876,Ductus Arteriosus,http://id.nlm.nih.gov/mesh/vocab#Concept,skos:exactMatch,http://purl.obolibrary.org/obo/UBERON_0005440,ductus arteriosus,http://purl.obolibrary.org/obo/UBERON_0001062,1,orcid:0000-0002-7500-8096|orcid:0000-0001-8314-2140,orcid:0000-0002-7500-8096,2025-06-05,semapv:MappingReview
http://id.nlm.nih.gov/mesh/M0006890,Duodenum,http://id.nlm.nih.gov/mesh/vocab#Concept,skos:exactMatch,http://purl.obolibrary.org/obo/UBERON_0002114,duodenum,http://purl.obolibrary.org/obo/UBERON_0001062,1,orcid:0000-0002-7500-8096|orcid:0000-0001-8314-2140,orcid:0000-0002-7500-8096,2025-06-05,semapv:MappingReview
http://id.nlm.nih.gov/mesh/M0006892,Dura Mater,http://id.nlm.nih.gov/mesh/vocab#Concept,skos:exactMatch,http://purl.obolibrary.org/obo/UBERON_0002363,dura mater,http://purl.obolibrary.org/obo/UBERON_0001062,1,orcid:0000-0002-7500-8096|orcid:0000-0001-8314-2140,orcid:0000-0002-7500-8096,2025-06-05,semapv:MappingReview
http://id.nlm.nih.gov/mesh/M0006939,Ear Cartilage,http://id.nlm.nih.gov/mesh/vocab#Concept,skos:exactMatch,http://purl.obolibrary.org/obo/UBERON_0001867,cartilage of external ear,http://purl.obolibrary.org/obo/UBERON_0001062,1,orcid:0000-0002-7500-8096|orcid:0000-0001-8314-2140,orcid:0000-0002-7500-8096,2025-06-05,semapv:MappingReview
http://id.nlm.nih.gov/mesh/M0006956,Eccrine Glands,http://id.nlm.nih.gov/mesh/vocab#Concept,skos:exactMatch,http://purl.obolibrary.org/obo/UBERON_0000423,eccrine sweat gland,http://purl.obolibrary.org/obo/UBERON_0001062,1,orcid:0000-0002-7500-8096|orcid:0000-0001-8314-2140,orcid:0000-0002-7500-8096,2025-06-05,semapv:MappingReview
http://id.nlm.nih.gov/mesh/M0007118,Efferent Pathways,http://id.nlm.nih.gov/mesh/vocab#Concept,skos:exactMatch,http://purl.obolibrary.org/obo/UBERON_0006798,efferent nerve,http://purl.obolibrary.org/obo/UBERON_0001062,1,orcid:0000-0002-7500-8096|orcid:0000-0001-8314-2140,orcid:0000-0002-7500-8096,2025-06-05,semapv:MappingReview
http://id.nlm.nih.gov/mesh/M0007146,Ejaculatory Ducts,http://id.nlm.nih.gov/mesh/vocab#Concept,skos:exactMatch,http://purl.obolibrary.org/obo/UBERON_0000999,ejaculatory duct,http://purl.obolibrary.org/obo/UBERON_0001062,1,orcid:0000-0002-7500-8096|orcid:0000-0001-8314-2140,orcid:0000-0002-7500-8096,2025-06-05,semapv:MappingReview
http://id.nlm.nih.gov/mesh/M0007155,Elbow Joint,http://id.nlm.nih.gov/mesh/vocab#Concept,skos:exactMatch,http://purl.obolibrary.org/obo/UBERON_0001490,elbow joint,http://purl.obolibrary.org/obo/UBERON_0001062,1,orcid:0000-0002-7500-8096|orcid:0000-0001-8314-2140,orcid:0000-0002-7500-8096,2025-06-05,semapv:MappingReview
http://id.nlm.nih.gov/mesh/M0007395,Endocardium,http://id.nlm.nih.gov/mesh/vocab#Concept,skos:exactMatch,http://purl.obolibrary.org/obo/UBERON_0002165,endocardium,http://purl.obolibrary.org/obo/UBERON_0001062,1,orcid:0000-0002-7500-8096|orcid:0000-0001-8314-2140,orcid:0000-0002-7500-8096,2025-06-05,semapv:MappingReview
http://id.nlm.nih.gov/mesh/M000740445,Mandibular Canal,http://id.nlm.nih.gov/mesh/vocab#Concept,skos:exactMatch,http://purl.obolibrary.org/obo/UBERON_0006673,mandibular canal,http://purl.obolibrary.org/obo/UBERON_0001062,1,orcid:0000-0002-7500-8096|orcid:0000-0001-8314-2140,orcid:0000-0002-7500-8096,2025-06-05,semapv:MappingReview
http://id.nlm.nih.gov/mesh/M0007416,Endometrium,http://id.nlm.nih.gov/mesh/vocab#Concept,skos:exactMatch,http://purl.obolibrary.org/obo/UBERON_0001295,endometrium,http://purl.obolibrary.org/obo/UBERON_0001062,1,orcid:0000-0002-7500-8096|orcid:0000-0001-8314-2140,orcid:0000-0002-7500-8096,2025-06-05,semapv:MappingReview
http://id.nlm.nih.gov/mesh/M0007433,"Endothelium, Corneal",http://id.nlm.nih.gov/mesh/vocab#Concept,skos:exactMatch,http://purl.obolibrary.org/obo/UBERON_0001985,corneal endothelium,http://purl.obolibrary.org/obo/UBERON_0001062,1,orcid:0000-0002-7500-8096|orcid:0000-0001-8314-2140,orcid:0000-0002-7500-8096,2025-06-05,semapv:MappingReview
http://id.nlm.nih.gov/mesh/M0007435,"Endothelium, Lymphatic",http://id.nlm.nih.gov/mesh/vocab#Concept,skos:exactMatch,http://purl.obolibrary.org/obo/UBERON_0002042,lymphatic vessel endothelium,http://purl.obolibrary.org/obo/UBERON_0001062,1,orcid:0000-0002-7500-8096|orcid:0000-0001-8314-2140,orcid:0000-0002-7500-8096,2025-06-05,semapv:MappingReview
http://id.nlm.nih.gov/mesh/M0007437,"Endothelium, Vascular",http://id.nlm.nih.gov/mesh/vocab#Concept,skos:exactMatch,http://purl.obolibrary.org/obo/UBERON_0004638,blood vessel endothelium,http://purl.obolibrary.org/obo/UBERON_0001062,1,orcid:0000-0002-7500-8096,orcid:0000-0002-7500-8096,2025-06-05,semapv:MappingReview
http://id.nlm.nih.gov/mesh/M0007477,Enterochromaffin Cells,http://id.nlm.nih.gov/mesh/vocab#Concept,skos:exactMatch,http://purl.obolibrary.org/obo/CL_0000577,type EC enteroendocrine cell,http://purl.obolibrary.org/obo/CL_0000000,1,orcid:0000-0002-7500-8096|orcid:0000-0001-8314-2140,orcid:0000-0002-7500-8096,2025-06-05,semapv:MappingReview
http://id.nlm.nih.gov/mesh/M000748185,Memory B Cells,http://id.nlm.nih.gov/mesh/vocab#Concept,skos:exactMatch,http://purl.obolibrary.org/obo/CL_0000787,memory B cell,http://purl.obolibrary.org/obo/CL_0000000,1,orcid:0000-0002-7500-8096|orcid:0000-0001-8314-2140,orcid:0000-0002-7500-8096,2025-06-05,semapv:MappingReview
http://id.nlm.nih.gov/mesh/M000748186,Memory T Cells,http://id.nlm.nih.gov/mesh/vocab#Concept,skos:exactMatch,http://purl.obolibrary.org/obo/CL_0000813,memory T cell,http://purl.obolibrary.org/obo/CL_0000000,1,orcid:0000-0002-7500-8096|orcid:0000-0001-8314-2140,orcid:0000-0002-7500-8096,2025-06-05,semapv:MappingReview
http://id.nlm.nih.gov/mesh/M000752489,Schlemm's Canal,http://id.nlm.nih.gov/mesh/vocab#Concept,skos:exactMatch,http://purl.obolibrary.org/obo/UBERON_0004029,canal of Schlemm,http://purl.obolibrary.org/obo/UBERON_0001062,1,orcid:0000-0002-7500-8096|orcid:0000-0001-8314-2140,orcid:0000-0002-7500-8096,2025-06-05,semapv:MappingReview
http://id.nlm.nih.gov/mesh/M0007534,Eosinophils,http://id.nlm.nih.gov/mesh/vocab#Concept,skos:exactMatch,http://purl.obolibrary.org/obo/CL_0000771,eosinophil,http://purl.obolibrary.org/obo/CL_0000000,1,orcid:0000-0002-7500-8096|orcid:0000-0001-8314-2140,orcid:0000-0002-7500-8096,2025-06-05,semapv:MappingReview
http://id.nlm.nih.gov/mesh/M0007535,Ependyma,http://id.nlm.nih.gov/mesh/vocab#Concept,skos:exactMatch,http://purl.obolibrary.org/obo/UBERON_0004670,ependyma,http://purl.obolibrary.org/obo/UBERON_0001062,1,orcid:0000-0002-7500-8096|orcid:0000-0001-8314-2140,orcid:0000-0002-7500-8096,2025-06-05,semapv:MappingReview
http://id.nlm.nih.gov/mesh/M0007554,Epidermis,http://id.nlm.nih.gov/mesh/vocab#Concept,skos:exactMatch,http://purl.obolibrary.org/obo/UBERON_0001003,skin epidermis,http://purl.obolibrary.org/obo/UBERON_0001062,1,orcid:0000-0002-7500-8096|orcid:0000-0001-8314-2140,orcid:0000-0002-7500-8096,2025-06-05,semapv:MappingReview
http://id.nlm.nih.gov/mesh/M000755725,Medium Spiny Neurons,http://id.nlm.nih.gov/mesh/vocab#Concept,skos:exactMatch,http://purl.obolibrary.org/obo/CL_1001474,medium spiny neuron,http://purl.obolibrary.org/obo/CL_0000000,1,orcid:0000-0002-7500-8096|orcid:0000-0001-8314-2140,orcid:0000-0002-7500-8096,2025-06-05,semapv:MappingReview
http://id.nlm.nih.gov/mesh/M000755890,Myotendinous Junction,http://id.nlm.nih.gov/mesh/vocab#Concept,skos:exactMatch,http://purl.obolibrary.org/obo/UBERON_4200218,musculotendinous bundle,http://purl.obolibrary.org/obo/UBERON_0001062,1,orcid:0000-0002-7500-8096,orcid:0000-0002-7500-8096,2025-06-05,semapv:MappingReview
http://id.nlm.nih.gov/mesh/M000755891,Hypothalamic-Pituitary-Gonadal Axis,http://id.nlm.nih.gov/mesh/vocab#Concept,skos:exactMatch,http://purl.obolibrary.org/obo/UBERON_0004092,hypothalamus-pituitary axis,http://purl.obolibrary.org/obo/UBERON_0001062,1,orcid:0000-0002-7500-8096|orcid:0000-0001-8314-2140,orcid:0000-0002-7500-8096,2025-06-05,semapv:MappingReview
http://id.nlm.nih.gov/mesh/M0007559,Epididymis,http://id.nlm.nih.gov/mesh/vocab#Concept,skos:exactMatch,http://purl.obolibrary.org/obo/UBERON_0001301,epididymis,http://purl.obolibrary.org/obo/UBERON_0001062,1,orcid:0000-0002-7500-8096|orcid:0000-0001-8314-2140,orcid:0000-0002-7500-8096,2025-06-05,semapv:MappingReview
http://id.nlm.nih.gov/mesh/M0007561,Epidural Space,http://id.nlm.nih.gov/mesh/vocab#Concept,skos:exactMatch,http://purl.obolibrary.org/obo/UBERON_0003691,epidural space,http://purl.obolibrary.org/obo/UBERON_0001062,1,orcid:0000-0002-7500-8096|orcid:0000-0001-8314-2140,orcid:0000-0002-7500-8096,2025-06-05,semapv:MappingReview
http://id.nlm.nih.gov/mesh/M0007562,Epiglottis,http://id.nlm.nih.gov/mesh/vocab#Concept,skos:exactMatch,http://purl.obolibrary.org/obo/UBERON_0000388,epiglottis,http://purl.obolibrary.org/obo/UBERON_0001062,1,orcid:0000-0002-7500-8096|orcid:0000-0001-8314-2140,orcid:0000-0002-7500-8096,2025-06-05,semapv:MappingReview
http://id.nlm.nih.gov/mesh/M000758388,Tuft Cells,http://id.nlm.nih.gov/mesh/vocab#Concept,skos:exactMatch,http://purl.obolibrary.org/obo/CL_0002204,brush cell,http://purl.obolibrary.org/obo/CL_0000000,1,orcid:0000-0002-7500-8096|orcid:0000-0001-8314-2140,orcid:0000-0002-7500-8096,2025-06-05,semapv:MappingReview
http://id.nlm.nih.gov/mesh/M000758617,Epicardial Adipose Tissue,http://id.nlm.nih.gov/mesh/vocab#Concept,skos:exactMatch,http://purl.obolibrary.org/obo/UBERON_0015129,epicardial fat,http://purl.obolibrary.org/obo/UBERON_0001062,1,orcid:0000-0002-7500-8096|orcid:0000-0001-8314-2140,orcid:0000-0002-7500-8096,2025-06-05,semapv:MappingReview
http://id.nlm.nih.gov/mesh/M000758817,Inferior Olivary Complex,http://id.nlm.nih.gov/mesh/vocab#Concept,skos:exactMatch,http://purl.obolibrary.org/obo/UBERON_0002127,inferior olivary complex,http://purl.obolibrary.org/obo/UBERON_0001062,1,orcid:0000-0002-7500-8096|orcid:0000-0001-8314-2140,orcid:0000-0002-7500-8096,2025-06-05,semapv:MappingReview
http://id.nlm.nih.gov/mesh/M0007592,Epiphyses,http://id.nlm.nih.gov/mesh/vocab#Concept,skos:exactMatch,http://purl.obolibrary.org/obo/UBERON_0001437,epiphysis,http://purl.obolibrary.org/obo/UBERON_0001062,1,orcid:0000-0002-7500-8096|orcid:0000-0001-8314-2140,orcid:0000-0002-7500-8096,2025-06-05,semapv:MappingReview
http://id.nlm.nih.gov/mesh/M000764128,Tibiofemoral Joint,http://id.nlm.nih.gov/mesh/vocab#Concept,skos:exactMatch,http://purl.obolibrary.org/obo/UBERON_0009005,femorotibial joint,http://purl.obolibrary.org/obo/UBERON_0001062,1,orcid:0000-0002-7500-8096|orcid:0000-0001-8314-2140,orcid:0000-0002-7500-8096,2025-06-05,semapv:MappingReview
http://id.nlm.nih.gov/mesh/M000764491,Ganglionic Eminence,http://id.nlm.nih.gov/mesh/vocab#Concept,skos:exactMatch,http://purl.obolibrary.org/obo/UBERON_0004023,ganglionic eminence,http://purl.obolibrary.org/obo/UBERON_0001062,1,orcid:0000-0002-7500-8096|orcid:0000-0001-8314-2140,orcid:0000-0002-7500-8096,2025-06-05,semapv:MappingReview
http://id.nlm.nih.gov/mesh/M000764626,Extravillous Trophoblasts,http://id.nlm.nih.gov/mesh/vocab#Concept,skos:exactMatch,http://purl.obolibrary.org/obo/CL_0008036,extravillous trophoblast,http://purl.obolibrary.org/obo/CL_0000000,1,orcid:0000-0002-7500-8096,orcid:0000-0002-7500-8096,2025-06-05,semapv:MappingReview
http://id.nlm.nih.gov/mesh/M000764626,Extravillous Trophoblasts,http://id.nlm.nih.gov/mesh/vocab#Concept,skos:exactMatch,http://purl.obolibrary.org/obo/UBERON_0000426,extravillous trophoblast,http://purl.obolibrary.org/obo/UBERON_0001062,1,orcid:0000-0002-7500-8096|orcid:0000-0001-8314-2140,orcid:0000-0002-7500-8096,2025-06-05,semapv:MappingReview
http://id.nlm.nih.gov/mesh/M0007689,Erythroblasts,http://id.nlm.nih.gov/mesh/vocab#Concept,skos:exactMatch,http://purl.obolibrary.org/obo/CL_0000765,erythroblast,http://purl.obolibrary.org/obo/CL_0000000,1,orcid:0000-0002-7500-8096|orcid:0000-0001-8314-2140,orcid:0000-0002-7500-8096,2025-06-05,semapv:MappingReview
http://id.nlm.nih.gov/mesh/M0007711,Erythrocytes,http://id.nlm.nih.gov/mesh/vocab#Concept,skos:exactMatch,http://purl.obolibrary.org/obo/CL_0000232,erythrocyte,http://purl.obolibrary.org/obo/CL_0000000,1,orcid:0000-0002-7500-8096|orcid:0000-0001-8314-2140,orcid:0000-0002-7500-8096,2025-06-05,semapv:MappingReview
http://id.nlm.nih.gov/mesh/M0007756,Esophagogastric Junction,http://id.nlm.nih.gov/mesh/vocab#Concept,skos:exactMatch,http://purl.obolibrary.org/obo/UBERON_0007650,esophagogastric junction,http://purl.obolibrary.org/obo/UBERON_0001062,1,orcid:0000-0002-7500-8096|orcid:0000-0001-8314-2140,orcid:0000-0002-7500-8096,2025-06-05,semapv:MappingReview
http://id.nlm.nih.gov/mesh/M0007761,Esophagus,http://id.nlm.nih.gov/mesh/vocab#Concept,skos:exactMatch,http://purl.obolibrary.org/obo/UBERON_0001043,esophagus,http://purl.obolibrary.org/obo/UBERON_0001062,1,orcid:0000-0002-7500-8096|orcid:0000-0001-8314-2140,orcid:0000-0002-7500-8096,2025-06-05,semapv:MappingReview
http://id.nlm.nih.gov/mesh/M0007874,Ethmoid Bone,http://id.nlm.nih.gov/mesh/vocab#Concept,skos:exactMatch,http://purl.obolibrary.org/obo/UBERON_0001679,ethmoid bone,http://purl.obolibrary.org/obo/UBERON_0001062,1,orcid:0000-0002-7500-8096|orcid:0000-0001-8314-2140,orcid:0000-0002-7500-8096,2025-06-05,semapv:MappingReview
http://id.nlm.nih.gov/mesh/M0007875,Ethmoid Sinus,http://id.nlm.nih.gov/mesh/vocab#Concept,skos:exactMatch,http://purl.obolibrary.org/obo/UBERON_0002453,ethmoid sinus,http://purl.obolibrary.org/obo/UBERON_0001062,1,orcid:0000-0002-7500-8096|orcid:0000-0001-8314-2140,orcid:0000-0002-7500-8096,2025-06-05,semapv:MappingReview
http://id.nlm.nih.gov/mesh/M0008071,Extrapyramidal Tracts,http://id.nlm.nih.gov/mesh/vocab#Concept,skos:exactMatch,http://purl.obolibrary.org/obo/UBERON_0035803,extrapyramidal tract system,http://purl.obolibrary.org/obo/UBERON_0001062,1,orcid:0000-0002-7500-8096|orcid:0000-0001-8314-2140,orcid:0000-0002-7500-8096,2025-06-05,semapv:MappingReview
http://id.nlm.nih.gov/mesh/M0008082,Eye,http://id.nlm.nih.gov/mesh/vocab#Concept,skos:exactMatch,http://purl.obolibrary.org/obo/UBERON_0000019,camera-type eye,http://purl.obolibrary.org/obo/UBERON_0001062,1,orcid:0000-0002-7500-8096|orcid:0000-0001-8314-2140,orcid:0000-0002-7500-8096,2025-06-05,semapv:MappingReview
http://id.nlm.nih.gov/mesh/M0008101,Eyebrows,http://id.nlm.nih.gov/mesh/vocab#Concept,skos:exactMatch,http://purl.obolibrary.org/obo/UBERON_0010163,eyebrow,http://purl.obolibrary.org/obo/UBERON_0001062,1,orcid:0000-0002-7500-8096|orcid:0000-0001-8314-2140,orcid:0000-0002-7500-8096,2025-06-05,semapv:MappingReview
http://id.nlm.nih.gov/mesh/M0008104,Eyelashes,http://id.nlm.nih.gov/mesh/vocab#Concept,skos:exactMatch,http://purl.obolibrary.org/obo/UBERON_0001702,eyelash,http://purl.obolibrary.org/obo/UBERON_0001062,1,orcid:0000-0002-7500-8096|orcid:0000-0001-8314-2140,orcid:0000-0002-7500-8096,2025-06-05,semapv:MappingReview
http://id.nlm.nih.gov/mesh/M0008107,Eyelids,http://id.nlm.nih.gov/mesh/vocab#Concept,skos:exactMatch,http://purl.obolibrary.org/obo/UBERON_0001711,eyelid,http://purl.obolibrary.org/obo/UBERON_0001062,1,orcid:0000-0002-7500-8096|orcid:0000-0001-8314-2140,orcid:0000-0002-7500-8096,2025-06-05,semapv:MappingReview
http://id.nlm.nih.gov/mesh/M0008111,Facial Bones,http://id.nlm.nih.gov/mesh/vocab#Concept,skos:exactMatch,http://purl.obolibrary.org/obo/UBERON_0003462,facial bone,http://purl.obolibrary.org/obo/UBERON_0001062,1,orcid:0000-0002-7500-8096|orcid:0000-0001-8314-2140,orcid:0000-0002-7500-8096,2025-06-05,semapv:MappingReview
http://id.nlm.nih.gov/mesh/M0008118,Facial Muscles,http://id.nlm.nih.gov/mesh/vocab#Concept,skos:exactMatch,http://purl.obolibrary.org/obo/UBERON_0001577,facial muscle,http://purl.obolibrary.org/obo/UBERON_0001062,1,orcid:0000-0002-7500-8096|orcid:0000-0001-8314-2140,orcid:0000-0002-7500-8096,2025-06-05,semapv:MappingReview
http://id.nlm.nih.gov/mesh/M0008121,Facial Nerve,http://id.nlm.nih.gov/mesh/vocab#Concept,skos:exactMatch,http://purl.obolibrary.org/obo/UBERON_0001647,facial nerve,http://purl.obolibrary.org/obo/UBERON_0001062,1,orcid:0000-0002-7500-8096|orcid:0000-0001-8314-2140,orcid:0000-0002-7500-8096,2025-06-05,semapv:MappingReview
http://id.nlm.nih.gov/mesh/M0008175,Fallopian Tubes,http://id.nlm.nih.gov/mesh/vocab#Concept,skos:exactMatch,http://purl.obolibrary.org/obo/UBERON_0003889,fallopian tube,http://purl.obolibrary.org/obo/UBERON_0001062,1,orcid:0000-0002-7500-8096|orcid:0000-0001-8314-2140,orcid:0000-0002-7500-8096,2025-06-05,semapv:MappingReview
http://id.nlm.nih.gov/mesh/M0008234,Fascia,http://id.nlm.nih.gov/mesh/vocab#Concept,skos:exactMatch,http://purl.obolibrary.org/obo/UBERON_0008982,fascia,http://purl.obolibrary.org/obo/UBERON_0001062,1,orcid:0000-0002-7500-8096,orcid:0000-0002-7500-8096,2025-06-05,semapv:MappingReview
http://id.nlm.nih.gov/mesh/M0008235,Fascia Lata,http://id.nlm.nih.gov/mesh/vocab#Concept,skos:exactMatch,http://purl.obolibrary.org/obo/UBERON_0003669,fascia lata,http://purl.obolibrary.org/obo/UBERON_0001062,1,orcid:0000-0002-7500-8096|orcid:0000-0001-8314-2140,orcid:0000-0002-7500-8096,2025-06-05,semapv:MappingReview
http://id.nlm.nih.gov/mesh/M0008311,Femoral Artery,http://id.nlm.nih.gov/mesh/vocab#Concept,skos:exactMatch,http://purl.obolibrary.org/obo/UBERON_0002060,femoral artery,http://purl.obolibrary.org/obo/UBERON_0001062,1,orcid:0000-0002-7500-8096|orcid:0000-0001-8314-2140,orcid:0000-0002-7500-8096,2025-06-05,semapv:MappingReview
http://id.nlm.nih.gov/mesh/M0008315,Femoral Nerve,http://id.nlm.nih.gov/mesh/vocab#Concept,skos:exactMatch,http://purl.obolibrary.org/obo/UBERON_0001267,femoral nerve,http://purl.obolibrary.org/obo/UBERON_0001062,1,orcid:0000-0002-7500-8096|orcid:0000-0001-8314-2140,orcid:0000-0002-7500-8096,2025-06-05,semapv:MappingReview
http://id.nlm.nih.gov/mesh/M0008316,Femoral Vein,http://id.nlm.nih.gov/mesh/vocab#Concept,skos:exactMatch,http://purl.obolibrary.org/obo/UBERON_0001361,femoral vein,http://purl.obolibrary.org/obo/UBERON_0001062,1,orcid:0000-0002-7500-8096|orcid:0000-0001-8314-2140,orcid:0000-0002-7500-8096,2025-06-05,semapv:MappingReview
http://id.nlm.nih.gov/mesh/M0008317,Femur,http://id.nlm.nih.gov/mesh/vocab#Concept,skos:exactMatch,http://purl.obolibrary.org/obo/UBERON_0000981,femur,http://purl.obolibrary.org/obo/UBERON_0001062,1,orcid:0000-0002-7500-8096|orcid:0000-0001-8314-2140,orcid:0000-0002-7500-8096,2025-06-05,semapv:MappingReview
http://id.nlm.nih.gov/mesh/M0008319,Femur Head,http://id.nlm.nih.gov/mesh/vocab#Concept,skos:exactMatch,http://purl.obolibrary.org/obo/UBERON_0006767,head of femur,http://purl.obolibrary.org/obo/UBERON_0001062,1,orcid:0000-0002-7500-8096|orcid:0000-0001-8314-2140,orcid:0000-0002-7500-8096,2025-06-05,semapv:MappingReview
http://id.nlm.nih.gov/mesh/M0008323,Femur Neck,http://id.nlm.nih.gov/mesh/vocab#Concept,skos:exactMatch,http://purl.obolibrary.org/obo/UBERON_0007119,neck of femur,http://purl.obolibrary.org/obo/UBERON_0001062,1,orcid:0000-0002-7500-8096|orcid:0000-0001-8314-2140,orcid:0000-0002-7500-8096,2025-06-05,semapv:MappingReview
http://id.nlm.nih.gov/mesh/M0008459,Fibula,http://id.nlm.nih.gov/mesh/vocab#Concept,skos:exactMatch,http://purl.obolibrary.org/obo/UBERON_0001446,fibula,http://purl.obolibrary.org/obo/UBERON_0001062,1,orcid:0000-0002-7500-8096|orcid:0000-0001-8314-2140,orcid:0000-0002-7500-8096,2025-06-05,semapv:MappingReview
http://id.nlm.nih.gov/mesh/M0008501,Finger Joint,http://id.nlm.nih.gov/mesh/vocab#Concept,skos:exactMatch,http://purl.obolibrary.org/obo/UBERON_0007722,interphalangeal joint of manus,http://purl.obolibrary.org/obo/UBERON_0001062,1,orcid:0000-0002-7500-8096|orcid:0000-0001-8314-2140,orcid:0000-0002-7500-8096,2025-06-05,semapv:MappingReview
http://id.nlm.nih.gov/mesh/M0008654,Foam Cells,http://id.nlm.nih.gov/mesh/vocab#Concept,skos:exactMatch,http://purl.obolibrary.org/obo/CL_0000891,foam cell,http://purl.obolibrary.org/obo/CL_0000000,1,orcid:0000-0002-7500-8096|orcid:0000-0001-8314-2140,orcid:0000-0002-7500-8096,2025-06-05,semapv:MappingReview
http://id.nlm.nih.gov/mesh/M0008715,Foot Bones,http://id.nlm.nih.gov/mesh/vocab#Concept,skos:exactMatch,http://purl.obolibrary.org/obo/UBERON_0005899,pes bone,http://purl.obolibrary.org/obo/UBERON_0001062,1,orcid:0000-0002-7500-8096|orcid:0000-0001-8314-2140,orcid:0000-0002-7500-8096,2025-06-05,semapv:MappingReview
http://id.nlm.nih.gov/mesh/M0008730,Foramen Magnum,http://id.nlm.nih.gov/mesh/vocab#Concept,skos:exactMatch,http://purl.obolibrary.org/obo/UBERON_0003687,foramen magnum,http://purl.obolibrary.org/obo/UBERON_0001062,1,orcid:0000-0002-7500-8096|orcid:0000-0001-8314-2140,orcid:0000-0002-7500-8096,2025-06-05,semapv:MappingReview
http://id.nlm.nih.gov/mesh/M0008792,Fovea Centralis,http://id.nlm.nih.gov/mesh/vocab#Concept,skos:exactMatch,http://purl.obolibrary.org/obo/UBERON_0001786,fovea centralis,http://purl.obolibrary.org/obo/UBERON_0001062,1,orcid:0000-0002-7500-8096|orcid:0000-0001-8314-2140,orcid:0000-0002-7500-8096,2025-06-05,semapv:MappingReview
http://id.nlm.nih.gov/mesh/M0008846,Frontal Bone,http://id.nlm.nih.gov/mesh/vocab#Concept,skos:exactMatch,http://purl.obolibrary.org/obo/UBERON_0000209,tetrapod frontal bone,http://purl.obolibrary.org/obo/UBERON_0001062,1,orcid:0000-0002-7500-8096|orcid:0000-0001-8314-2140,orcid:0000-0002-7500-8096,2025-06-05,semapv:MappingReview
http://id.nlm.nih.gov/mesh/M0008847,Broca Area,http://id.nlm.nih.gov/mesh/vocab#Concept,skos:exactMatch,http://purl.obolibrary.org/obo/UBERON_0006481,Brodmann (1909) area 44,http://purl.obolibrary.org/obo/UBERON_0001062,0.75,orcid:0000-0002-7500-8096|orcid:0000-0001-8314-2140,orcid:0000-0002-7500-8096,2025-06-05,semapv:MappingReview
http://id.nlm.nih.gov/mesh/M0008848,Frontal Lobe,http://id.nlm.nih.gov/mesh/vocab#Concept,skos:exactMatch,http://purl.obolibrary.org/obo/UBERON_0016525,frontal lobe,http://purl.obolibrary.org/obo/UBERON_0001062,1,orcid:0000-0002-7500-8096,orcid:0000-0002-7500-8096,2025-06-05,semapv:MappingReview
http://id.nlm.nih.gov/mesh/M0008849,Frontal Sinus,http://id.nlm.nih.gov/mesh/vocab#Concept,skos:exactMatch,http://purl.obolibrary.org/obo/UBERON_0001760,frontal sinus,http://purl.obolibrary.org/obo/UBERON_0001062,1,orcid:0000-0002-7500-8096|orcid:0000-0001-8314-2140,orcid:0000-0002-7500-8096,2025-06-05,semapv:MappingReview
http://id.nlm.nih.gov/mesh/M0008886,Fundus Oculi,http://id.nlm.nih.gov/mesh/vocab#Concept,skos:exactMatch,http://purl.obolibrary.org/obo/UBERON_0003951,ocular fundus,http://purl.obolibrary.org/obo/UBERON_0001062,1,orcid:0000-0002-7500-8096|orcid:0000-0001-8314-2140,orcid:0000-0002-7500-8096,2025-06-05,semapv:MappingReview
http://id.nlm.nih.gov/mesh/M0008957,Gallbladder,http://id.nlm.nih.gov/mesh/vocab#Concept,skos:exactMatch,http://purl.obolibrary.org/obo/UBERON_0002110,gallbladder,http://purl.obolibrary.org/obo/UBERON_0001062,1,orcid:0000-0002-7500-8096|orcid:0000-0001-8314-2140,orcid:0000-0002-7500-8096,2025-06-05,semapv:MappingReview
http://id.nlm.nih.gov/mesh/M0008978,Ganglia,http://id.nlm.nih.gov/mesh/vocab#Concept,skos:exactMatch,http://purl.obolibrary.org/obo/UBERON_0000045,ganglion,http://purl.obolibrary.org/obo/UBERON_0001062,1,orcid:0000-0002-7500-8096|orcid:0000-0001-8314-2140,orcid:0000-0002-7500-8096,2025-06-05,semapv:MappingReview
http://id.nlm.nih.gov/mesh/M0008979,"Ganglia, Autonomic",http://id.nlm.nih.gov/mesh/vocab#Concept,skos:exactMatch,http://purl.obolibrary.org/obo/UBERON_0001805,autonomic ganglion,http://purl.obolibrary.org/obo/UBERON_0001062,1,orcid:0000-0002-7500-8096|orcid:0000-0001-8314-2140,orcid:0000-0002-7500-8096,2025-06-05,semapv:MappingReview
http://id.nlm.nih.gov/mesh/M0008980,"Ganglia, Parasympathetic",http://id.nlm.nih.gov/mesh/vocab#Concept,skos:exactMatch,http://purl.obolibrary.org/obo/UBERON_0001808,parasympathetic ganglion,http://purl.obolibrary.org/obo/UBERON_0001062,1,orcid:0000-0002-7500-8096|orcid:0000-0001-8314-2140,orcid:0000-0002-7500-8096,2025-06-05,semapv:MappingReview
http://id.nlm.nih.gov/mesh/M0008981,"Ganglia, Spinal",http://id.nlm.nih.gov/mesh/vocab#Concept,skos:exactMatch,http://purl.obolibrary.org/obo/UBERON_0000044,dorsal root ganglion,http://purl.obolibrary.org/obo/UBERON_0001062,1,orcid:0000-0002-7500-8096|orcid:0000-0001-8314-2140,orcid:0000-0002-7500-8096,2025-06-05,semapv:MappingReview
http://id.nlm.nih.gov/mesh/M0008983,"Ganglia, Sympathetic",http://id.nlm.nih.gov/mesh/vocab#Concept,skos:exactMatch,http://purl.obolibrary.org/obo/UBERON_0001806,sympathetic ganglion,http://purl.obolibrary.org/obo/UBERON_0001062,1,orcid:0000-0002-7500-8096|orcid:0000-0001-8314-2140,orcid:0000-0002-7500-8096,2025-06-05,semapv:MappingReview
http://id.nlm.nih.gov/mesh/M0009004,Gastric Fundus,http://id.nlm.nih.gov/mesh/vocab#Concept,skos:exactMatch,http://purl.obolibrary.org/obo/UBERON_0001160,fundus of stomach,http://purl.obolibrary.org/obo/UBERON_0001062,1,orcid:0000-0002-7500-8096|orcid:0000-0001-8314-2140,orcid:0000-0002-7500-8096,2025-06-05,semapv:MappingReview
http://id.nlm.nih.gov/mesh/M0009010,Gastric Mucosa,http://id.nlm.nih.gov/mesh/vocab#Concept,skos:exactMatch,http://purl.obolibrary.org/obo/UBERON_0001199,mucosa of stomach,http://purl.obolibrary.org/obo/UBERON_0001062,1,orcid:0000-0002-7500-8096|orcid:0000-0001-8314-2140,orcid:0000-0002-7500-8096,2025-06-05,semapv:MappingReview
http://id.nlm.nih.gov/mesh/M0009153,Geniculate Ganglion,http://id.nlm.nih.gov/mesh/vocab#Concept,skos:exactMatch,http://purl.obolibrary.org/obo/UBERON_0001700,geniculate ganglion,http://purl.obolibrary.org/obo/UBERON_0001062,1,orcid:0000-0002-7500-8096,orcid:0000-0002-7500-8096,2025-06-05,semapv:MappingReview
http://id.nlm.nih.gov/mesh/M0009158,Genitalia,http://id.nlm.nih.gov/mesh/vocab#Concept,skos:exactMatch,http://purl.obolibrary.org/obo/UBERON_0003133,reproductive organ,http://purl.obolibrary.org/obo/UBERON_0001062,1,orcid:0000-0002-7500-8096|orcid:0000-0001-8314-2140,orcid:0000-0002-7500-8096,2025-06-05,semapv:MappingReview
http://id.nlm.nih.gov/mesh/M0009161,"Genitalia, Female",http://id.nlm.nih.gov/mesh/vocab#Concept,skos:exactMatch,http://purl.obolibrary.org/obo/UBERON_0003134,female reproductive organ,http://purl.obolibrary.org/obo/UBERON_0001062,1,orcid:0000-0002-7500-8096|orcid:0000-0001-8314-2140,orcid:0000-0002-7500-8096,2025-06-05,semapv:MappingReview
http://id.nlm.nih.gov/mesh/M0009164,"Genitalia, Male",http://id.nlm.nih.gov/mesh/vocab#Concept,skos:exactMatch,http://purl.obolibrary.org/obo/UBERON_0003135,male reproductive organ,http://purl.obolibrary.org/obo/UBERON_0001062,1,orcid:0000-0002-7500-8096|orcid:0000-0001-8314-2140,orcid:0000-0002-7500-8096,2025-06-05,semapv:MappingReview
http://id.nlm.nih.gov/mesh/M0009199,Germ Cells,http://id.nlm.nih.gov/mesh/vocab#Concept,skos:exactMatch,http://purl.obolibrary.org/obo/CL_0000586,germ cell,http://purl.obolibrary.org/obo/CL_0000000,1,orcid:0000-0002-7500-8096|orcid:0000-0001-8314-2140,orcid:0000-0002-7500-8096,2025-06-05,semapv:MappingReview
http://id.nlm.nih.gov/mesh/M0009294,Globus Pallidus,http://id.nlm.nih.gov/mesh/vocab#Concept,skos:exactMatch,http://purl.obolibrary.org/obo/UBERON_0001875,globus pallidus,http://purl.obolibrary.org/obo/UBERON_0001062,1,orcid:0000-0002-7500-8096|orcid:0000-0001-8314-2140,orcid:0000-0002-7500-8096,2025-06-05,semapv:MappingReview
http://id.nlm.nih.gov/mesh/M0009299,Glomerular Mesangium,http://id.nlm.nih.gov/mesh/vocab#Concept,skos:exactMatch,http://purl.obolibrary.org/obo/UBERON_0002320,glomerular mesangium,http://purl.obolibrary.org/obo/UBERON_0001062,1,orcid:0000-0002-7500-8096|orcid:0000-0001-8314-2140,orcid:0000-0002-7500-8096,2025-06-05,semapv:MappingReview
http://id.nlm.nih.gov/mesh/M0009304,Glomus Jugulare,http://id.nlm.nih.gov/mesh/vocab#Concept,skos:exactMatch,http://purl.obolibrary.org/obo/UBERON_0034972,jugular body,http://purl.obolibrary.org/obo/UBERON_0001062,1,orcid:0000-0002-7500-8096|orcid:0000-0001-8314-2140,orcid:0000-0002-7500-8096,2025-06-05,semapv:MappingReview
http://id.nlm.nih.gov/mesh/M0009311,Glossopharyngeal Nerve,http://id.nlm.nih.gov/mesh/vocab#Concept,skos:exactMatch,http://purl.obolibrary.org/obo/UBERON_0001649,glossopharyngeal nerve,http://purl.obolibrary.org/obo/UBERON_0001062,1,orcid:0000-0002-7500-8096|orcid:0000-0001-8314-2140,orcid:0000-0002-7500-8096,2025-06-05,semapv:MappingReview
http://id.nlm.nih.gov/mesh/M0009312,Glottis,http://id.nlm.nih.gov/mesh/vocab#Concept,skos:exactMatch,http://purl.obolibrary.org/obo/UBERON_0002486,glottis,http://purl.obolibrary.org/obo/UBERON_0001062,1,orcid:0000-0002-7500-8096|orcid:0000-0001-8314-2140,orcid:0000-0002-7500-8096,2025-06-05,semapv:MappingReview
http://id.nlm.nih.gov/mesh/M0009535,Golgi-Mazzoni Corpuscles,http://id.nlm.nih.gov/mesh/vocab#Concept,skos:exactMatch,http://purl.obolibrary.org/obo/UBERON_0003719,Pacinian corpuscle,http://purl.obolibrary.org/obo/UBERON_0001062,0.65,orcid:0000-0002-7500-8096|orcid:0000-0001-8314-2140,orcid:0000-0002-7500-8096,2025-06-05,semapv:MappingReview
http://id.nlm.nih.gov/mesh/M0009550,Gonads,http://id.nlm.nih.gov/mesh/vocab#Concept,skos:exactMatch,http://purl.obolibrary.org/obo/UBERON_0000991,gonad,http://purl.obolibrary.org/obo/UBERON_0001062,1,orcid:0000-0002-7500-8096,orcid:0000-0002-7500-8096,2025-06-05,semapv:MappingReview
http://id.nlm.nih.gov/mesh/M0009571,Ovarian Follicle,http://id.nlm.nih.gov/mesh/vocab#Concept,skos:exactMatch,http://purl.obolibrary.org/obo/UBERON_0001305,ovarian follicle,http://purl.obolibrary.org/obo/UBERON_0001062,1,orcid:0000-0002-7500-8096|orcid:0000-0001-8314-2140,orcid:0000-0002-7500-8096,2025-06-05,semapv:MappingReview
http://id.nlm.nih.gov/mesh/M0009603,Granulocytes,http://id.nlm.nih.gov/mesh/vocab#Concept,skos:exactMatch,http://purl.obolibrary.org/obo/CL_0000094,granulocyte,http://purl.obolibrary.org/obo/CL_0000000,1,orcid:0000-0002-7500-8096|orcid:0000-0001-8314-2140,orcid:0000-0002-7500-8096,2025-06-05,semapv:MappingReview
http://id.nlm.nih.gov/mesh/M0009617,Granulosa Cells,http://id.nlm.nih.gov/mesh/vocab#Concept,skos:exactMatch,http://purl.obolibrary.org/obo/CL_0000501,granulosa cell,http://purl.obolibrary.org/obo/CL_0000000,1,orcid:0000-0002-7500-8096|orcid:0000-0001-8314-2140,orcid:0000-0002-7500-8096,2025-06-05,semapv:MappingReview
http://id.nlm.nih.gov/mesh/M0009657,Growth Plate,http://id.nlm.nih.gov/mesh/vocab#Concept,skos:exactMatch,http://purl.obolibrary.org/obo/UBERON_0002516,epiphyseal plate,http://purl.obolibrary.org/obo/UBERON_0001062,1,orcid:0000-0002-7500-8096|orcid:0000-0001-8314-2140,orcid:0000-0002-7500-8096,2025-06-05,semapv:MappingReview
http://id.nlm.nih.gov/mesh/M0009719,Gyrus Cinguli,http://id.nlm.nih.gov/mesh/vocab#Concept,skos:exactMatch,http://purl.obolibrary.org/obo/UBERON_0002967,cingulate gyrus,http://purl.obolibrary.org/obo/UBERON_0001062,1,orcid:0000-0002-7500-8096|orcid:0000-0001-8314-2140,orcid:0000-0002-7500-8096,2025-06-05,semapv:MappingReview
http://id.nlm.nih.gov/mesh/M0009747,"Hair Cells, Auditory",http://id.nlm.nih.gov/mesh/vocab#Concept,skos:exactMatch,http://purl.obolibrary.org/obo/CL_0000202,auditory hair cell,http://purl.obolibrary.org/obo/CL_0000000,1,orcid:0000-0002-7500-8096|orcid:0000-0001-8314-2140,orcid:0000-0002-7500-8096,2025-06-05,semapv:MappingReview
http://id.nlm.nih.gov/mesh/M0009748,"Hair Cells, Auditory, Inner",http://id.nlm.nih.gov/mesh/vocab#Concept,skos:exactMatch,http://purl.obolibrary.org/obo/CL_0000589,cochlear inner hair cell,http://purl.obolibrary.org/obo/CL_0000000,1,orcid:0000-0002-7500-8096|orcid:0000-0001-8314-2140,orcid:0000-0002-7500-8096,2025-06-05,semapv:MappingReview
http://id.nlm.nih.gov/mesh/M0009936,Heart,http://id.nlm.nih.gov/mesh/vocab#Concept,skos:exactMatch,http://purl.obolibrary.org/obo/UBERON_0000948,heart,http://purl.obolibrary.org/obo/UBERON_0001062,1,orcid:0000-0002-7500-8096|orcid:0000-0001-8314-2140,orcid:0000-0002-7500-8096,2025-06-05,semapv:MappingReview
http://id.nlm.nih.gov/mesh/M0009941,Heart Atria,http://id.nlm.nih.gov/mesh/vocab#Concept,skos:exactMatch,http://purl.obolibrary.org/obo/UBERON_0002081,cardiac atrium,http://purl.obolibrary.org/obo/UBERON_0001062,1,orcid:0000-0002-7500-8096|orcid:0000-0001-8314-2140,orcid:0000-0002-7500-8096,2025-06-05,semapv:MappingReview
http://id.nlm.nih.gov/mesh/M0009948,Heart Conduction System,http://id.nlm.nih.gov/mesh/vocab#Concept,skos:exactMatch,http://purl.obolibrary.org/obo/UBERON_0002350,conducting system of heart,http://purl.obolibrary.org/obo/UBERON_0001062,1,orcid:0000-0002-7500-8096|orcid:0000-0001-8314-2140,orcid:0000-0002-7500-8096,2025-06-05,semapv:MappingReview
http://id.nlm.nih.gov/mesh/M0009968,Foramen Ovale,http://id.nlm.nih.gov/mesh/vocab#Concept,skos:exactMatch,http://purl.obolibrary.org/obo/UBERON_0004754,foramen ovale of heart,http://purl.obolibrary.org/obo/UBERON_0001062,1,orcid:0000-0002-7500-8096|orcid:0000-0001-8314-2140,orcid:0000-0002-7500-8096,2025-06-05,semapv:MappingReview
http://id.nlm.nih.gov/mesh/M0009969,Heart Septum,http://id.nlm.nih.gov/mesh/vocab#Concept,skos:exactMatch,http://purl.obolibrary.org/obo/UBERON_0002099,cardiac septum,http://purl.obolibrary.org/obo/UBERON_0001062,1,orcid:0000-0002-7500-8096|orcid:0000-0001-8314-2140,orcid:0000-0002-7500-8096,2025-06-05,semapv:MappingReview
http://id.nlm.nih.gov/mesh/M0009974,Heart Valves,http://id.nlm.nih.gov/mesh/vocab#Concept,skos:exactMatch,http://purl.obolibrary.org/obo/UBERON_0000946,cardiac valve,http://purl.obolibrary.org/obo/UBERON_0001062,1,orcid:0000-0002-7500-8096|orcid:0000-0001-8314-2140,orcid:0000-0002-7500-8096,2025-06-05,semapv:MappingReview
http://id.nlm.nih.gov/mesh/M0009975,Heart Ventricles,http://id.nlm.nih.gov/mesh/vocab#Concept,skos:exactMatch,http://purl.obolibrary.org/obo/UBERON_0002082,cardiac ventricle,http://purl.obolibrary.org/obo/UBERON_0001062,1,orcid:0000-0002-7500-8096|orcid:0000-0001-8314-2140,orcid:0000-0002-7500-8096,2025-06-05,semapv:MappingReview
http://id.nlm.nih.gov/mesh/M0010055,Hematopoietic Stem Cells,http://id.nlm.nih.gov/mesh/vocab#Concept,skos:exactMatch,http://purl.obolibrary.org/obo/CL_0000037,hematopoietic stem cell,http://purl.obolibrary.org/obo/CL_0000000,1,orcid:0000-0002-7500-8096,orcid:0000-0002-7500-8096,2025-06-05,semapv:MappingReview
http://id.nlm.nih.gov/mesh/M0010057,Hematopoietic System,http://id.nlm.nih.gov/mesh/vocab#Concept,skos:exactMatch,http://purl.obolibrary.org/obo/UBERON_0002390,hematopoietic system,http://purl.obolibrary.org/obo/UBERON_0001062,1,orcid:0000-0002-7500-8096|orcid:0000-0001-8314-2140,orcid:0000-0002-7500-8096,2025-06-05,semapv:MappingReview
http://id.nlm.nih.gov/mesh/M0010071,Hemic and Immune Systems,http://id.nlm.nih.gov/mesh/vocab#Concept,skos:exactMatch,http://purl.obolibrary.org/obo/UBERON_0002193,hemolymphoid system,http://purl.obolibrary.org/obo/UBERON_0001062,1,orcid:0000-0002-7500-8096|orcid:0000-0001-8314-2140,orcid:0000-0002-7500-8096,2025-06-05,semapv:MappingReview
http://id.nlm.nih.gov/mesh/M0010101,Hemocytes,http://id.nlm.nih.gov/mesh/vocab#Concept,skos:exactMatch,http://purl.obolibrary.org/obo/CL_0000390,blood cell (sensu Nematoda and Protostomia),http://purl.obolibrary.org/obo/CL_0000000,1,orcid:0000-0002-7500-8096|orcid:0000-0001-8314-2140,orcid:0000-0002-7500-8096,2025-06-05,semapv:MappingReview
http://id.nlm.nih.gov/mesh/M0010196,Hepatic Artery,http://id.nlm.nih.gov/mesh/vocab#Concept,skos:exactMatch,http://purl.obolibrary.org/obo/UBERON_0001193,hepatic artery,http://purl.obolibrary.org/obo/UBERON_0001062,1,orcid:0000-0002-7500-8096|orcid:0000-0001-8314-2140,orcid:0000-0002-7500-8096,2025-06-05,semapv:MappingReview
http://id.nlm.nih.gov/mesh/M0010197,"Hepatic Duct, Common",http://id.nlm.nih.gov/mesh/vocab#Concept,skos:exactMatch,http://purl.obolibrary.org/obo/UBERON_0001175,common hepatic duct,http://purl.obolibrary.org/obo/UBERON_0001062,1,orcid:0000-0002-7500-8096|orcid:0000-0001-8314-2140,orcid:0000-0002-7500-8096,2025-06-05,semapv:MappingReview
http://id.nlm.nih.gov/mesh/M0010203,Hepatic Veins,http://id.nlm.nih.gov/mesh/vocab#Concept,skos:exactMatch,http://purl.obolibrary.org/obo/UBERON_0001143,hepatic vein,http://purl.obolibrary.org/obo/UBERON_0001062,1,orcid:0000-0002-7500-8096|orcid:0000-0001-8314-2140,orcid:0000-0002-7500-8096,2025-06-05,semapv:MappingReview
http://id.nlm.nih.gov/mesh/M0010370,Hip Joint,http://id.nlm.nih.gov/mesh/vocab#Concept,skos:exactMatch,http://purl.obolibrary.org/obo/UBERON_0001486,hip joint,http://purl.obolibrary.org/obo/UBERON_0001062,1,orcid:0000-0002-7500-8096|orcid:0000-0001-8314-2140,orcid:0000-0002-7500-8096,2025-06-05,semapv:MappingReview
http://id.nlm.nih.gov/mesh/M0010374,Hippocampus,http://id.nlm.nih.gov/mesh/vocab#Concept,skos:exactMatch,http://purl.obolibrary.org/obo/UBERON_0002421,hippocampal formation,http://purl.obolibrary.org/obo/UBERON_0001062,1,orcid:0000-0002-7500-8096|orcid:0000-0001-8314-2140,orcid:0000-0002-7500-8096,2025-06-05,semapv:MappingReview
http://id.nlm.nih.gov/mesh/M0010405,Histiocytes,http://id.nlm.nih.gov/mesh/vocab#Concept,skos:exactMatch,http://purl.obolibrary.org/obo/CL_0000235,macrophage,http://purl.obolibrary.org/obo/CL_0000000,0.65,orcid:0000-0002-7500-8096|orcid:0000-0001-8314-2140,orcid:0000-0002-7500-8096,2025-06-05,semapv:MappingReview
http://id.nlm.nih.gov/mesh/M0010654,Humerus,http://id.nlm.nih.gov/mesh/vocab#Concept,skos:exactMatch,http://purl.obolibrary.org/obo/UBERON_0000976,humerus,http://purl.obolibrary.org/obo/UBERON_0001062,1,orcid:0000-0002-7500-8096,orcid:0000-0002-7500-8096,2025-06-05,semapv:MappingReview
http://id.nlm.nih.gov/mesh/M0010802,Hymen,http://id.nlm.nih.gov/mesh/vocab#Concept,skos:exactMatch,http://purl.obolibrary.org/obo/UBERON_0001346,vaginal hymen,http://purl.obolibrary.org/obo/UBERON_0001062,1,orcid:0000-0002-7500-8096|orcid:0000-0001-8314-2140,orcid:0000-0002-7500-8096,2025-06-05,semapv:MappingReview
http://id.nlm.nih.gov/mesh/M0010806,Hyoid Bone,http://id.nlm.nih.gov/mesh/vocab#Concept,skos:exactMatch,http://purl.obolibrary.org/obo/UBERON_0001685,hyoid bone,http://purl.obolibrary.org/obo/UBERON_0001062,1,orcid:0000-0002-7500-8096|orcid:0000-0001-8314-2140,orcid:0000-0002-7500-8096,2025-06-05,semapv:MappingReview
http://id.nlm.nih.gov/mesh/M0010898,Hypogastric Plexus,http://id.nlm.nih.gov/mesh/vocab#Concept,skos:exactMatch,http://purl.obolibrary.org/obo/UBERON_0005303,hypogastric nerve,http://purl.obolibrary.org/obo/UBERON_0001062,1,orcid:0000-0002-7500-8096|orcid:0000-0001-8314-2140,orcid:0000-0002-7500-8096,2025-06-05,semapv:MappingReview
http://id.nlm.nih.gov/mesh/M0010900,Hypoglossal Nerve,http://id.nlm.nih.gov/mesh/vocab#Concept,skos:exactMatch,http://purl.obolibrary.org/obo/UBERON_0001650,hypoglossal nerve,http://purl.obolibrary.org/obo/UBERON_0001062,1,orcid:0000-0002-7500-8096|orcid:0000-0001-8314-2140,orcid:0000-0002-7500-8096,2025-06-05,semapv:MappingReview
http://id.nlm.nih.gov/mesh/M0010914,Hypopharynx,http://id.nlm.nih.gov/mesh/vocab#Concept,skos:exactMatch,http://purl.obolibrary.org/obo/UBERON_0001051,hypopharynx,http://purl.obolibrary.org/obo/UBERON_0001062,1,orcid:0000-0002-7500-8096|orcid:0000-0001-8314-2140,orcid:0000-0002-7500-8096,2025-06-05,semapv:MappingReview
http://id.nlm.nih.gov/mesh/M0010931,Anterior Hypothalamic Nucleus,http://id.nlm.nih.gov/mesh/vocab#Concept,skos:exactMatch,http://purl.obolibrary.org/obo/UBERON_0002634,anterior nucleus of hypothalamus,http://purl.obolibrary.org/obo/UBERON_0001062,1,orcid:0000-0002-7500-8096|orcid:0000-0001-8314-2140,orcid:0000-0002-7500-8096,2025-06-05,semapv:MappingReview
http://id.nlm.nih.gov/mesh/M0010932,"Hypothalamic Area, Lateral",http://id.nlm.nih.gov/mesh/vocab#Concept,skos:exactMatch,http://purl.obolibrary.org/obo/UBERON_0002430,lateral hypothalamic area,http://purl.obolibrary.org/obo/UBERON_0001062,1,orcid:0000-0002-7500-8096|orcid:0000-0001-8314-2140,orcid:0000-0002-7500-8096,2025-06-05,semapv:MappingReview
http://id.nlm.nih.gov/mesh/M0010938,Hypothalamo-Hypophyseal System,http://id.nlm.nih.gov/mesh/vocab#Concept,skos:exactMatch,http://purl.obolibrary.org/obo/UBERON_0009976,hypothalamo-hypophyseal system,http://purl.obolibrary.org/obo/UBERON_0001062,1,orcid:0000-0002-7500-8096|orcid:0000-0001-8314-2140,orcid:0000-0002-7500-8096,2025-06-05,semapv:MappingReview
http://id.nlm.nih.gov/mesh/M0010939,Hypothalamus,http://id.nlm.nih.gov/mesh/vocab#Concept,skos:exactMatch,http://purl.obolibrary.org/obo/UBERON_0001898,hypothalamus,http://purl.obolibrary.org/obo/UBERON_0001062,1,orcid:0000-0002-7500-8096|orcid:0000-0001-8314-2140,orcid:0000-0002-7500-8096,2025-06-05,semapv:MappingReview
http://id.nlm.nih.gov/mesh/M0010940,"Hypothalamus, Anterior",http://id.nlm.nih.gov/mesh/vocab#Concept,skos:exactMatch,http://purl.obolibrary.org/obo/UBERON_0002550,anterior hypothalamic region,http://purl.obolibrary.org/obo/UBERON_0001062,1,orcid:0000-0002-7500-8096|orcid:0000-0001-8314-2140,orcid:0000-0002-7500-8096,2025-06-05,semapv:MappingReview
http://id.nlm.nih.gov/mesh/M0010942,"Hypothalamus, Middle",http://id.nlm.nih.gov/mesh/vocab#Concept,skos:exactMatch,http://purl.obolibrary.org/obo/UBERON_0002555,intermediate hypothalamic region,http://purl.obolibrary.org/obo/UBERON_0001062,1,orcid:0000-0002-7500-8096|orcid:0000-0001-8314-2140,orcid:0000-0002-7500-8096,2025-06-05,semapv:MappingReview
http://id.nlm.nih.gov/mesh/M0010943,"Hypothalamus, Posterior",http://id.nlm.nih.gov/mesh/vocab#Concept,skos:exactMatch,http://purl.obolibrary.org/obo/UBERON_0002770,posterior hypothalamic region,http://purl.obolibrary.org/obo/UBERON_0001062,1,orcid:0000-0002-7500-8096,orcid:0000-0002-7500-8096,2025-06-05,semapv:MappingReview
http://id.nlm.nih.gov/mesh/M0011026,Ileocecal Valve,http://id.nlm.nih.gov/mesh/vocab#Concept,skos:exactMatch,http://purl.obolibrary.org/obo/UBERON_0000569,ileocecal valve,http://purl.obolibrary.org/obo/UBERON_0001062,1,orcid:0000-0002-7500-8096|orcid:0000-0001-8314-2140,orcid:0000-0002-7500-8096,2025-06-05,semapv:MappingReview
http://id.nlm.nih.gov/mesh/M0011030,Ileum,http://id.nlm.nih.gov/mesh/vocab#Concept,skos:exactMatch,http://purl.obolibrary.org/obo/UBERON_0002116,ileum,http://purl.obolibrary.org/obo/UBERON_0001062,1,orcid:0000-0002-7500-8096|orcid:0000-0001-8314-2140,orcid:0000-0002-7500-8096,2025-06-05,semapv:MappingReview
http://id.nlm.nih.gov/mesh/M0011031,Iliac Artery,http://id.nlm.nih.gov/mesh/vocab#Concept,skos:exactMatch,http://purl.obolibrary.org/obo/UBERON_0005609,iliac artery,http://purl.obolibrary.org/obo/UBERON_0001062,1,orcid:0000-0002-7500-8096|orcid:0000-0001-8314-2140,orcid:0000-0002-7500-8096,2025-06-05,semapv:MappingReview
http://id.nlm.nih.gov/mesh/M0011032,Iliac Vein,http://id.nlm.nih.gov/mesh/vocab#Concept,skos:exactMatch,http://purl.obolibrary.org/obo/UBERON_0005610,iliac vein,http://purl.obolibrary.org/obo/UBERON_0001062,1,orcid:0000-0002-7500-8096|orcid:0000-0001-8314-2140,orcid:0000-0002-7500-8096,2025-06-05,semapv:MappingReview
http://id.nlm.nih.gov/mesh/M0011033,Ilium,http://id.nlm.nih.gov/mesh/vocab#Concept,skos:exactMatch,http://purl.obolibrary.org/obo/UBERON_0001273,ilium,http://purl.obolibrary.org/obo/UBERON_0001062,1,orcid:0000-0002-7500-8096|orcid:0000-0001-8314-2140,orcid:0000-0002-7500-8096,2025-06-05,semapv:MappingReview
http://id.nlm.nih.gov/mesh/M0011068,Immune System,http://id.nlm.nih.gov/mesh/vocab#Concept,skos:exactMatch,http://purl.obolibrary.org/obo/UBERON_0002405,immune system,http://purl.obolibrary.org/obo/UBERON_0001062,1,orcid:0000-0002-7500-8096|orcid:0000-0001-8314-2140,orcid:0000-0002-7500-8096,2025-06-05,semapv:MappingReview
http://id.nlm.nih.gov/mesh/M0011301,Inferior Colliculi,http://id.nlm.nih.gov/mesh/vocab#Concept,skos:exactMatch,http://purl.obolibrary.org/obo/UBERON_0001946,inferior colliculus,http://purl.obolibrary.org/obo/UBERON_0001062,1,orcid:0000-0002-7500-8096|orcid:0000-0001-8314-2140,orcid:0000-0002-7500-8096,2025-06-05,semapv:MappingReview
http://id.nlm.nih.gov/mesh/M0011485,Intercostal Muscles,http://id.nlm.nih.gov/mesh/vocab#Concept,skos:exactMatch,http://purl.obolibrary.org/obo/UBERON_0001111,intercostal muscle,http://purl.obolibrary.org/obo/UBERON_0001062,1,orcid:0000-0002-7500-8096|orcid:0000-0001-8314-2140,orcid:0000-0002-7500-8096,2025-06-05,semapv:MappingReview
http://id.nlm.nih.gov/mesh/M0011486,Intercostal Nerves,http://id.nlm.nih.gov/mesh/vocab#Concept,skos:exactMatch,http://purl.obolibrary.org/obo/UBERON_0003727,intercostal nerve,http://purl.obolibrary.org/obo/UBERON_0001062,1,orcid:0000-0002-7500-8096|orcid:0000-0001-8314-2140,orcid:0000-0002-7500-8096,2025-06-05,semapv:MappingReview
http://id.nlm.nih.gov/mesh/M0011531,Interneurons,http://id.nlm.nih.gov/mesh/vocab#Concept,skos:exactMatch,http://purl.obolibrary.org/obo/CL_0000099,interneuron,http://purl.obolibrary.org/obo/CL_0000000,1,orcid:0000-0002-7500-8096|orcid:0000-0001-8314-2140,orcid:0000-0002-7500-8096,2025-06-05,semapv:MappingReview
http://id.nlm.nih.gov/mesh/M0011558,Intervertebral Disc,http://id.nlm.nih.gov/mesh/vocab#Concept,skos:exactMatch,http://purl.obolibrary.org/obo/UBERON_0001066,intervertebral disk,http://purl.obolibrary.org/obo/UBERON_0001062,1,orcid:0000-0002-7500-8096|orcid:0000-0001-8314-2140,orcid:0000-0002-7500-8096,2025-06-05,semapv:MappingReview
http://id.nlm.nih.gov/mesh/M0011572,Intestinal Mucosa,http://id.nlm.nih.gov/mesh/vocab#Concept,skos:exactMatch,http://purl.obolibrary.org/obo/UBERON_0001242,intestinal mucosa,http://purl.obolibrary.org/obo/UBERON_0001062,1,orcid:0000-0002-7500-8096|orcid:0000-0001-8314-2140,orcid:0000-0002-7500-8096,2025-06-05,semapv:MappingReview
http://id.nlm.nih.gov/mesh/M0011584,"Intestine, Large",http://id.nlm.nih.gov/mesh/vocab#Concept,skos:exactMatch,http://purl.obolibrary.org/obo/UBERON_0000059,large intestine,http://purl.obolibrary.org/obo/UBERON_0001062,1,orcid:0000-0002-7500-8096|orcid:0000-0001-8314-2140,orcid:0000-0002-7500-8096,2025-06-05,semapv:MappingReview
http://id.nlm.nih.gov/mesh/M0011585,"Intestine, Small",http://id.nlm.nih.gov/mesh/vocab#Concept,skos:exactMatch,http://purl.obolibrary.org/obo/UBERON_0002108,small intestine,http://purl.obolibrary.org/obo/UBERON_0001062,1,orcid:0000-0002-7500-8096|orcid:0000-0001-8314-2140,orcid:0000-0002-7500-8096,2025-06-05,semapv:MappingReview
http://id.nlm.nih.gov/mesh/M0011586,Intestines,http://id.nlm.nih.gov/mesh/vocab#Concept,skos:exactMatch,http://purl.obolibrary.org/obo/UBERON_0000160,intestine,http://purl.obolibrary.org/obo/UBERON_0001062,1,orcid:0000-0002-7500-8096|orcid:0000-0001-8314-2140,orcid:0000-0002-7500-8096,2025-06-05,semapv:MappingReview
http://id.nlm.nih.gov/mesh/M0011715,Iris,http://id.nlm.nih.gov/mesh/vocab#Concept,skos:exactMatch,http://purl.obolibrary.org/obo/UBERON_0001769,iris,http://purl.obolibrary.org/obo/UBERON_0001062,1,orcid:0000-0002-7500-8096|orcid:0000-0001-8314-2140,orcid:0000-0002-7500-8096,2025-06-05,semapv:MappingReview
http://id.nlm.nih.gov/mesh/M0011735,Ischium,http://id.nlm.nih.gov/mesh/vocab#Concept,skos:exactMatch,http://purl.obolibrary.org/obo/UBERON_0001274,ischium,http://purl.obolibrary.org/obo/UBERON_0001062,1,orcid:0000-0002-7500-8096|orcid:0000-0001-8314-2140,orcid:0000-0002-7500-8096,2025-06-05,semapv:MappingReview
http://id.nlm.nih.gov/mesh/M0011741,Islets of Langerhans,http://id.nlm.nih.gov/mesh/vocab#Concept,skos:exactMatch,http://purl.obolibrary.org/obo/UBERON_0000006,islet of Langerhans,http://purl.obolibrary.org/obo/UBERON_0001062,1,orcid:0000-0002-7500-8096|orcid:0000-0001-8314-2140,orcid:0000-0002-7500-8096,2025-06-05,semapv:MappingReview
http://id.nlm.nih.gov/mesh/M0011742,Glucagon-Secreting Cells,http://id.nlm.nih.gov/mesh/vocab#Concept,skos:exactMatch,http://purl.obolibrary.org/obo/CL_0000170,glucagon secreting cell,http://purl.obolibrary.org/obo/CL_0000000,1,orcid:0000-0002-7500-8096|orcid:0000-0001-8314-2140,orcid:0000-0002-7500-8096,2025-06-05,semapv:MappingReview
http://id.nlm.nih.gov/mesh/M0011743,Insulin-Secreting Cells,http://id.nlm.nih.gov/mesh/vocab#Concept,skos:exactMatch,http://purl.obolibrary.org/obo/CL_0000168,insulin secreting cell,http://purl.obolibrary.org/obo/CL_0000000,1,orcid:0000-0002-7500-8096|orcid:0000-0001-8314-2140,orcid:0000-0002-7500-8096,2025-06-05,semapv:MappingReview
http://id.nlm.nih.gov/mesh/M0011825,Jaw,http://id.nlm.nih.gov/mesh/vocab#Concept,skos:exactMatch,http://purl.obolibrary.org/obo/UBERON_0012360,bone of jaw,http://purl.obolibrary.org/obo/UBERON_0001062,1,orcid:0000-0002-7500-8096|orcid:0000-0001-8314-2140,orcid:0000-0002-7500-8096,2025-06-05,semapv:MappingReview
http://id.nlm.nih.gov/mesh/M0011844,Jejunum,http://id.nlm.nih.gov/mesh/vocab#Concept,skos:exactMatch,http://purl.obolibrary.org/obo/UBERON_0002115,jejunum,http://purl.obolibrary.org/obo/UBERON_0001062,1,orcid:0000-0002-7500-8096|orcid:0000-0001-8314-2140,orcid:0000-0002-7500-8096,2025-06-05,semapv:MappingReview
http://id.nlm.nih.gov/mesh/M0011865,Joints,http://id.nlm.nih.gov/mesh/vocab#Concept,skos:exactMatch,http://purl.obolibrary.org/obo/UBERON_0000982,skeletal joint,http://purl.obolibrary.org/obo/UBERON_0001062,1,orcid:0000-0002-7500-8096|orcid:0000-0001-8314-2140,orcid:0000-0002-7500-8096,2025-06-05,semapv:MappingReview
http://id.nlm.nih.gov/mesh/M0011872,Jugular Veins,http://id.nlm.nih.gov/mesh/vocab#Concept,skos:exactMatch,http://purl.obolibrary.org/obo/UBERON_0004711,jugular vein,http://purl.obolibrary.org/obo/UBERON_0001062,1,orcid:0000-0002-7500-8096|orcid:0000-0001-8314-2140,orcid:0000-0002-7500-8096,2025-06-05,semapv:MappingReview
http://id.nlm.nih.gov/mesh/M0011890,Juxtaglomerular Apparatus,http://id.nlm.nih.gov/mesh/vocab#Concept,skos:exactMatch,http://purl.obolibrary.org/obo/UBERON_0002303,juxtaglomerular apparatus,http://purl.obolibrary.org/obo/UBERON_0001062,1,orcid:0000-0002-7500-8096|orcid:0000-0001-8314-2140,orcid:0000-0002-7500-8096,2025-06-05,semapv:MappingReview
http://id.nlm.nih.gov/mesh/M0012006,Kidney,http://id.nlm.nih.gov/mesh/vocab#Concept,skos:exactMatch,http://purl.obolibrary.org/obo/UBERON_0002113,kidney,http://purl.obolibrary.org/obo/UBERON_0001062,1,orcid:0000-0002-7500-8096|orcid:0000-0001-8314-2140,orcid:0000-0002-7500-8096,2025-06-05,semapv:MappingReview
http://id.nlm.nih.gov/mesh/M0012010,Kidney Calices,http://id.nlm.nih.gov/mesh/vocab#Concept,skos:exactMatch,http://purl.obolibrary.org/obo/UBERON_0006517,kidney calyx,http://purl.obolibrary.org/obo/UBERON_0001062,1,orcid:0000-0002-7500-8096|orcid:0000-0001-8314-2140,orcid:0000-0002-7500-8096,2025-06-05,semapv:MappingReview
http://id.nlm.nih.gov/mesh/M0012012,Kidney Cortex,http://id.nlm.nih.gov/mesh/vocab#Concept,skos:exactMatch,http://purl.obolibrary.org/obo/UBERON_0001225,cortex of kidney,http://purl.obolibrary.org/obo/UBERON_0001062,1,orcid:0000-0002-7500-8096|orcid:0000-0001-8314-2140,orcid:0000-0002-7500-8096,2025-06-05,semapv:MappingReview
http://id.nlm.nih.gov/mesh/M0012018,Kidney Glomerulus,http://id.nlm.nih.gov/mesh/vocab#Concept,skos:exactMatch,http://purl.obolibrary.org/obo/UBERON_0000074,renal glomerulus,http://purl.obolibrary.org/obo/UBERON_0001062,1,orcid:0000-0002-7500-8096|orcid:0000-0001-8314-2140,orcid:0000-0002-7500-8096,2025-06-05,semapv:MappingReview
http://id.nlm.nih.gov/mesh/M0012019,Kidney Medulla,http://id.nlm.nih.gov/mesh/vocab#Concept,skos:exactMatch,http://purl.obolibrary.org/obo/UBERON_0000362,renal medulla,http://purl.obolibrary.org/obo/UBERON_0001062,1,orcid:0000-0002-7500-8096|orcid:0000-0001-8314-2140,orcid:0000-0002-7500-8096,2025-06-05,semapv:MappingReview
http://id.nlm.nih.gov/mesh/M0012023,Kidney Pelvis,http://id.nlm.nih.gov/mesh/vocab#Concept,skos:exactMatch,http://purl.obolibrary.org/obo/UBERON_0001224,renal pelvis,http://purl.obolibrary.org/obo/UBERON_0001062,1,orcid:0000-0002-7500-8096|orcid:0000-0001-8314-2140,orcid:0000-0002-7500-8096,2025-06-05,semapv:MappingReview
http://id.nlm.nih.gov/mesh/M0012025,Kidney Tubules,http://id.nlm.nih.gov/mesh/vocab#Concept,skos:exactMatch,http://purl.obolibrary.org/obo/UBERON_0001231,nephron tubule,http://purl.obolibrary.org/obo/UBERON_0001062,1,orcid:0000-0002-7500-8096|orcid:0000-0001-8314-2140,orcid:0000-0002-7500-8096,2025-06-05,semapv:MappingReview
http://id.nlm.nih.gov/mesh/M0012026,"Kidney Tubules, Collecting",http://id.nlm.nih.gov/mesh/vocab#Concept,skos:exactMatch,http://purl.obolibrary.org/obo/UBERON_0001232,collecting duct of renal tubule,http://purl.obolibrary.org/obo/UBERON_0001062,1,orcid:0000-0002-7500-8096|orcid:0000-0001-8314-2140,orcid:0000-0002-7500-8096,2025-06-05,semapv:MappingReview
http://id.nlm.nih.gov/mesh/M0012027,"Kidney Tubules, Distal",http://id.nlm.nih.gov/mesh/vocab#Concept,skos:exactMatch,http://purl.obolibrary.org/obo/UBERON_0004135,distal tubule,http://purl.obolibrary.org/obo/UBERON_0001062,1,orcid:0000-0002-7500-8096|orcid:0000-0001-8314-2140,orcid:0000-0002-7500-8096,2025-06-05,semapv:MappingReview
http://id.nlm.nih.gov/mesh/M0012028,"Kidney Tubules, Proximal",http://id.nlm.nih.gov/mesh/vocab#Concept,skos:exactMatch,http://purl.obolibrary.org/obo/UBERON_0004134,proximal tubule,http://purl.obolibrary.org/obo/UBERON_0001062,1,orcid:0000-0002-7500-8096|orcid:0000-0001-8314-2140,orcid:0000-0002-7500-8096,2025-06-05,semapv:MappingReview
http://id.nlm.nih.gov/mesh/M0012035,"Killer Cells, Natural",http://id.nlm.nih.gov/mesh/vocab#Concept,skos:exactMatch,http://purl.obolibrary.org/obo/CL_0000623,natural killer cell,http://purl.obolibrary.org/obo/CL_0000000,1,orcid:0000-0002-7500-8096|orcid:0000-0001-8314-2140,orcid:0000-0002-7500-8096,2025-06-05,semapv:MappingReview
http://id.nlm.nih.gov/mesh/M0012068,Knee Joint,http://id.nlm.nih.gov/mesh/vocab#Concept,skos:exactMatch,http://purl.obolibrary.org/obo/UBERON_0001485,knee joint,http://purl.obolibrary.org/obo/UBERON_0001062,1,orcid:0000-0002-7500-8096|orcid:0000-0001-8314-2140,orcid:0000-0002-7500-8096,2025-06-05,semapv:MappingReview
http://id.nlm.nih.gov/mesh/M0012083,Kupffer Cells,http://id.nlm.nih.gov/mesh/vocab#Concept,skos:exactMatch,http://purl.obolibrary.org/obo/CL_0000091,Kupffer cell,http://purl.obolibrary.org/obo/CL_0000000,1,orcid:0000-0002-7500-8096|orcid:0000-0001-8314-2140,orcid:0000-0002-7500-8096,2025-06-05,semapv:MappingReview
http://id.nlm.nih.gov/mesh/M0012133,Lacrimal Apparatus,http://id.nlm.nih.gov/mesh/vocab#Concept,skos:exactMatch,http://purl.obolibrary.org/obo/UBERON_0001750,lacrimal apparatus,http://purl.obolibrary.org/obo/UBERON_0001062,1,orcid:0000-0002-7500-8096|orcid:0000-0001-8314-2140,orcid:0000-0002-7500-8096,2025-06-05,semapv:MappingReview
http://id.nlm.nih.gov/mesh/M0012200,Langerhans Cells,http://id.nlm.nih.gov/mesh/vocab#Concept,skos:exactMatch,http://purl.obolibrary.org/obo/CL_0000453,Langerhans cell,http://purl.obolibrary.org/obo/CL_0000000,1,orcid:0000-0002-7500-8096|orcid:0000-0001-8314-2140,orcid:0000-0002-7500-8096,2025-06-05,semapv:MappingReview
http://id.nlm.nih.gov/mesh/M0012225,Laryngeal Cartilages,http://id.nlm.nih.gov/mesh/vocab#Concept,skos:exactMatch,http://purl.obolibrary.org/obo/UBERON_0001739,laryngeal cartilage,http://purl.obolibrary.org/obo/UBERON_0001062,1,orcid:0000-0002-7500-8096|orcid:0000-0001-8314-2140,orcid:0000-0002-7500-8096,2025-06-05,semapv:MappingReview
http://id.nlm.nih.gov/mesh/M0012229,Laryngeal Mucosa,http://id.nlm.nih.gov/mesh/vocab#Concept,skos:exactMatch,http://purl.obolibrary.org/obo/UBERON_0001824,mucosa of larynx,http://purl.obolibrary.org/obo/UBERON_0001062,1,orcid:0000-0002-7500-8096|orcid:0000-0001-8314-2140,orcid:0000-0002-7500-8096,2025-06-05,semapv:MappingReview
http://id.nlm.nih.gov/mesh/M0012230,Laryngeal Muscles,http://id.nlm.nih.gov/mesh/vocab#Concept,skos:exactMatch,http://purl.obolibrary.org/obo/UBERON_0004478,musculature of larynx,http://purl.obolibrary.org/obo/UBERON_0001062,1,orcid:0000-0002-7500-8096|orcid:0000-0001-8314-2140,orcid:0000-0002-7500-8096,2025-06-05,semapv:MappingReview
http://id.nlm.nih.gov/mesh/M0012232,Laryngeal Nerves,http://id.nlm.nih.gov/mesh/vocab#Concept,skos:exactMatch,http://purl.obolibrary.org/obo/UBERON_0035642,laryngeal nerve,http://purl.obolibrary.org/obo/UBERON_0001062,1,orcid:0000-0002-7500-8096|orcid:0000-0001-8314-2140,orcid:0000-0002-7500-8096,2025-06-05,semapv:MappingReview
http://id.nlm.nih.gov/mesh/M0012239,Larynx,http://id.nlm.nih.gov/mesh/vocab#Concept,skos:exactMatch,http://purl.obolibrary.org/obo/UBERON_0001737,larynx,http://purl.obolibrary.org/obo/UBERON_0001062,1,orcid:0000-0002-7500-8096|orcid:0000-0001-8314-2140,orcid:0000-0002-7500-8096,2025-06-05,semapv:MappingReview
http://id.nlm.nih.gov/mesh/M0012282,Leg Bones,http://id.nlm.nih.gov/mesh/vocab#Concept,skos:exactMatch,http://purl.obolibrary.org/obo/UBERON_0005893,leg bone,http://purl.obolibrary.org/obo/UBERON_0001062,1,orcid:0000-0002-7500-8096|orcid:0000-0001-8314-2140,orcid:0000-0002-7500-8096,2025-06-05,semapv:MappingReview
http://id.nlm.nih.gov/mesh/M0012344,"Lens Capsule, Crystalline",http://id.nlm.nih.gov/mesh/vocab#Concept,skos:exactMatch,http://purl.obolibrary.org/obo/UBERON_0001804,capsule of lens,http://purl.obolibrary.org/obo/UBERON_0001062,1,orcid:0000-0002-7500-8096|orcid:0000-0001-8314-2140,orcid:0000-0002-7500-8096,2025-06-05,semapv:MappingReview
http://id.nlm.nih.gov/mesh/M0012345,"Lens Cortex, Crystalline",http://id.nlm.nih.gov/mesh/vocab#Concept,skos:exactMatch,http://purl.obolibrary.org/obo/UBERON_0000389,lens cortex,http://purl.obolibrary.org/obo/UBERON_0001062,1,orcid:0000-0002-7500-8096|orcid:0000-0001-8314-2140,orcid:0000-0002-7500-8096,2025-06-05,semapv:MappingReview
http://id.nlm.nih.gov/mesh/M0012350,"Lens Nucleus, Crystalline",http://id.nlm.nih.gov/mesh/vocab#Concept,skos:exactMatch,http://purl.obolibrary.org/obo/UBERON_0000390,lens nucleus,http://purl.obolibrary.org/obo/UBERON_0001062,1,orcid:0000-0002-7500-8096|orcid:0000-0001-8314-2140,orcid:0000-0002-7500-8096,2025-06-05,semapv:MappingReview
http://id.nlm.nih.gov/mesh/M0012351,"Lens, Crystalline",http://id.nlm.nih.gov/mesh/vocab#Concept,skos:exactMatch,http://purl.obolibrary.org/obo/UBERON_0000965,lens of camera-type eye,http://purl.obolibrary.org/obo/UBERON_0001062,1,orcid:0000-0002-7500-8096|orcid:0000-0001-8314-2140,orcid:0000-0002-7500-8096,2025-06-05,semapv:MappingReview
http://id.nlm.nih.gov/mesh/M0012411,Leukocytes,http://id.nlm.nih.gov/mesh/vocab#Concept,skos:exactMatch,http://purl.obolibrary.org/obo/CL_0000738,leukocyte,http://purl.obolibrary.org/obo/CL_0000000,1,orcid:0000-0002-7500-8096|orcid:0000-0001-8314-2140,orcid:0000-0002-7500-8096,2025-06-05,semapv:MappingReview
http://id.nlm.nih.gov/mesh/M0012412,"Leukocytes, Mononuclear",http://id.nlm.nih.gov/mesh/vocab#Concept,skos:exactMatch,http://purl.obolibrary.org/obo/CL_0000842,mononuclear cell,http://purl.obolibrary.org/obo/CL_0000000,1,orcid:0000-0002-7500-8096|orcid:0000-0001-8314-2140,orcid:0000-0002-7500-8096,2025-06-05,semapv:MappingReview
http://id.nlm.nih.gov/mesh/M0012443,Leydig Cells,http://id.nlm.nih.gov/mesh/vocab#Concept,skos:exactMatch,http://purl.obolibrary.org/obo/CL_0000178,Leydig cell,http://purl.obolibrary.org/obo/CL_0000000,1,orcid:0000-0002-7500-8096|orcid:0000-0001-8314-2140,orcid:0000-0002-7500-8096,2025-06-05,semapv:MappingReview
http://id.nlm.nih.gov/mesh/M0012506,Ligaments,http://id.nlm.nih.gov/mesh/vocab#Concept,skos:exactMatch,http://purl.obolibrary.org/obo/UBERON_0000211,ligament,http://purl.obolibrary.org/obo/UBERON_0001062,1,orcid:0000-0002-7500-8096|orcid:0000-0001-8314-2140,orcid:0000-0002-7500-8096,2025-06-05,semapv:MappingReview
http://id.nlm.nih.gov/mesh/M0012507,"Ligaments, Articular",http://id.nlm.nih.gov/mesh/vocab#Concept,skos:exactMatch,http://purl.obolibrary.org/obo/UBERON_0008846,skeletal ligament,http://purl.obolibrary.org/obo/UBERON_0001062,1,orcid:0000-0002-7500-8096|orcid:0000-0001-8314-2140,orcid:0000-0002-7500-8096,2025-06-05,semapv:MappingReview
http://id.nlm.nih.gov/mesh/M0012518,Limbic System,http://id.nlm.nih.gov/mesh/vocab#Concept,skos:exactMatch,http://purl.obolibrary.org/obo/UBERON_0000349,limbic system,http://purl.obolibrary.org/obo/UBERON_0001062,1,orcid:0000-0002-7500-8096|orcid:0000-0001-8314-2140,orcid:0000-0002-7500-8096,2025-06-05,semapv:MappingReview
http://id.nlm.nih.gov/mesh/M0012525,Lingual Frenum,http://id.nlm.nih.gov/mesh/vocab#Concept,skos:exactMatch,http://purl.obolibrary.org/obo/UBERON_0006689,frenulum of tongue,http://purl.obolibrary.org/obo/UBERON_0001062,1,orcid:0000-0002-7500-8096|orcid:0000-0001-8314-2140,orcid:0000-0002-7500-8096,2025-06-05,semapv:MappingReview
http://id.nlm.nih.gov/mesh/M0012526,Lingual Nerve,http://id.nlm.nih.gov/mesh/vocab#Concept,skos:exactMatch,http://purl.obolibrary.org/obo/UBERON_0003721,lingual nerve,http://purl.obolibrary.org/obo/UBERON_0001062,1,orcid:0000-0002-7500-8096|orcid:0000-0001-8314-2140,orcid:0000-0002-7500-8096,2025-06-05,semapv:MappingReview
http://id.nlm.nih.gov/mesh/M0012632,Liver,http://id.nlm.nih.gov/mesh/vocab#Concept,skos:exactMatch,http://purl.obolibrary.org/obo/UBERON_0002107,liver,http://purl.obolibrary.org/obo/UBERON_0001062,1,orcid:0000-0002-7500-8096|orcid:0000-0001-8314-2140,orcid:0000-0002-7500-8096,2025-06-05,semapv:MappingReview
http://id.nlm.nih.gov/mesh/M0012670,Locus Coeruleus,http://id.nlm.nih.gov/mesh/vocab#Concept,skos:exactMatch,http://purl.obolibrary.org/obo/UBERON_0002148,locus coeruleus,http://purl.obolibrary.org/obo/UBERON_0001062,1,orcid:0000-0002-7500-8096|orcid:0000-0001-8314-2140,orcid:0000-0002-7500-8096,2025-06-05,semapv:MappingReview
http://id.nlm.nih.gov/mesh/M0012691,Loop of Henle,http://id.nlm.nih.gov/mesh/vocab#Concept,skos:exactMatch,http://purl.obolibrary.org/obo/UBERON_0001288,loop of Henle,http://purl.obolibrary.org/obo/UBERON_0001062,1,orcid:0000-0002-7500-8096|orcid:0000-0001-8314-2140,orcid:0000-0002-7500-8096,2025-06-05,semapv:MappingReview
http://id.nlm.nih.gov/mesh/M0012724,Lumbar Vertebrae,http://id.nlm.nih.gov/mesh/vocab#Concept,skos:exactMatch,http://purl.obolibrary.org/obo/UBERON_0002414,lumbar vertebra,http://purl.obolibrary.org/obo/UBERON_0001062,1,orcid:0000-0002-7500-8096|orcid:0000-0001-8314-2140,orcid:0000-0002-7500-8096,2025-06-05,semapv:MappingReview
http://id.nlm.nih.gov/mesh/M0012725,Lumbosacral Plexus,http://id.nlm.nih.gov/mesh/vocab#Concept,skos:exactMatch,http://purl.obolibrary.org/obo/UBERON_0001815,lumbosacral nerve plexus,http://purl.obolibrary.org/obo/UBERON_0001062,1,orcid:0000-0002-7500-8096|orcid:0000-0001-8314-2140,orcid:0000-0002-7500-8096,2025-06-05,semapv:MappingReview
http://id.nlm.nih.gov/mesh/M0012740,Lung,http://id.nlm.nih.gov/mesh/vocab#Concept,skos:exactMatch,http://purl.obolibrary.org/obo/UBERON_0002048,lung,http://purl.obolibrary.org/obo/UBERON_0001062,1,orcid:0000-0002-7500-8096|orcid:0000-0001-8314-2140,orcid:0000-0002-7500-8096,2025-06-05,semapv:MappingReview
http://id.nlm.nih.gov/mesh/M0012762,Luteal Cells,http://id.nlm.nih.gov/mesh/vocab#Concept,skos:exactMatch,http://purl.obolibrary.org/obo/CL_0000175,luteal cell,http://purl.obolibrary.org/obo/CL_0000000,1,orcid:0000-0002-7500-8096|orcid:0000-0001-8314-2140,orcid:0000-0002-7500-8096,2025-06-05,semapv:MappingReview
http://id.nlm.nih.gov/mesh/M0012778,Lymph,http://id.nlm.nih.gov/mesh/vocab#Concept,skos:exactMatch,http://purl.obolibrary.org/obo/UBERON_0002391,lymph,http://purl.obolibrary.org/obo/UBERON_0001062,1,orcid:0000-0002-7500-8096|orcid:0000-0001-8314-2140,orcid:0000-0002-7500-8096,2025-06-05,semapv:MappingReview
http://id.nlm.nih.gov/mesh/M0012781,Lymph Nodes,http://id.nlm.nih.gov/mesh/vocab#Concept,skos:exactMatch,http://purl.obolibrary.org/obo/UBERON_0000029,lymph node,http://purl.obolibrary.org/obo/UBERON_0001062,1,orcid:0000-0002-7500-8096|orcid:0000-0001-8314-2140,orcid:0000-0002-7500-8096,2025-06-05,semapv:MappingReview
http://id.nlm.nih.gov/mesh/M0012796,Lymphatic System,http://id.nlm.nih.gov/mesh/vocab#Concept,skos:exactMatch,http://purl.obolibrary.org/obo/UBERON_0002465,lymphoid system,http://purl.obolibrary.org/obo/UBERON_0001062,1,orcid:0000-0002-7500-8096|orcid:0000-0001-8314-2140,orcid:0000-0002-7500-8096,2025-06-05,semapv:MappingReview
http://id.nlm.nih.gov/mesh/M0012806,Lymphocytes,http://id.nlm.nih.gov/mesh/vocab#Concept,skos:exactMatch,http://purl.obolibrary.org/obo/CL_0000542,lymphocyte,http://purl.obolibrary.org/obo/CL_0000000,1,orcid:0000-0002-7500-8096|orcid:0000-0001-8314-2140,orcid:0000-0002-7500-8096,2025-06-05,semapv:MappingReview
http://id.nlm.nih.gov/mesh/M0012815,Lymphoid Tissue,http://id.nlm.nih.gov/mesh/vocab#Concept,skos:exactMatch,http://purl.obolibrary.org/obo/UBERON_0001744,lymphoid tissue,http://purl.obolibrary.org/obo/UBERON_0001062,1,orcid:0000-0002-7500-8096,orcid:0000-0002-7500-8096,2025-06-05,semapv:MappingReview
http://id.nlm.nih.gov/mesh/M0012871,Macrophages,http://id.nlm.nih.gov/mesh/vocab#Concept,skos:exactMatch,http://purl.obolibrary.org/obo/CL_0000235,macrophage,http://purl.obolibrary.org/obo/CL_0000000,1,orcid:0000-0002-7500-8096|orcid:0000-0001-8314-2140,orcid:0000-0002-7500-8096,2025-06-05,semapv:MappingReview
http://id.nlm.nih.gov/mesh/M0012873,Macula Lutea,http://id.nlm.nih.gov/mesh/vocab#Concept,skos:exactMatch,http://purl.obolibrary.org/obo/UBERON_0000053,macula lutea,http://purl.obolibrary.org/obo/UBERON_0001062,1,orcid:0000-0002-7500-8096|orcid:0000-0001-8314-2140,orcid:0000-0002-7500-8096,2025-06-05,semapv:MappingReview
http://id.nlm.nih.gov/mesh/M0012960,Mammary Arteries,http://id.nlm.nih.gov/mesh/vocab#Concept,skos:exactMatch,http://purl.obolibrary.org/obo/UBERON_0002456,internal thoracic artery,http://purl.obolibrary.org/obo/UBERON_0001062,1,orcid:0000-0002-7500-8096|orcid:0000-0001-8314-2140,orcid:0000-0002-7500-8096,2025-06-05,semapv:MappingReview
http://id.nlm.nih.gov/mesh/M0012964,Mammillary Bodies,http://id.nlm.nih.gov/mesh/vocab#Concept,skos:exactMatch,http://purl.obolibrary.org/obo/UBERON_0002206,mammillary body,http://purl.obolibrary.org/obo/UBERON_0001062,1,orcid:0000-0002-7500-8096|orcid:0000-0001-8314-2140,orcid:0000-0002-7500-8096,2025-06-05,semapv:MappingReview
http://id.nlm.nih.gov/mesh/M0012975,Mandible,http://id.nlm.nih.gov/mesh/vocab#Concept,skos:exactMatch,http://purl.obolibrary.org/obo/UBERON_0001684,mandible,http://purl.obolibrary.org/obo/UBERON_0001062,1,orcid:0000-0002-7500-8096|orcid:0000-0001-8314-2140,orcid:0000-0002-7500-8096,2025-06-05,semapv:MappingReview
http://id.nlm.nih.gov/mesh/M0012976,Mandibular Condyle,http://id.nlm.nih.gov/mesh/vocab#Concept,skos:exactMatch,http://purl.obolibrary.org/obo/UBERON_0004657,mandible condylar process,http://purl.obolibrary.org/obo/UBERON_0001062,1,orcid:0000-0002-7500-8096|orcid:0000-0001-8314-2140,orcid:0000-0002-7500-8096,2025-06-05,semapv:MappingReview
http://id.nlm.nih.gov/mesh/M0012981,Mandibular Nerve,http://id.nlm.nih.gov/mesh/vocab#Concept,skos:exactMatch,http://purl.obolibrary.org/obo/UBERON_0000375,mandibular nerve,http://purl.obolibrary.org/obo/UBERON_0001062,1,orcid:0000-0002-7500-8096|orcid:0000-0001-8314-2140,orcid:0000-0002-7500-8096,2025-06-05,semapv:MappingReview
http://id.nlm.nih.gov/mesh/M0013015,Manubrium,http://id.nlm.nih.gov/mesh/vocab#Concept,skos:exactMatch,http://purl.obolibrary.org/obo/UBERON_0002205,manubrium of sternum,http://purl.obolibrary.org/obo/UBERON_0001062,1,orcid:0000-0002-7500-8096|orcid:0000-0001-8314-2140,orcid:0000-0002-7500-8096,2025-06-05,semapv:MappingReview
http://id.nlm.nih.gov/mesh/M0013088,Masseter Muscle,http://id.nlm.nih.gov/mesh/vocab#Concept,skos:exactMatch,http://purl.obolibrary.org/obo/UBERON_0001597,masseter muscle,http://purl.obolibrary.org/obo/UBERON_0001062,1,orcid:0000-0002-7500-8096|orcid:0000-0001-8314-2140,orcid:0000-0002-7500-8096,2025-06-05,semapv:MappingReview
http://id.nlm.nih.gov/mesh/M0013089,Mast Cells,http://id.nlm.nih.gov/mesh/vocab#Concept,skos:exactMatch,http://purl.obolibrary.org/obo/CL_0000097,mast cell,http://purl.obolibrary.org/obo/CL_0000000,1,orcid:0000-0002-7500-8096|orcid:0000-0001-8314-2140,orcid:0000-0002-7500-8096,2025-06-05,semapv:MappingReview
http://id.nlm.nih.gov/mesh/M0013092,Masticatory Muscles,http://id.nlm.nih.gov/mesh/vocab#Concept,skos:exactMatch,http://purl.obolibrary.org/obo/UBERON_0003681,masticatory muscle,http://purl.obolibrary.org/obo/UBERON_0001062,1,orcid:0000-0002-7500-8096|orcid:0000-0001-8314-2140,orcid:0000-0002-7500-8096,2025-06-05,semapv:MappingReview
http://id.nlm.nih.gov/mesh/M0013099,Mastoid,http://id.nlm.nih.gov/mesh/vocab#Concept,skos:exactMatch,http://purl.obolibrary.org/obo/UBERON_0011220,mastoid process of temporal bone,http://purl.obolibrary.org/obo/UBERON_0001062,1,orcid:0000-0002-7500-8096|orcid:0000-0001-8314-2140,orcid:0000-0002-7500-8096,2025-06-05,semapv:MappingReview
http://id.nlm.nih.gov/mesh/M0013130,Maxilla,http://id.nlm.nih.gov/mesh/vocab#Concept,skos:exactMatch,http://purl.obolibrary.org/obo/UBERON_0002397,maxilla,http://purl.obolibrary.org/obo/UBERON_0001062,1,orcid:0000-0002-7500-8096|orcid:0000-0001-8314-2140,orcid:0000-0002-7500-8096,2025-06-05,semapv:MappingReview
http://id.nlm.nih.gov/mesh/M0013131,Maxillary Artery,http://id.nlm.nih.gov/mesh/vocab#Concept,skos:exactMatch,http://purl.obolibrary.org/obo/UBERON_0001616,maxillary artery,http://purl.obolibrary.org/obo/UBERON_0001062,1,orcid:0000-0002-7500-8096|orcid:0000-0001-8314-2140,orcid:0000-0002-7500-8096,2025-06-05,semapv:MappingReview
http://id.nlm.nih.gov/mesh/M0013135,Maxillary Nerve,http://id.nlm.nih.gov/mesh/vocab#Concept,skos:exactMatch,http://purl.obolibrary.org/obo/UBERON_0000377,maxillary nerve,http://purl.obolibrary.org/obo/UBERON_0001062,1,orcid:0000-0002-7500-8096|orcid:0000-0001-8314-2140,orcid:0000-0002-7500-8096,2025-06-05,semapv:MappingReview
http://id.nlm.nih.gov/mesh/M0013137,Maxillary Sinus,http://id.nlm.nih.gov/mesh/vocab#Concept,skos:exactMatch,http://purl.obolibrary.org/obo/UBERON_0001764,maxillary sinus,http://purl.obolibrary.org/obo/UBERON_0001062,1,orcid:0000-0002-7500-8096|orcid:0000-0001-8314-2140,orcid:0000-0002-7500-8096,2025-06-05,semapv:MappingReview
http://id.nlm.nih.gov/mesh/M0013162,Mechanoreceptors,http://id.nlm.nih.gov/mesh/vocab#Concept,skos:exactMatch,http://purl.obolibrary.org/obo/CL_0000199,mechanoreceptor cell,http://purl.obolibrary.org/obo/CL_0000000,1,orcid:0000-0002-7500-8096|orcid:0000-0001-8314-2140,orcid:0000-0002-7500-8096,2025-06-05,semapv:MappingReview
http://id.nlm.nih.gov/mesh/M0013162,Mechanoreceptors,http://id.nlm.nih.gov/mesh/vocab#Concept,skos:exactMatch,http://purl.obolibrary.org/obo/UBERON_0012449,mechanoreceptor,http://purl.obolibrary.org/obo/UBERON_0001062,1,orcid:0000-0002-7500-8096|orcid:0000-0001-8314-2140,orcid:0000-0002-7500-8096,2025-06-05,semapv:MappingReview
http://id.nlm.nih.gov/mesh/M0013177,Meckel Diverticulum,http://id.nlm.nih.gov/mesh/vocab#Concept,skos:exactMatch,http://purl.obolibrary.org/obo/UBERON_0003705,Meckel's diverticulum,http://purl.obolibrary.org/obo/UBERON_0001062,1,orcid:0000-0002-7500-8096,orcid:0000-0002-7500-8096,2025-06-05,semapv:MappingReview
http://id.nlm.nih.gov/mesh/M0013189,Median Eminence,http://id.nlm.nih.gov/mesh/vocab#Concept,skos:exactMatch,http://purl.obolibrary.org/obo/UBERON_0002197,median eminence of neurohypophysis,http://purl.obolibrary.org/obo/UBERON_0001062,1,orcid:0000-0002-7500-8096|orcid:0000-0001-8314-2140,orcid:0000-0002-7500-8096,2025-06-05,semapv:MappingReview
http://id.nlm.nih.gov/mesh/M0013190,Medial Forebrain Bundle,http://id.nlm.nih.gov/mesh/vocab#Concept,skos:exactMatch,http://purl.obolibrary.org/obo/UBERON_0001910,medial forebrain bundle,http://purl.obolibrary.org/obo/UBERON_0001062,1,orcid:0000-0002-7500-8096|orcid:0000-0001-8314-2140,orcid:0000-0002-7500-8096,2025-06-05,semapv:MappingReview
http://id.nlm.nih.gov/mesh/M0013191,Median Nerve,http://id.nlm.nih.gov/mesh/vocab#Concept,skos:exactMatch,http://purl.obolibrary.org/obo/UBERON_0001148,median nerve,http://purl.obolibrary.org/obo/UBERON_0001062,1,orcid:0000-0002-7500-8096|orcid:0000-0001-8314-2140,orcid:0000-0002-7500-8096,2025-06-05,semapv:MappingReview
http://id.nlm.nih.gov/mesh/M0013280,Medulla Oblongata,http://id.nlm.nih.gov/mesh/vocab#Concept,skos:exactMatch,http://purl.obolibrary.org/obo/UBERON_0001896,medulla oblongata,http://purl.obolibrary.org/obo/UBERON_0001062,1,orcid:0000-0002-7500-8096|orcid:0000-0001-8314-2140,orcid:0000-0002-7500-8096,2025-06-05,semapv:MappingReview
http://id.nlm.nih.gov/mesh/M0013294,Megakaryocytes,http://id.nlm.nih.gov/mesh/vocab#Concept,skos:exactMatch,http://purl.obolibrary.org/obo/CL_0000556,megakaryocyte,http://purl.obolibrary.org/obo/CL_0000000,1,orcid:0000-0002-7500-8096|orcid:0000-0001-8314-2140,orcid:0000-0002-7500-8096,2025-06-05,semapv:MappingReview
http://id.nlm.nih.gov/mesh/M0013298,Meibomian Glands,http://id.nlm.nih.gov/mesh/vocab#Concept,skos:exactMatch,http://purl.obolibrary.org/obo/UBERON_0001818,tarsal gland,http://purl.obolibrary.org/obo/UBERON_0001062,1,orcid:0000-0002-7500-8096,orcid:0000-0002-7500-8096,2025-06-05,semapv:MappingReview
http://id.nlm.nih.gov/mesh/M0013359,Meningeal Arteries,http://id.nlm.nih.gov/mesh/vocab#Concept,skos:exactMatch,http://purl.obolibrary.org/obo/UBERON_0003474,meningeal artery,http://purl.obolibrary.org/obo/UBERON_0001062,1,orcid:0000-0002-7500-8096|orcid:0000-0001-8314-2140,orcid:0000-0002-7500-8096,2025-06-05,semapv:MappingReview
http://id.nlm.nih.gov/mesh/M0013361,Meninges,http://id.nlm.nih.gov/mesh/vocab#Concept,skos:exactMatch,http://purl.obolibrary.org/obo/UBERON_0002360,meninx,http://purl.obolibrary.org/obo/UBERON_0001062,1,orcid:0000-0002-7500-8096|orcid:0000-0001-8314-2140,orcid:0000-0002-7500-8096,2025-06-05,semapv:MappingReview
http://id.nlm.nih.gov/mesh/M0013459,Cerebral Peduncle,http://id.nlm.nih.gov/mesh/vocab#Concept,skos:exactMatch,http://purl.obolibrary.org/obo/UBERON_0002623,cerebral peduncle,http://purl.obolibrary.org/obo/UBERON_0001062,1,orcid:0000-0002-7500-8096,orcid:0000-0002-7500-8096,2025-06-05,semapv:MappingReview
http://id.nlm.nih.gov/mesh/M0013460,Mesencephalon,http://id.nlm.nih.gov/mesh/vocab#Concept,skos:exactMatch,http://purl.obolibrary.org/obo/UBERON_0001891,midbrain,http://purl.obolibrary.org/obo/UBERON_0001062,1,orcid:0000-0002-7500-8096|orcid:0000-0001-8314-2140,orcid:0000-0002-7500-8096,2025-06-05,semapv:MappingReview
http://id.nlm.nih.gov/mesh/M0013462,Mesenteric Arteries,http://id.nlm.nih.gov/mesh/vocab#Concept,skos:exactMatch,http://purl.obolibrary.org/obo/UBERON_0005616,mesenteric artery,http://purl.obolibrary.org/obo/UBERON_0001062,1,orcid:0000-0002-7500-8096|orcid:0000-0001-8314-2140,orcid:0000-0002-7500-8096,2025-06-05,semapv:MappingReview
http://id.nlm.nih.gov/mesh/M0013466,Mesenteric Veins,http://id.nlm.nih.gov/mesh/vocab#Concept,skos:exactMatch,http://purl.obolibrary.org/obo/UBERON_0005617,mesenteric vein,http://purl.obolibrary.org/obo/UBERON_0001062,1,orcid:0000-0002-7500-8096|orcid:0000-0001-8314-2140,orcid:0000-0002-7500-8096,2025-06-05,semapv:MappingReview
http://id.nlm.nih.gov/mesh/M0013497,Metacarpophalangeal Joint,http://id.nlm.nih.gov/mesh/vocab#Concept,skos:exactMatch,http://purl.obolibrary.org/obo/UBERON_0003695,metacarpophalangeal joint,http://purl.obolibrary.org/obo/UBERON_0001062,1,orcid:0000-0002-7500-8096|orcid:0000-0001-8314-2140,orcid:0000-0002-7500-8096,2025-06-05,semapv:MappingReview
http://id.nlm.nih.gov/mesh/M0013529,Metatarsal Bones,http://id.nlm.nih.gov/mesh/vocab#Concept,skos:exactMatch,http://purl.obolibrary.org/obo/UBERON_0001448,metatarsal bone,http://purl.obolibrary.org/obo/UBERON_0001062,1,orcid:0000-0002-7500-8096|orcid:0000-0001-8314-2140,orcid:0000-0002-7500-8096,2025-06-05,semapv:MappingReview
http://id.nlm.nih.gov/mesh/M0013530,Metatarsophalangeal Joint,http://id.nlm.nih.gov/mesh/vocab#Concept,skos:exactMatch,http://purl.obolibrary.org/obo/UBERON_0003696,metatarsophalangeal joint,http://purl.obolibrary.org/obo/UBERON_0001062,1,orcid:0000-0002-7500-8096|orcid:0000-0001-8314-2140,orcid:0000-0002-7500-8096,2025-06-05,semapv:MappingReview
http://id.nlm.nih.gov/mesh/M0013957,Mitral Valve,http://id.nlm.nih.gov/mesh/vocab#Concept,skos:exactMatch,http://purl.obolibrary.org/obo/UBERON_0002135,mitral valve,http://purl.obolibrary.org/obo/UBERON_0001062,1,orcid:0000-0002-7500-8096|orcid:0000-0001-8314-2140,orcid:0000-0002-7500-8096,2025-06-05,semapv:MappingReview
http://id.nlm.nih.gov/mesh/M0014033,Monocytes,http://id.nlm.nih.gov/mesh/vocab#Concept,skos:exactMatch,http://purl.obolibrary.org/obo/CL_0000576,monocyte,http://purl.obolibrary.org/obo/CL_0000000,1,orcid:0000-0002-7500-8096|orcid:0000-0001-8314-2140,orcid:0000-0002-7500-8096,2025-06-05,semapv:MappingReview
http://id.nlm.nih.gov/mesh/M0014112,Motor Cortex,http://id.nlm.nih.gov/mesh/vocab#Concept,skos:exactMatch,http://purl.obolibrary.org/obo/UBERON_0001384,primary motor cortex,http://purl.obolibrary.org/obo/UBERON_0001062,1,orcid:0000-0002-7500-8096|orcid:0000-0001-8314-2140,orcid:0000-0002-7500-8096,2025-06-05,semapv:MappingReview
http://id.nlm.nih.gov/mesh/M0014114,Motor Neurons,http://id.nlm.nih.gov/mesh/vocab#Concept,skos:exactMatch,http://purl.obolibrary.org/obo/CL_0000100,motor neuron,http://purl.obolibrary.org/obo/CL_0000000,1,orcid:0000-0002-7500-8096,orcid:0000-0002-7500-8096,2025-06-05,semapv:MappingReview
http://id.nlm.nih.gov/mesh/M0014115,"Motor Neurons, Gamma",http://id.nlm.nih.gov/mesh/vocab#Concept,skos:exactMatch,http://purl.obolibrary.org/obo/CL_0008037,gamma motor neuron,http://purl.obolibrary.org/obo/CL_0000000,1,orcid:0000-0002-7500-8096|orcid:0000-0001-8314-2140,orcid:0000-0002-7500-8096,2025-06-05,semapv:MappingReview
http://id.nlm.nih.gov/mesh/M0014126,Mouth,http://id.nlm.nih.gov/mesh/vocab#Concept,skos:exactMatch,http://purl.obolibrary.org/obo/UBERON_0000165,mouth,http://purl.obolibrary.org/obo/UBERON_0001062,1,orcid:0000-0002-7500-8096|orcid:0000-0001-8314-2140,orcid:0000-0002-7500-8096,2025-06-05,semapv:MappingReview
http://id.nlm.nih.gov/mesh/M0014245,"Muscle, Smooth",http://id.nlm.nih.gov/mesh/vocab#Concept,skos:exactMatch,http://purl.obolibrary.org/obo/UBERON_0001135,smooth muscle tissue,http://purl.obolibrary.org/obo/UBERON_0001062,1,orcid:0000-0002-7500-8096|orcid:0000-0001-8314-2140,orcid:0000-0002-7500-8096,2025-06-05,semapv:MappingReview
http://id.nlm.nih.gov/mesh/M0014246,"Muscle, Smooth, Vascular",http://id.nlm.nih.gov/mesh/vocab#Concept,skos:exactMatch,http://purl.obolibrary.org/obo/UBERON_0004237,blood vessel smooth muscle,http://purl.obolibrary.org/obo/UBERON_0001062,1,orcid:0000-0002-7500-8096|orcid:0000-0001-8314-2140,orcid:0000-0002-7500-8096,2025-06-05,semapv:MappingReview
http://id.nlm.nih.gov/mesh/M0014247,Muscles,http://id.nlm.nih.gov/mesh/vocab#Concept,skos:exactMatch,http://purl.obolibrary.org/obo/UBERON_0002385,muscle tissue,http://purl.obolibrary.org/obo/UBERON_0001062,1,orcid:0000-0002-7500-8096|orcid:0000-0001-8314-2140,orcid:0000-0002-7500-8096,2025-06-05,semapv:MappingReview
http://id.nlm.nih.gov/mesh/M0014257,Musculocutaneous Nerve,http://id.nlm.nih.gov/mesh/vocab#Concept,skos:exactMatch,http://purl.obolibrary.org/obo/UBERON_0003724,musculocutaneous nerve,http://purl.obolibrary.org/obo/UBERON_0001062,1,orcid:0000-0002-7500-8096|orcid:0000-0001-8314-2140,orcid:0000-0002-7500-8096,2025-06-05,semapv:MappingReview
http://id.nlm.nih.gov/mesh/M0014260,Musculoskeletal System,http://id.nlm.nih.gov/mesh/vocab#Concept,skos:exactMatch,http://purl.obolibrary.org/obo/UBERON_0002204,musculoskeletal system,http://purl.obolibrary.org/obo/UBERON_0001062,1,orcid:0000-0002-7500-8096|orcid:0000-0001-8314-2140,orcid:0000-0002-7500-8096,2025-06-05,semapv:MappingReview
http://id.nlm.nih.gov/mesh/M0014333,Myenteric Plexus,http://id.nlm.nih.gov/mesh/vocab#Concept,skos:exactMatch,http://purl.obolibrary.org/obo/UBERON_0002439,myenteric nerve plexus,http://purl.obolibrary.org/obo/UBERON_0001062,1,orcid:0000-0002-7500-8096,orcid:0000-0002-7500-8096,2025-06-05,semapv:MappingReview
http://id.nlm.nih.gov/mesh/M0014344,Myocardium,http://id.nlm.nih.gov/mesh/vocab#Concept,skos:exactMatch,http://purl.obolibrary.org/obo/UBERON_0002349,myocardium,http://purl.obolibrary.org/obo/UBERON_0001062,1,orcid:0000-0002-7500-8096|orcid:0000-0001-8314-2140,orcid:0000-0002-7500-8096,2025-06-05,semapv:MappingReview
http://id.nlm.nih.gov/mesh/M0014357,Myometrium,http://id.nlm.nih.gov/mesh/vocab#Concept,skos:exactMatch,http://purl.obolibrary.org/obo/UBERON_0001296,myometrium,http://purl.obolibrary.org/obo/UBERON_0001062,1,orcid:0000-0002-7500-8096|orcid:0000-0001-8314-2140,orcid:0000-0002-7500-8096,2025-06-05,semapv:MappingReview
http://id.nlm.nih.gov/mesh/M0014484,Nasal Bone,http://id.nlm.nih.gov/mesh/vocab#Concept,skos:exactMatch,http://purl.obolibrary.org/obo/UBERON_0001681,nasal bone,http://purl.obolibrary.org/obo/UBERON_0001062,1,orcid:0000-0002-7500-8096|orcid:0000-0001-8314-2140,orcid:0000-0002-7500-8096,2025-06-05,semapv:MappingReview
http://id.nlm.nih.gov/mesh/M0014485,Nasal Cavity,http://id.nlm.nih.gov/mesh/vocab#Concept,skos:exactMatch,http://purl.obolibrary.org/obo/UBERON_0001707,nasal cavity,http://purl.obolibrary.org/obo/UBERON_0001062,1,orcid:0000-0002-7500-8096|orcid:0000-0001-8314-2140,orcid:0000-0002-7500-8096,2025-06-05,semapv:MappingReview
http://id.nlm.nih.gov/mesh/M0014486,Nasal Mucosa,http://id.nlm.nih.gov/mesh/vocab#Concept,skos:exactMatch,http://purl.obolibrary.org/obo/UBERON_0001826,nasal cavity mucosa,http://purl.obolibrary.org/obo/UBERON_0001062,1,orcid:0000-0002-7500-8096|orcid:0000-0001-8314-2140,orcid:0000-0002-7500-8096,2025-06-05,semapv:MappingReview
http://id.nlm.nih.gov/mesh/M0014489,Nasal Septum,http://id.nlm.nih.gov/mesh/vocab#Concept,skos:exactMatch,http://purl.obolibrary.org/obo/UBERON_0001706,nasal septum,http://purl.obolibrary.org/obo/UBERON_0001062,1,orcid:0000-0002-7500-8096|orcid:0000-0001-8314-2140,orcid:0000-0002-7500-8096,2025-06-05,semapv:MappingReview
http://id.nlm.nih.gov/mesh/M0014491,Nasolacrimal Duct,http://id.nlm.nih.gov/mesh/vocab#Concept,skos:exactMatch,http://purl.obolibrary.org/obo/UBERON_0002392,nasolacrimal duct,http://purl.obolibrary.org/obo/UBERON_0001062,1,orcid:0000-0002-7500-8096|orcid:0000-0001-8314-2140,orcid:0000-0002-7500-8096,2025-06-05,semapv:MappingReview
http://id.nlm.nih.gov/mesh/M0014495,Nasopharynx,http://id.nlm.nih.gov/mesh/vocab#Concept,skos:exactMatch,http://purl.obolibrary.org/obo/UBERON_0001728,nasopharynx,http://purl.obolibrary.org/obo/UBERON_0001062,1,orcid:0000-0002-7500-8096|orcid:0000-0001-8314-2140,orcid:0000-0002-7500-8096,2025-06-05,semapv:MappingReview
http://id.nlm.nih.gov/mesh/M0014542,Neck Muscles,http://id.nlm.nih.gov/mesh/vocab#Concept,skos:exactMatch,http://purl.obolibrary.org/obo/UBERON_0002377,muscle of neck,http://purl.obolibrary.org/obo/UBERON_0001062,1,orcid:0000-0002-7500-8096|orcid:0000-0001-8314-2140,orcid:0000-0002-7500-8096,2025-06-05,semapv:MappingReview
http://id.nlm.nih.gov/mesh/M0014633,Nephrons,http://id.nlm.nih.gov/mesh/vocab#Concept,skos:exactMatch,http://purl.obolibrary.org/obo/UBERON_0001285,nephron,http://purl.obolibrary.org/obo/UBERON_0001062,1,orcid:0000-0002-7500-8096|orcid:0000-0001-8314-2140,orcid:0000-0002-7500-8096,2025-06-05,semapv:MappingReview
http://id.nlm.nih.gov/mesh/M0014645,Nerve Endings,http://id.nlm.nih.gov/mesh/vocab#Concept,skos:exactMatch,http://purl.obolibrary.org/obo/UBERON_0012453,nerve ending,http://purl.obolibrary.org/obo/UBERON_0001062,1,orcid:0000-0002-7500-8096|orcid:0000-0001-8314-2140,orcid:0000-0002-7500-8096,2025-06-05,semapv:MappingReview
http://id.nlm.nih.gov/mesh/M0014647,Nerve Fibers,http://id.nlm.nih.gov/mesh/vocab#Concept,skos:exactMatch,http://purl.obolibrary.org/obo/UBERON_0006134,nerve fiber,http://purl.obolibrary.org/obo/UBERON_0001062,1,orcid:0000-0002-7500-8096|orcid:0000-0001-8314-2140,orcid:0000-0002-7500-8096,2025-06-05,semapv:MappingReview
http://id.nlm.nih.gov/mesh/M0014650,"Nerve Fibers, Myelinated",http://id.nlm.nih.gov/mesh/vocab#Concept,skos:exactMatch,http://purl.obolibrary.org/obo/UBERON_0006135,myelinated nerve fiber,http://purl.obolibrary.org/obo/UBERON_0001062,1,orcid:0000-0002-7500-8096|orcid:0000-0001-8314-2140,orcid:0000-0002-7500-8096,2025-06-05,semapv:MappingReview
http://id.nlm.nih.gov/mesh/M0014665,Nervous System,http://id.nlm.nih.gov/mesh/vocab#Concept,skos:exactMatch,http://purl.obolibrary.org/obo/UBERON_0001016,nervous system,http://purl.obolibrary.org/obo/UBERON_0001062,1,orcid:0000-0002-7500-8096,orcid:0000-0002-7500-8096,2025-06-05,semapv:MappingReview
http://id.nlm.nih.gov/mesh/M0014681,Neural Pathways,http://id.nlm.nih.gov/mesh/vocab#Concept,skos:exactMatch,http://purl.obolibrary.org/obo/UBERON_0026546,principal neuronal circuit,http://purl.obolibrary.org/obo/UBERON_0001062,1,orcid:0000-0002-7500-8096,orcid:0000-0002-7500-8096,2025-06-05,semapv:MappingReview
http://id.nlm.nih.gov/mesh/M0014691,Neurilemma,http://id.nlm.nih.gov/mesh/vocab#Concept,skos:exactMatch,http://purl.obolibrary.org/obo/UBERON_0001031,sheath of Schwann,http://purl.obolibrary.org/obo/UBERON_0001062,1,orcid:0000-0002-7500-8096|orcid:0000-0001-8314-2140,orcid:0000-0002-7500-8096,2025-06-05,semapv:MappingReview
http://id.nlm.nih.gov/mesh/M0014711,Neuroglia,http://id.nlm.nih.gov/mesh/vocab#Concept,skos:exactMatch,http://purl.obolibrary.org/obo/CL_0000125,glial cell,http://purl.obolibrary.org/obo/CL_0000000,1,orcid:0000-0002-7500-8096,orcid:0000-0002-7500-8096,2025-06-05,semapv:MappingReview
http://id.nlm.nih.gov/mesh/M0014729,Muscle Spindles,http://id.nlm.nih.gov/mesh/vocab#Concept,skos:exactMatch,http://purl.obolibrary.org/obo/UBERON_0003718,muscle spindle,http://purl.obolibrary.org/obo/UBERON_0001062,1,orcid:0000-0002-7500-8096,orcid:0000-0002-7500-8096,2025-06-05,semapv:MappingReview
http://id.nlm.nih.gov/mesh/M0014736,Neurons,http://id.nlm.nih.gov/mesh/vocab#Concept,skos:exactMatch,http://purl.obolibrary.org/obo/CL_0000540,neuron,http://purl.obolibrary.org/obo/CL_0000000,1,orcid:0000-0002-7500-8096|orcid:0000-0001-8314-2140,orcid:0000-0002-7500-8096,2025-06-05,semapv:MappingReview
http://id.nlm.nih.gov/mesh/M0014737,"Neurons, Afferent",http://id.nlm.nih.gov/mesh/vocab#Concept,skos:exactMatch,http://purl.obolibrary.org/obo/CL_0000526,afferent neuron,http://purl.obolibrary.org/obo/CL_0000000,1,orcid:0000-0002-7500-8096|orcid:0000-0001-8314-2140,orcid:0000-0002-7500-8096,2025-06-05,semapv:MappingReview
http://id.nlm.nih.gov/mesh/M0014738,"Neurons, Efferent",http://id.nlm.nih.gov/mesh/vocab#Concept,skos:exactMatch,http://purl.obolibrary.org/obo/CL_0000527,efferent neuron,http://purl.obolibrary.org/obo/CL_0000000,1,orcid:0000-0002-7500-8096|orcid:0000-0001-8314-2140,orcid:0000-0002-7500-8096,2025-06-05,semapv:MappingReview
http://id.nlm.nih.gov/mesh/M0014767,Neurosecretory Systems,http://id.nlm.nih.gov/mesh/vocab#Concept,skos:exactMatch,http://purl.obolibrary.org/obo/UBERON_8600018,neuroendocrine system,http://purl.obolibrary.org/obo/UBERON_0001062,1,orcid:0000-0002-7500-8096|orcid:0000-0001-8314-2140,orcid:0000-0002-7500-8096,2025-06-05,semapv:MappingReview
http://id.nlm.nih.gov/mesh/M0014784,Neutrophils,http://id.nlm.nih.gov/mesh/vocab#Concept,skos:exactMatch,http://purl.obolibrary.org/obo/CL_0000775,neutrophil,http://purl.obolibrary.org/obo/CL_0000000,1,orcid:0000-0002-7500-8096|orcid:0000-0001-8314-2140,orcid:0000-0002-7500-8096,2025-06-05,semapv:MappingReview
http://id.nlm.nih.gov/mesh/M0014865,Nipples,http://id.nlm.nih.gov/mesh/vocab#Concept,skos:exactMatch,http://purl.obolibrary.org/obo/UBERON_0002030,nipple,http://purl.obolibrary.org/obo/UBERON_0001062,1,orcid:0000-0002-7500-8096|orcid:0000-0001-8314-2140,orcid:0000-0002-7500-8096,2025-06-05,semapv:MappingReview
http://id.nlm.nih.gov/mesh/M0014937,Nociceptors,http://id.nlm.nih.gov/mesh/vocab#Concept,skos:exactMatch,http://purl.obolibrary.org/obo/CL_0000198,pain receptor cell,http://purl.obolibrary.org/obo/CL_0000000,1,orcid:0000-0002-7500-8096,orcid:0000-0002-7500-8096,2025-06-05,semapv:MappingReview
http://id.nlm.nih.gov/mesh/M0014938,Nodose Ganglion,http://id.nlm.nih.gov/mesh/vocab#Concept,skos:exactMatch,http://purl.obolibrary.org/obo/UBERON_0005363,inferior vagus X ganglion,http://purl.obolibrary.org/obo/UBERON_0001062,1,orcid:0000-0002-7500-8096|orcid:0000-0001-8314-2140,orcid:0000-0002-7500-8096,2025-06-05,semapv:MappingReview
http://id.nlm.nih.gov/mesh/M0015010,Nose,http://id.nlm.nih.gov/mesh/vocab#Concept,skos:exactMatch,http://purl.obolibrary.org/obo/UBERON_0000004,nose,http://purl.obolibrary.org/obo/UBERON_0001062,1,orcid:0000-0002-7500-8096|orcid:0000-0001-8314-2140,orcid:0000-0002-7500-8096,2025-06-05,semapv:MappingReview
http://id.nlm.nih.gov/mesh/M0015078,Nucleus Accumbens,http://id.nlm.nih.gov/mesh/vocab#Concept,skos:exactMatch,http://purl.obolibrary.org/obo/UBERON_0001882,nucleus accumbens,http://purl.obolibrary.org/obo/UBERON_0001062,1,orcid:0000-0002-7500-8096|orcid:0000-0001-8314-2140,orcid:0000-0002-7500-8096,2025-06-05,semapv:MappingReview
http://id.nlm.nih.gov/mesh/M0015178,Obturator Nerve,http://id.nlm.nih.gov/mesh/vocab#Concept,skos:exactMatch,http://purl.obolibrary.org/obo/UBERON_0005465,obturator nerve,http://purl.obolibrary.org/obo/UBERON_0001062,1,orcid:0000-0002-7500-8096|orcid:0000-0001-8314-2140,orcid:0000-0002-7500-8096,2025-06-05,semapv:MappingReview
http://id.nlm.nih.gov/mesh/M0015180,Occipital Bone,http://id.nlm.nih.gov/mesh/vocab#Concept,skos:exactMatch,http://purl.obolibrary.org/obo/UBERON_0001676,occipital bone,http://purl.obolibrary.org/obo/UBERON_0001062,1,orcid:0000-0002-7500-8096|orcid:0000-0001-8314-2140,orcid:0000-0002-7500-8096,2025-06-05,semapv:MappingReview
http://id.nlm.nih.gov/mesh/M0015181,Occipital Lobe,http://id.nlm.nih.gov/mesh/vocab#Concept,skos:exactMatch,http://purl.obolibrary.org/obo/UBERON_0002021,occipital lobe,http://purl.obolibrary.org/obo/UBERON_0001062,1,orcid:0000-0002-7500-8096|orcid:0000-0001-8314-2140,orcid:0000-0002-7500-8096,2025-06-05,semapv:MappingReview
http://id.nlm.nih.gov/mesh/M0015216,Oculomotor Muscles,http://id.nlm.nih.gov/mesh/vocab#Concept,skos:exactMatch,http://purl.obolibrary.org/obo/UBERON_0006531,oculomotor muscle,http://purl.obolibrary.org/obo/UBERON_0001062,1,orcid:0000-0002-7500-8096|orcid:0000-0001-8314-2140,orcid:0000-0002-7500-8096,2025-06-05,semapv:MappingReview
http://id.nlm.nih.gov/mesh/M0015217,Oculomotor Nerve,http://id.nlm.nih.gov/mesh/vocab#Concept,skos:exactMatch,http://purl.obolibrary.org/obo/UBERON_0001643,oculomotor nerve,http://purl.obolibrary.org/obo/UBERON_0001062,1,orcid:0000-0002-7500-8096|orcid:0000-0001-8314-2140,orcid:0000-0002-7500-8096,2025-06-05,semapv:MappingReview
http://id.nlm.nih.gov/mesh/M0015218,Sphincter of Oddi,http://id.nlm.nih.gov/mesh/vocab#Concept,skos:exactMatch,http://purl.obolibrary.org/obo/UBERON_0004915,sphincter of hepatopancreatic ampulla,http://purl.obolibrary.org/obo/UBERON_0001062,1,orcid:0000-0002-7500-8096|orcid:0000-0001-8314-2140,orcid:0000-0002-7500-8096,2025-06-05,semapv:MappingReview
http://id.nlm.nih.gov/mesh/M0015225,Odontoid Process,http://id.nlm.nih.gov/mesh/vocab#Concept,skos:exactMatch,http://purl.obolibrary.org/obo/UBERON_0004096,odontoid process of cervical vertebra 2,http://purl.obolibrary.org/obo/UBERON_0001062,1,orcid:0000-0002-7500-8096|orcid:0000-0001-8314-2140,orcid:0000-0002-7500-8096,2025-06-05,semapv:MappingReview
http://id.nlm.nih.gov/mesh/M0015251,Olfactory Bulb,http://id.nlm.nih.gov/mesh/vocab#Concept,skos:exactMatch,http://purl.obolibrary.org/obo/UBERON_0002264,olfactory bulb,http://purl.obolibrary.org/obo/UBERON_0001062,1,orcid:0000-0002-7500-8096|orcid:0000-0001-8314-2140,orcid:0000-0002-7500-8096,2025-06-05,semapv:MappingReview
http://id.nlm.nih.gov/mesh/M0015253,Olfactory Mucosa,http://id.nlm.nih.gov/mesh/vocab#Concept,skos:exactMatch,http://purl.obolibrary.org/obo/UBERON_0005386,olfactory segment of nasal mucosa,http://purl.obolibrary.org/obo/UBERON_0001062,1,orcid:0000-0002-7500-8096|orcid:0000-0001-8314-2140,orcid:0000-0002-7500-8096,2025-06-05,semapv:MappingReview
http://id.nlm.nih.gov/mesh/M0015254,Olfactory Nerve,http://id.nlm.nih.gov/mesh/vocab#Concept,skos:exactMatch,http://purl.obolibrary.org/obo/UBERON_0001579,olfactory nerve,http://purl.obolibrary.org/obo/UBERON_0001062,1,orcid:0000-0002-7500-8096|orcid:0000-0001-8314-2140,orcid:0000-0002-7500-8096,2025-06-05,semapv:MappingReview
http://id.nlm.nih.gov/mesh/M0015255,Olfactory Pathways,http://id.nlm.nih.gov/mesh/vocab#Concept,skos:exactMatch,http://purl.obolibrary.org/obo/UBERON_0013201,olfactory pathway,http://purl.obolibrary.org/obo/UBERON_0001062,1,orcid:0000-0002-7500-8096|orcid:0000-0001-8314-2140,orcid:0000-0002-7500-8096,2025-06-05,semapv:MappingReview
http://id.nlm.nih.gov/mesh/M0015257,Olfactory Cortex,http://id.nlm.nih.gov/mesh/vocab#Concept,skos:exactMatch,http://purl.obolibrary.org/obo/UBERON_0002894,olfactory cortex,http://purl.obolibrary.org/obo/UBERON_0001062,1,orcid:0000-0002-7500-8096|orcid:0000-0001-8314-2140,orcid:0000-0002-7500-8096,2025-06-05,semapv:MappingReview
http://id.nlm.nih.gov/mesh/M0015259,Olfactory Tubercle,http://id.nlm.nih.gov/mesh/vocab#Concept,skos:exactMatch,http://purl.obolibrary.org/obo/UBERON_0001883,olfactory tubercle,http://purl.obolibrary.org/obo/UBERON_0001062,1,orcid:0000-0002-7500-8096|orcid:0000-0001-8314-2140,orcid:0000-0002-7500-8096,2025-06-05,semapv:MappingReview
http://id.nlm.nih.gov/mesh/M0015269,Oligodendroglia,http://id.nlm.nih.gov/mesh/vocab#Concept,skos:exactMatch,http://purl.obolibrary.org/obo/CL_0000128,oligodendrocyte,http://purl.obolibrary.org/obo/CL_0000000,1,orcid:0000-0002-7500-8096|orcid:0000-0001-8314-2140,orcid:0000-0002-7500-8096,2025-06-05,semapv:MappingReview
http://id.nlm.nih.gov/mesh/M0015271,"Satellite Cells, Perineuronal",http://id.nlm.nih.gov/mesh/vocab#Concept,skos:exactMatch,http://purl.obolibrary.org/obo/CL_0000516,perineuronal satellite cell,http://purl.obolibrary.org/obo/CL_0000000,1,orcid:0000-0002-7500-8096|orcid:0000-0001-8314-2140,orcid:0000-0002-7500-8096,2025-06-05,semapv:MappingReview
http://id.nlm.nih.gov/mesh/M0015285,Olivary Nucleus,http://id.nlm.nih.gov/mesh/vocab#Concept,skos:exactMatch,http://purl.obolibrary.org/obo/UBERON_0000128,olivary body,http://purl.obolibrary.org/obo/UBERON_0001062,0.65,orcid:0000-0002-7500-8096|orcid:0000-0001-8314-2140,orcid:0000-0002-7500-8096,2025-06-05,semapv:MappingReview
http://id.nlm.nih.gov/mesh/M0015307,Oocytes,http://id.nlm.nih.gov/mesh/vocab#Concept,skos:exactMatch,http://purl.obolibrary.org/obo/CL_0000023,oocyte,http://purl.obolibrary.org/obo/CL_0000000,1,orcid:0000-0002-7500-8096,orcid:0000-0002-7500-8096,2025-06-05,semapv:MappingReview
http://id.nlm.nih.gov/mesh/M0015309,Oogonia,http://id.nlm.nih.gov/mesh/vocab#Concept,skos:exactMatch,http://purl.obolibrary.org/obo/CL_0000024,oogonial cell,http://purl.obolibrary.org/obo/CL_0000000,1,orcid:0000-0002-7500-8096|orcid:0000-0001-8314-2140,orcid:0000-0002-7500-8096,2025-06-05,semapv:MappingReview
http://id.nlm.nih.gov/mesh/M0015324,Ophthalmic Artery,http://id.nlm.nih.gov/mesh/vocab#Concept,skos:exactMatch,http://purl.obolibrary.org/obo/UBERON_0001619,ophthalmic artery,http://purl.obolibrary.org/obo/UBERON_0001062,1,orcid:0000-0002-7500-8096|orcid:0000-0001-8314-2140,orcid:0000-0002-7500-8096,2025-06-05,semapv:MappingReview
http://id.nlm.nih.gov/mesh/M0015326,Ophthalmic Nerve,http://id.nlm.nih.gov/mesh/vocab#Concept,skos:exactMatch,http://purl.obolibrary.org/obo/UBERON_0000348,ophthalmic nerve,http://purl.obolibrary.org/obo/UBERON_0001062,1,orcid:0000-0002-7500-8096|orcid:0000-0001-8314-2140,orcid:0000-0002-7500-8096,2025-06-05,semapv:MappingReview
http://id.nlm.nih.gov/mesh/M0015353,Optic Chiasm,http://id.nlm.nih.gov/mesh/vocab#Concept,skos:exactMatch,http://purl.obolibrary.org/obo/UBERON_0000959,optic chiasma,http://purl.obolibrary.org/obo/UBERON_0001062,1,orcid:0000-0002-7500-8096|orcid:0000-0001-8314-2140,orcid:0000-0002-7500-8096,2025-06-05,semapv:MappingReview
http://id.nlm.nih.gov/mesh/M0015354,Optic Disk,http://id.nlm.nih.gov/mesh/vocab#Concept,skos:exactMatch,http://purl.obolibrary.org/obo/UBERON_0001783,optic disc,http://purl.obolibrary.org/obo/UBERON_0001062,1,orcid:0000-0002-7500-8096|orcid:0000-0001-8314-2140,orcid:0000-0002-7500-8096,2025-06-05,semapv:MappingReview
http://id.nlm.nih.gov/mesh/M0015357,Optic Nerve,http://id.nlm.nih.gov/mesh/vocab#Concept,skos:exactMatch,http://purl.obolibrary.org/obo/UBERON_0000941,cranial nerve II,http://purl.obolibrary.org/obo/UBERON_0001062,1,orcid:0000-0002-7500-8096|orcid:0000-0001-8314-2140,orcid:0000-0002-7500-8096,2025-06-05,semapv:MappingReview
http://id.nlm.nih.gov/mesh/M0015376,Orbit,http://id.nlm.nih.gov/mesh/vocab#Concept,skos:exactMatch,http://purl.obolibrary.org/obo/UBERON_0001697,orbit of skull,http://purl.obolibrary.org/obo/UBERON_0001062,1,orcid:0000-0002-7500-8096|orcid:0000-0001-8314-2140,orcid:0000-0002-7500-8096,2025-06-05,semapv:MappingReview
http://id.nlm.nih.gov/mesh/M0015442,Oropharynx,http://id.nlm.nih.gov/mesh/vocab#Concept,skos:exactMatch,http://purl.obolibrary.org/obo/UBERON_0001729,oropharynx,http://purl.obolibrary.org/obo/UBERON_0001062,1,orcid:0000-0002-7500-8096|orcid:0000-0001-8314-2140,orcid:0000-0002-7500-8096,2025-06-05,semapv:MappingReview
http://id.nlm.nih.gov/mesh/M0015596,Ovary,http://id.nlm.nih.gov/mesh/vocab#Concept,skos:exactMatch,http://purl.obolibrary.org/obo/UBERON_0000992,ovary,http://purl.obolibrary.org/obo/UBERON_0001062,1,orcid:0000-0002-7500-8096|orcid:0000-0001-8314-2140,orcid:0000-0002-7500-8096,2025-06-05,semapv:MappingReview
http://id.nlm.nih.gov/mesh/M0015608,Ovum,http://id.nlm.nih.gov/mesh/vocab#Concept,skos:exactMatch,http://purl.obolibrary.org/obo/CL_0000025,egg cell,http://purl.obolibrary.org/obo/CL_0000000,1,orcid:0000-0002-7500-8096|orcid:0000-0001-8314-2140,orcid:0000-0002-7500-8096,2025-06-05,semapv:MappingReview
http://id.nlm.nih.gov/mesh/M0015737,Pacinian Corpuscles,http://id.nlm.nih.gov/mesh/vocab#Concept,skos:exactMatch,http://purl.obolibrary.org/obo/UBERON_0003719,Pacinian corpuscle,http://purl.obolibrary.org/obo/UBERON_0001062,1,orcid:0000-0002-7500-8096|orcid:0000-0001-8314-2140,orcid:0000-0002-7500-8096,2025-06-05,semapv:MappingReview
http://id.nlm.nih.gov/mesh/M0015760,Palatal Muscles,http://id.nlm.nih.gov/mesh/vocab#Concept,skos:exactMatch,http://purl.obolibrary.org/obo/UBERON_0003682,palatal muscle,http://purl.obolibrary.org/obo/UBERON_0001062,1,orcid:0000-0002-7500-8096|orcid:0000-0001-8314-2140,orcid:0000-0002-7500-8096,2025-06-05,semapv:MappingReview
http://id.nlm.nih.gov/mesh/M0015790,Pancreas,http://id.nlm.nih.gov/mesh/vocab#Concept,skos:exactMatch,http://purl.obolibrary.org/obo/UBERON_0001264,pancreas,http://purl.obolibrary.org/obo/UBERON_0001062,1,orcid:0000-0002-7500-8096|orcid:0000-0001-8314-2140,orcid:0000-0002-7500-8096,2025-06-05,semapv:MappingReview
http://id.nlm.nih.gov/mesh/M0015796,Pancreatic Ducts,http://id.nlm.nih.gov/mesh/vocab#Concept,skos:exactMatch,http://purl.obolibrary.org/obo/UBERON_0007329,pancreatic duct,http://purl.obolibrary.org/obo/UBERON_0001062,1,orcid:0000-0002-7500-8096|orcid:0000-0001-8314-2140,orcid:0000-0002-7500-8096,2025-06-05,semapv:MappingReview
http://id.nlm.nih.gov/mesh/M0015833,Papillary Muscles,http://id.nlm.nih.gov/mesh/vocab#Concept,skos:exactMatch,http://purl.obolibrary.org/obo/UBERON_0002494,papillary muscle of heart,http://purl.obolibrary.org/obo/UBERON_0001062,1,orcid:0000-0002-7500-8096|orcid:0000-0001-8314-2140,orcid:0000-0002-7500-8096,2025-06-05,semapv:MappingReview
http://id.nlm.nih.gov/mesh/M0015867,"Paraganglia, Nonchromaffin",http://id.nlm.nih.gov/mesh/vocab#Concept,skos:exactMatch,http://purl.obolibrary.org/obo/UBERON_0034979,nonchromaffin paraganglion,http://purl.obolibrary.org/obo/UBERON_0001062,1,orcid:0000-0002-7500-8096|orcid:0000-0001-8314-2140,orcid:0000-0002-7500-8096,2025-06-05,semapv:MappingReview
http://id.nlm.nih.gov/mesh/M0015868,Glomus Tympanicum,http://id.nlm.nih.gov/mesh/vocab#Concept,skos:exactMatch,http://purl.obolibrary.org/obo/UBERON_0034972,jugular body,http://purl.obolibrary.org/obo/UBERON_0001062,0.65,orcid:0000-0002-7500-8096|orcid:0000-0001-8314-2140,orcid:0000-0002-7500-8096,2025-06-05,semapv:MappingReview
http://id.nlm.nih.gov/mesh/M0015894,Paranasal Sinuses,http://id.nlm.nih.gov/mesh/vocab#Concept,skos:exactMatch,http://purl.obolibrary.org/obo/UBERON_0001825,paranasal sinus,http://purl.obolibrary.org/obo/UBERON_0001062,1,orcid:0000-0002-7500-8096,orcid:0000-0002-7500-8096,2025-06-05,semapv:MappingReview
http://id.nlm.nih.gov/mesh/M0015922,Parasympathetic Nervous System,http://id.nlm.nih.gov/mesh/vocab#Concept,skos:exactMatch,http://purl.obolibrary.org/obo/UBERON_0000011,parasympathetic nervous system,http://purl.obolibrary.org/obo/UBERON_0001062,1,orcid:0000-0002-7500-8096|orcid:0000-0001-8314-2140,orcid:0000-0002-7500-8096,2025-06-05,semapv:MappingReview
http://id.nlm.nih.gov/mesh/M0015936,Paraventricular Hypothalamic Nucleus,http://id.nlm.nih.gov/mesh/vocab#Concept,skos:exactMatch,http://purl.obolibrary.org/obo/UBERON_0001930,paraventricular nucleus of hypothalamus,http://purl.obolibrary.org/obo/UBERON_0001062,1,orcid:0000-0002-7500-8096|orcid:0000-0001-8314-2140,orcid:0000-0002-7500-8096,2025-06-05,semapv:MappingReview
http://id.nlm.nih.gov/mesh/M0015953,Parietal Bone,http://id.nlm.nih.gov/mesh/vocab#Concept,skos:exactMatch,http://purl.obolibrary.org/obo/UBERON_0000210,tetrapod parietal bone,http://purl.obolibrary.org/obo/UBERON_0001062,1,orcid:0000-0002-7500-8096|orcid:0000-0001-8314-2140,orcid:0000-0002-7500-8096,2025-06-05,semapv:MappingReview
http://id.nlm.nih.gov/mesh/M0015954,"Parietal Cells, Gastric",http://id.nlm.nih.gov/mesh/vocab#Concept,skos:exactMatch,http://purl.obolibrary.org/obo/CL_0000162,parietal cell,http://purl.obolibrary.org/obo/CL_0000000,1,orcid:0000-0002-7500-8096|orcid:0000-0001-8314-2140,orcid:0000-0002-7500-8096,2025-06-05,semapv:MappingReview
http://id.nlm.nih.gov/mesh/M0015955,Parietal Lobe,http://id.nlm.nih.gov/mesh/vocab#Concept,skos:exactMatch,http://purl.obolibrary.org/obo/UBERON_0001872,parietal lobe,http://purl.obolibrary.org/obo/UBERON_0001062,1,orcid:0000-0002-7500-8096|orcid:0000-0001-8314-2140,orcid:0000-0002-7500-8096,2025-06-05,semapv:MappingReview
http://id.nlm.nih.gov/mesh/M0015974,Parotid Gland,http://id.nlm.nih.gov/mesh/vocab#Concept,skos:exactMatch,http://purl.obolibrary.org/obo/UBERON_0001831,parotid gland,http://purl.obolibrary.org/obo/UBERON_0001062,1,orcid:0000-0002-7500-8096|orcid:0000-0001-8314-2140,orcid:0000-0002-7500-8096,2025-06-05,semapv:MappingReview
http://id.nlm.nih.gov/mesh/M0016005,Patella,http://id.nlm.nih.gov/mesh/vocab#Concept,skos:exactMatch,http://purl.obolibrary.org/obo/UBERON_0002446,patella,http://purl.obolibrary.org/obo/UBERON_0001062,1,orcid:0000-0002-7500-8096|orcid:0000-0001-8314-2140,orcid:0000-0002-7500-8096,2025-06-05,semapv:MappingReview
http://id.nlm.nih.gov/mesh/M0016081,Pectoralis Muscles,http://id.nlm.nih.gov/mesh/vocab#Concept,skos:exactMatch,http://purl.obolibrary.org/obo/UBERON_0001495,pectoral muscle,http://purl.obolibrary.org/obo/UBERON_0001062,1,orcid:0000-0002-7500-8096|orcid:0000-0001-8314-2140,orcid:0000-0002-7500-8096,2025-06-05,semapv:MappingReview
http://id.nlm.nih.gov/mesh/M0016100,Pelvic Bones,http://id.nlm.nih.gov/mesh/vocab#Concept,skos:exactMatch,http://purl.obolibrary.org/obo/UBERON_0001272,innominate bone,http://purl.obolibrary.org/obo/UBERON_0001062,1,orcid:0000-0002-7500-8096|orcid:0000-0001-8314-2140,orcid:0000-0002-7500-8096,2025-06-05,semapv:MappingReview
http://id.nlm.nih.gov/mesh/M0016161,Penis,http://id.nlm.nih.gov/mesh/vocab#Concept,skos:exactMatch,http://purl.obolibrary.org/obo/UBERON_0000989,penis,http://purl.obolibrary.org/obo/UBERON_0001062,1,orcid:0000-0002-7500-8096|orcid:0000-0001-8314-2140,orcid:0000-0002-7500-8096,2025-06-05,semapv:MappingReview
http://id.nlm.nih.gov/mesh/M0016292,Periaqueductal Gray,http://id.nlm.nih.gov/mesh/vocab#Concept,skos:exactMatch,http://purl.obolibrary.org/obo/UBERON_0003040,central gray substance of midbrain,http://purl.obolibrary.org/obo/UBERON_0001062,1,orcid:0000-0002-7500-8096|orcid:0000-0001-8314-2140,orcid:0000-0002-7500-8096,2025-06-05,semapv:MappingReview
http://id.nlm.nih.gov/mesh/M0016307,Pericardium,http://id.nlm.nih.gov/mesh/vocab#Concept,skos:exactMatch,http://purl.obolibrary.org/obo/UBERON_0002407,pericardium,http://purl.obolibrary.org/obo/UBERON_0001062,1,orcid:0000-0002-7500-8096|orcid:0000-0001-8314-2140,orcid:0000-0002-7500-8096,2025-06-05,semapv:MappingReview
http://id.nlm.nih.gov/mesh/M0016349,Peripheral Nerves,http://id.nlm.nih.gov/mesh/vocab#Concept,skos:exactMatch,http://purl.obolibrary.org/obo/UBERON_0001021,nerve,http://purl.obolibrary.org/obo/UBERON_0001062,1,orcid:0000-0002-7500-8096|orcid:0000-0001-8314-2140,orcid:0000-0002-7500-8096,2025-06-05,semapv:MappingReview
http://id.nlm.nih.gov/mesh/M0016374,Peroneal Nerve,http://id.nlm.nih.gov/mesh/vocab#Concept,skos:exactMatch,http://purl.obolibrary.org/obo/UBERON_0001324,common fibular nerve,http://purl.obolibrary.org/obo/UBERON_0001062,1,orcid:0000-0002-7500-8096|orcid:0000-0001-8314-2140,orcid:0000-0002-7500-8096,2025-06-05,semapv:MappingReview
http://id.nlm.nih.gov/mesh/M0016374,Peroneal Nerve,http://id.nlm.nih.gov/mesh/vocab#Concept,skos:exactMatch,http://purl.obolibrary.org/obo/UBERON_0035652,fibular nerve,http://purl.obolibrary.org/obo/UBERON_0001062,0.65,orcid:0000-0002-7500-8096|orcid:0000-0001-8314-2140,orcid:0000-0002-7500-8096,2025-06-05,semapv:MappingReview
http://id.nlm.nih.gov/mesh/M0016439,Petrous Bone,http://id.nlm.nih.gov/mesh/vocab#Concept,skos:exactMatch,http://purl.obolibrary.org/obo/UBERON_0001694,petrous part of temporal bone,http://purl.obolibrary.org/obo/UBERON_0001062,1,orcid:0000-0002-7500-8096,orcid:0000-0002-7500-8096,2025-06-05,semapv:MappingReview
http://id.nlm.nih.gov/mesh/M0016439,Petrous Bone,http://id.nlm.nih.gov/mesh/vocab#Concept,skos:exactMatch,http://purl.obolibrary.org/obo/UBERON_0018348,petrosal bone,http://purl.obolibrary.org/obo/UBERON_0001062,1,orcid:0000-0002-7500-8096|orcid:0000-0001-8314-2140,orcid:0000-0002-7500-8096,2025-06-05,semapv:MappingReview
http://id.nlm.nih.gov/mesh/M0016442,Peyer's Patches,http://id.nlm.nih.gov/mesh/vocab#Concept,skos:exactMatch,http://purl.obolibrary.org/obo/UBERON_0001211,Peyer's patch,http://purl.obolibrary.org/obo/UBERON_0001062,1,orcid:0000-0002-7500-8096,orcid:0000-0002-7500-8096,2025-06-05,semapv:MappingReview
http://id.nlm.nih.gov/mesh/M0016451,Phagocytes,http://id.nlm.nih.gov/mesh/vocab#Concept,skos:exactMatch,http://purl.obolibrary.org/obo/CL_0000234,phagocyte,http://purl.obolibrary.org/obo/CL_0000000,1,orcid:0000-0002-7500-8096|orcid:0000-0001-8314-2140,orcid:0000-0002-7500-8096,2025-06-05,semapv:MappingReview
http://id.nlm.nih.gov/mesh/M0016480,Pharyngeal Muscles,http://id.nlm.nih.gov/mesh/vocab#Concept,skos:exactMatch,http://purl.obolibrary.org/obo/UBERON_0000933,chordate pharyngeal muscle,http://purl.obolibrary.org/obo/UBERON_0001062,1,orcid:0000-0002-7500-8096|orcid:0000-0001-8314-2140,orcid:0000-0002-7500-8096,2025-06-05,semapv:MappingReview
http://id.nlm.nih.gov/mesh/M0016480,Pharyngeal Muscles,http://id.nlm.nih.gov/mesh/vocab#Concept,skos:exactMatch,http://purl.obolibrary.org/obo/UBERON_0004467,musculature of pharynx,http://purl.obolibrary.org/obo/UBERON_0001062,1,orcid:0000-0002-7500-8096|orcid:0000-0001-8314-2140,orcid:0000-0002-7500-8096,2025-06-05,semapv:MappingReview
http://id.nlm.nih.gov/mesh/M0016486,Pharynx,http://id.nlm.nih.gov/mesh/vocab#Concept,skos:exactMatch,http://purl.obolibrary.org/obo/UBERON_0001042,chordate pharynx,http://purl.obolibrary.org/obo/UBERON_0001062,1,orcid:0000-0002-7500-8096,orcid:0000-0002-7500-8096,2025-06-05,semapv:MappingReview
http://id.nlm.nih.gov/mesh/M0016486,Pharynx,http://id.nlm.nih.gov/mesh/vocab#Concept,skos:exactMatch,http://purl.obolibrary.org/obo/UBERON_0006562,pharynx,http://purl.obolibrary.org/obo/UBERON_0001062,1,orcid:0000-0002-7500-8096|orcid:0000-0001-8314-2140,orcid:0000-0002-7500-8096,2025-06-05,semapv:MappingReview
http://id.nlm.nih.gov/mesh/M0016754,Photoreceptor Cells,http://id.nlm.nih.gov/mesh/vocab#Concept,skos:exactMatch,http://purl.obolibrary.org/obo/CL_0000210,photoreceptor cell,http://purl.obolibrary.org/obo/CL_0000000,1,orcid:0000-0002-7500-8096,orcid:0000-0002-7500-8096,2025-06-05,semapv:MappingReview
http://id.nlm.nih.gov/mesh/M0016764,Phrenic Nerve,http://id.nlm.nih.gov/mesh/vocab#Concept,skos:exactMatch,http://purl.obolibrary.org/obo/UBERON_0001884,phrenic nerve,http://purl.obolibrary.org/obo/UBERON_0001062,1,orcid:0000-0002-7500-8096|orcid:0000-0001-8314-2140,orcid:0000-0002-7500-8096,2025-06-05,semapv:MappingReview
http://id.nlm.nih.gov/mesh/M0016831,Pia Mater,http://id.nlm.nih.gov/mesh/vocab#Concept,skos:exactMatch,http://purl.obolibrary.org/obo/UBERON_0002361,pia mater,http://purl.obolibrary.org/obo/UBERON_0001062,1,orcid:0000-0002-7500-8096|orcid:0000-0001-8314-2140,orcid:0000-0002-7500-8096,2025-06-05,semapv:MappingReview
http://id.nlm.nih.gov/mesh/M0016848,Pigment Epithelium of Eye,http://id.nlm.nih.gov/mesh/vocab#Concept,skos:exactMatch,http://purl.obolibrary.org/obo/UBERON_0007625,pigment epithelium of eye,http://purl.obolibrary.org/obo/UBERON_0001062,1,orcid:0000-0002-7500-8096|orcid:0000-0001-8314-2140,orcid:0000-0002-7500-8096,2025-06-05,semapv:MappingReview
http://id.nlm.nih.gov/mesh/M0016849,Retinal Pigment Epithelium,http://id.nlm.nih.gov/mesh/vocab#Concept,skos:exactMatch,http://purl.obolibrary.org/obo/UBERON_0001782,pigmented layer of retina,http://purl.obolibrary.org/obo/UBERON_0001062,1,orcid:0000-0002-7500-8096|orcid:0000-0001-8314-2140,orcid:0000-0002-7500-8096,2025-06-05,semapv:MappingReview
http://id.nlm.nih.gov/mesh/M0016874,Pineal Gland,http://id.nlm.nih.gov/mesh/vocab#Concept,skos:exactMatch,http://purl.obolibrary.org/obo/UBERON_0001905,pineal body,http://purl.obolibrary.org/obo/UBERON_0001062,1,orcid:0000-0002-7500-8096|orcid:0000-0001-8314-2140,orcid:0000-0002-7500-8096,2025-06-05,semapv:MappingReview
http://id.nlm.nih.gov/mesh/M0016910,Pituitary Gland,http://id.nlm.nih.gov/mesh/vocab#Concept,skos:exactMatch,http://purl.obolibrary.org/obo/UBERON_0000007,pituitary gland,http://purl.obolibrary.org/obo/UBERON_0001062,1,orcid:0000-0002-7500-8096|orcid:0000-0001-8314-2140,orcid:0000-0002-7500-8096,2025-06-05,semapv:MappingReview
http://id.nlm.nih.gov/mesh/M0016911,"Pituitary Gland, Anterior",http://id.nlm.nih.gov/mesh/vocab#Concept,skos:exactMatch,http://purl.obolibrary.org/obo/UBERON_0002196,adenohypophysis,http://purl.obolibrary.org/obo/UBERON_0001062,1,orcid:0000-0002-7500-8096|orcid:0000-0001-8314-2140,orcid:0000-0002-7500-8096,2025-06-05,semapv:MappingReview
http://id.nlm.nih.gov/mesh/M0016912,"Pituitary Gland, Posterior",http://id.nlm.nih.gov/mesh/vocab#Concept,skos:exactMatch,http://purl.obolibrary.org/obo/UBERON_0002198,neurohypophysis,http://purl.obolibrary.org/obo/UBERON_0001062,1,orcid:0000-0002-7500-8096|orcid:0000-0001-8314-2140,orcid:0000-0002-7500-8096,2025-06-05,semapv:MappingReview
http://id.nlm.nih.gov/mesh/M0016933,Placenta,http://id.nlm.nih.gov/mesh/vocab#Concept,skos:exactMatch,http://purl.obolibrary.org/obo/UBERON_0001987,placenta,http://purl.obolibrary.org/obo/UBERON_0001062,1,orcid:0000-0002-7500-8096|orcid:0000-0001-8314-2140,orcid:0000-0002-7500-8096,2025-06-05,semapv:MappingReview
http://id.nlm.nih.gov/mesh/M0016977,Plasma,http://id.nlm.nih.gov/mesh/vocab#Concept,skos:exactMatch,http://purl.obolibrary.org/obo/UBERON_0001969,blood plasma,http://purl.obolibrary.org/obo/UBERON_0001062,1,orcid:0000-0002-7500-8096|orcid:0000-0001-8314-2140,orcid:0000-0002-7500-8096,2025-06-05,semapv:MappingReview
http://id.nlm.nih.gov/mesh/M0016978,Plasma Cells,http://id.nlm.nih.gov/mesh/vocab#Concept,skos:exactMatch,http://purl.obolibrary.org/obo/CL_0000786,plasma cell,http://purl.obolibrary.org/obo/CL_0000000,1,orcid:0000-0002-7500-8096|orcid:0000-0001-8314-2140,orcid:0000-0002-7500-8096,2025-06-05,semapv:MappingReview
http://id.nlm.nih.gov/mesh/M0017040,Pleura,http://id.nlm.nih.gov/mesh/vocab#Concept,skos:exactMatch,http://purl.obolibrary.org/obo/UBERON_0000977,pleura,http://purl.obolibrary.org/obo/UBERON_0001062,1,orcid:0000-0002-7500-8096|orcid:0000-0001-8314-2140,orcid:0000-0002-7500-8096,2025-06-05,semapv:MappingReview
http://id.nlm.nih.gov/mesh/M0017282,Pons,http://id.nlm.nih.gov/mesh/vocab#Concept,skos:exactMatch,http://purl.obolibrary.org/obo/UBERON_0000988,pons,http://purl.obolibrary.org/obo/UBERON_0001062,1,orcid:0000-0002-7500-8096|orcid:0000-0001-8314-2140,orcid:0000-0002-7500-8096,2025-06-05,semapv:MappingReview
http://id.nlm.nih.gov/mesh/M0017284,Popliteal Artery,http://id.nlm.nih.gov/mesh/vocab#Concept,skos:exactMatch,http://purl.obolibrary.org/obo/UBERON_0002250,popliteal artery,http://purl.obolibrary.org/obo/UBERON_0001062,1,orcid:0000-0002-7500-8096|orcid:0000-0001-8314-2140,orcid:0000-0002-7500-8096,2025-06-05,semapv:MappingReview
http://id.nlm.nih.gov/mesh/M0017286,Popliteal Vein,http://id.nlm.nih.gov/mesh/vocab#Concept,skos:exactMatch,http://purl.obolibrary.org/obo/UBERON_0001544,popliteal vein,http://purl.obolibrary.org/obo/UBERON_0001062,1,orcid:0000-0002-7500-8096|orcid:0000-0001-8314-2140,orcid:0000-0002-7500-8096,2025-06-05,semapv:MappingReview
http://id.nlm.nih.gov/mesh/M0017338,Portal System,http://id.nlm.nih.gov/mesh/vocab#Concept,skos:exactMatch,http://purl.obolibrary.org/obo/UBERON_0005806,portal system,http://purl.obolibrary.org/obo/UBERON_0001062,1,orcid:0000-0002-7500-8096|orcid:0000-0001-8314-2140,orcid:0000-0002-7500-8096,2025-06-05,semapv:MappingReview
http://id.nlm.nih.gov/mesh/M0017339,Portal Vein,http://id.nlm.nih.gov/mesh/vocab#Concept,skos:exactMatch,http://purl.obolibrary.org/obo/UBERON_0002017,portal vein,http://purl.obolibrary.org/obo/UBERON_0001062,1,orcid:0000-0002-7500-8096|orcid:0000-0001-8314-2140,orcid:0000-0002-7500-8096,2025-06-05,semapv:MappingReview
http://id.nlm.nih.gov/mesh/M0017550,Preoptic Area,http://id.nlm.nih.gov/mesh/vocab#Concept,skos:exactMatch,http://purl.obolibrary.org/obo/UBERON_0001928,preoptic area,http://purl.obolibrary.org/obo/UBERON_0001062,1,orcid:0000-0002-7500-8096|orcid:0000-0001-8314-2140,orcid:0000-0002-7500-8096,2025-06-05,semapv:MappingReview
http://id.nlm.nih.gov/mesh/M0017563,Pressoreceptors,http://id.nlm.nih.gov/mesh/vocab#Concept,skos:exactMatch,http://purl.obolibrary.org/obo/UBERON_0004019,baroreceptor,http://purl.obolibrary.org/obo/UBERON_0001062,1,orcid:0000-0002-7500-8096|orcid:0000-0001-8314-2140,orcid:0000-0002-7500-8096,2025-06-05,semapv:MappingReview
http://id.nlm.nih.gov/mesh/M0017823,Prostate,http://id.nlm.nih.gov/mesh/vocab#Concept,skos:exactMatch,http://purl.obolibrary.org/obo/UBERON_0002367,prostate gland,http://purl.obolibrary.org/obo/UBERON_0001062,1,orcid:0000-0002-7500-8096|orcid:0000-0001-8314-2140,orcid:0000-0002-7500-8096,2025-06-05,semapv:MappingReview
http://id.nlm.nih.gov/mesh/M0018080,Pterygoid Muscles,http://id.nlm.nih.gov/mesh/vocab#Concept,skos:exactMatch,http://purl.obolibrary.org/obo/UBERON_0006720,pterygoid muscle,http://purl.obolibrary.org/obo/UBERON_0001062,1,orcid:0000-0002-7500-8096|orcid:0000-0001-8314-2140,orcid:0000-0002-7500-8096,2025-06-05,semapv:MappingReview
http://id.nlm.nih.gov/mesh/M0018084,Pubic Bone,http://id.nlm.nih.gov/mesh/vocab#Concept,skos:exactMatch,http://purl.obolibrary.org/obo/UBERON_0001275,pubis,http://purl.obolibrary.org/obo/UBERON_0001062,1,orcid:0000-0002-7500-8096|orcid:0000-0001-8314-2140,orcid:0000-0002-7500-8096,2025-06-05,semapv:MappingReview
http://id.nlm.nih.gov/mesh/M0018085,Pubic Symphysis,http://id.nlm.nih.gov/mesh/vocab#Concept,skos:exactMatch,http://purl.obolibrary.org/obo/UBERON_0003699,pubic symphysis,http://purl.obolibrary.org/obo/UBERON_0001062,1,orcid:0000-0002-7500-8096|orcid:0000-0001-8314-2140,orcid:0000-0002-7500-8096,2025-06-05,semapv:MappingReview
http://id.nlm.nih.gov/mesh/M0018121,Pulmonary Alveoli,http://id.nlm.nih.gov/mesh/vocab#Concept,skos:exactMatch,http://purl.obolibrary.org/obo/UBERON_0002299,alveolus of lung,http://purl.obolibrary.org/obo/UBERON_0001062,1,orcid:0000-0002-7500-8096|orcid:0000-0001-8314-2140,orcid:0000-0002-7500-8096,2025-06-05,semapv:MappingReview
http://id.nlm.nih.gov/mesh/M0018122,Pulmonary Artery,http://id.nlm.nih.gov/mesh/vocab#Concept,skos:exactMatch,http://purl.obolibrary.org/obo/UBERON_0002012,pulmonary artery,http://purl.obolibrary.org/obo/UBERON_0001062,1,orcid:0000-0002-7500-8096|orcid:0000-0001-8314-2140,orcid:0000-0002-7500-8096,2025-06-05,semapv:MappingReview
http://id.nlm.nih.gov/mesh/M0018138,Pulmonary Stretch Receptors,http://id.nlm.nih.gov/mesh/vocab#Concept,skos:exactMatch,http://purl.obolibrary.org/obo/UBERON_0018396,pulmonary baroreceptor,http://purl.obolibrary.org/obo/UBERON_0001062,1,orcid:0000-0002-7500-8096|orcid:0000-0001-8314-2140,orcid:0000-0002-7500-8096,2025-06-05,semapv:MappingReview
http://id.nlm.nih.gov/mesh/M0018141,Pulmonary Valve,http://id.nlm.nih.gov/mesh/vocab#Concept,skos:exactMatch,http://purl.obolibrary.org/obo/UBERON_0002146,pulmonary valve,http://purl.obolibrary.org/obo/UBERON_0001062,1,orcid:0000-0002-7500-8096|orcid:0000-0001-8314-2140,orcid:0000-0002-7500-8096,2025-06-05,semapv:MappingReview
http://id.nlm.nih.gov/mesh/M0018144,Pulmonary Veins,http://id.nlm.nih.gov/mesh/vocab#Concept,skos:exactMatch,http://purl.obolibrary.org/obo/UBERON_0002016,pulmonary vein,http://purl.obolibrary.org/obo/UBERON_0001062,1,orcid:0000-0002-7500-8096|orcid:0000-0001-8314-2140,orcid:0000-0002-7500-8096,2025-06-05,semapv:MappingReview
http://id.nlm.nih.gov/mesh/M0018161,Pupil,http://id.nlm.nih.gov/mesh/vocab#Concept,skos:exactMatch,http://purl.obolibrary.org/obo/UBERON_0001771,pupil,http://purl.obolibrary.org/obo/UBERON_0001062,1,orcid:0000-0002-7500-8096|orcid:0000-0001-8314-2140,orcid:0000-0002-7500-8096,2025-06-05,semapv:MappingReview
http://id.nlm.nih.gov/mesh/M0018171,Purkinje Cells,http://id.nlm.nih.gov/mesh/vocab#Concept,skos:exactMatch,http://purl.obolibrary.org/obo/CL_0000121,Purkinje cell,http://purl.obolibrary.org/obo/CL_0000000,1,orcid:0000-0002-7500-8096|orcid:0000-0001-8314-2140,orcid:0000-0002-7500-8096,2025-06-05,semapv:MappingReview
http://id.nlm.nih.gov/mesh/M0018172,Purkinje Fibers,http://id.nlm.nih.gov/mesh/vocab#Concept,skos:exactMatch,http://purl.obolibrary.org/obo/UBERON_0002354,cardiac Purkinje fiber,http://purl.obolibrary.org/obo/UBERON_0001062,1,orcid:0000-0002-7500-8096|orcid:0000-0001-8314-2140,orcid:0000-0002-7500-8096,2025-06-05,semapv:MappingReview
http://id.nlm.nih.gov/mesh/M0018190,Putamen,http://id.nlm.nih.gov/mesh/vocab#Concept,skos:exactMatch,http://purl.obolibrary.org/obo/UBERON_0001874,putamen,http://purl.obolibrary.org/obo/UBERON_0001062,1,orcid:0000-0002-7500-8096|orcid:0000-0001-8314-2140,orcid:0000-0002-7500-8096,2025-06-05,semapv:MappingReview
http://id.nlm.nih.gov/mesh/M0018198,Pyloric Antrum,http://id.nlm.nih.gov/mesh/vocab#Concept,skos:exactMatch,http://purl.obolibrary.org/obo/UBERON_0001165,pyloric antrum,http://purl.obolibrary.org/obo/UBERON_0001062,1,orcid:0000-0002-7500-8096|orcid:0000-0001-8314-2140,orcid:0000-0002-7500-8096,2025-06-05,semapv:MappingReview
http://id.nlm.nih.gov/mesh/M0018200,Pylorus,http://id.nlm.nih.gov/mesh/vocab#Concept,skos:exactMatch,http://purl.obolibrary.org/obo/UBERON_0001166,pylorus,http://purl.obolibrary.org/obo/UBERON_0001062,1,orcid:0000-0002-7500-8096|orcid:0000-0001-8314-2140,orcid:0000-0002-7500-8096,2025-06-05,semapv:MappingReview
http://id.nlm.nih.gov/mesh/M0018216,Pyramidal Tracts,http://id.nlm.nih.gov/mesh/vocab#Concept,skos:exactMatch,http://purl.obolibrary.org/obo/UBERON_0036224,corticobulbar and corticospinal tracts,http://purl.obolibrary.org/obo/UBERON_0001062,1,orcid:0000-0002-7500-8096|orcid:0000-0001-8314-2140,orcid:0000-0002-7500-8096,2025-06-05,semapv:MappingReview
http://id.nlm.nih.gov/mesh/M0018374,Radial Nerve,http://id.nlm.nih.gov/mesh/vocab#Concept,skos:exactMatch,http://purl.obolibrary.org/obo/UBERON_0001492,radial nerve,http://purl.obolibrary.org/obo/UBERON_0001062,1,orcid:0000-0002-7500-8096|orcid:0000-0001-8314-2140,orcid:0000-0002-7500-8096,2025-06-05,semapv:MappingReview
http://id.nlm.nih.gov/mesh/M0018450,Radius,http://id.nlm.nih.gov/mesh/vocab#Concept,skos:exactMatch,http://purl.obolibrary.org/obo/UBERON_0001423,radius bone,http://purl.obolibrary.org/obo/UBERON_0001062,1,orcid:0000-0002-7500-8096|orcid:0000-0001-8314-2140,orcid:0000-0002-7500-8096,2025-06-05,semapv:MappingReview
http://id.nlm.nih.gov/mesh/M0018476,Raphe Nuclei,http://id.nlm.nih.gov/mesh/vocab#Concept,skos:exactMatch,http://purl.obolibrary.org/obo/UBERON_0004684,raphe nuclei,http://purl.obolibrary.org/obo/UBERON_0001062,1,orcid:0000-0002-7500-8096,orcid:0000-0002-7500-8096,2025-06-05,semapv:MappingReview
http://id.nlm.nih.gov/mesh/M0018618,Sensory Receptor Cells,http://id.nlm.nih.gov/mesh/vocab#Concept,skos:exactMatch,http://purl.obolibrary.org/obo/CL_0000197,sensory receptor cell,http://purl.obolibrary.org/obo/CL_0000000,1,orcid:0000-0002-7500-8096|orcid:0000-0001-8314-2140,orcid:0000-0002-7500-8096,2025-06-05,semapv:MappingReview
http://id.nlm.nih.gov/mesh/M0018661,Rectum,http://id.nlm.nih.gov/mesh/vocab#Concept,skos:exactMatch,http://purl.obolibrary.org/obo/UBERON_0001052,rectum,http://purl.obolibrary.org/obo/UBERON_0001062,1,orcid:0000-0002-7500-8096|orcid:0000-0001-8314-2140,orcid:0000-0002-7500-8096,2025-06-05,semapv:MappingReview
http://id.nlm.nih.gov/mesh/M0018665,Recurrent Laryngeal Nerve,http://id.nlm.nih.gov/mesh/vocab#Concept,skos:exactMatch,http://purl.obolibrary.org/obo/UBERON_0003716,recurrent laryngeal nerve,http://purl.obolibrary.org/obo/UBERON_0001062,1,orcid:0000-0002-7500-8096|orcid:0000-0001-8314-2140,orcid:0000-0002-7500-8096,2025-06-05,semapv:MappingReview
http://id.nlm.nih.gov/mesh/M0018669,Red Nucleus,http://id.nlm.nih.gov/mesh/vocab#Concept,skos:exactMatch,http://purl.obolibrary.org/obo/UBERON_0001947,red nucleus,http://purl.obolibrary.org/obo/UBERON_0001062,1,orcid:0000-0002-7500-8096|orcid:0000-0001-8314-2140,orcid:0000-0002-7500-8096,2025-06-05,semapv:MappingReview
http://id.nlm.nih.gov/mesh/M0018769,Renal Artery,http://id.nlm.nih.gov/mesh/vocab#Concept,skos:exactMatch,http://purl.obolibrary.org/obo/UBERON_0001184,renal artery,http://purl.obolibrary.org/obo/UBERON_0001062,1,orcid:0000-0002-7500-8096|orcid:0000-0001-8314-2140,orcid:0000-0002-7500-8096,2025-06-05,semapv:MappingReview
http://id.nlm.nih.gov/mesh/M0018775,Renal Veins,http://id.nlm.nih.gov/mesh/vocab#Concept,skos:exactMatch,http://purl.obolibrary.org/obo/UBERON_0001140,renal vein,http://purl.obolibrary.org/obo/UBERON_0001062,1,orcid:0000-0002-7500-8096|orcid:0000-0001-8314-2140,orcid:0000-0002-7500-8096,2025-06-05,semapv:MappingReview
http://id.nlm.nih.gov/mesh/M0018888,Respiratory Center,http://id.nlm.nih.gov/mesh/vocab#Concept,skos:exactMatch,http://purl.obolibrary.org/obo/UBERON_0006007,pre-Botzinger complex,http://purl.obolibrary.org/obo/UBERON_0001062,0.65,orcid:0000-0002-7500-8096|orcid:0000-0001-8314-2140,orcid:0000-0002-7500-8096,2025-06-05,semapv:MappingReview
http://id.nlm.nih.gov/mesh/M0018898,Respiratory Muscles,http://id.nlm.nih.gov/mesh/vocab#Concept,skos:exactMatch,http://purl.obolibrary.org/obo/UBERON_0003831,respiratory system muscle,http://purl.obolibrary.org/obo/UBERON_0001062,1,orcid:0000-0002-7500-8096,orcid:0000-0002-7500-8096,2025-06-05,semapv:MappingReview
http://id.nlm.nih.gov/mesh/M0018913,Respiratory System,http://id.nlm.nih.gov/mesh/vocab#Concept,skos:exactMatch,http://purl.obolibrary.org/obo/UBERON_0001004,respiratory system,http://purl.obolibrary.org/obo/UBERON_0001062,1,orcid:0000-0002-7500-8096|orcid:0000-0001-8314-2140,orcid:0000-0002-7500-8096,2025-06-05,semapv:MappingReview
http://id.nlm.nih.gov/mesh/M0018930,Rete Testis,http://id.nlm.nih.gov/mesh/vocab#Concept,skos:exactMatch,http://purl.obolibrary.org/obo/UBERON_0003959,rete testis,http://purl.obolibrary.org/obo/UBERON_0001062,1,orcid:0000-0002-7500-8096|orcid:0000-0001-8314-2140,orcid:0000-0002-7500-8096,2025-06-05,semapv:MappingReview
http://id.nlm.nih.gov/mesh/M0018932,Reticular Formation,http://id.nlm.nih.gov/mesh/vocab#Concept,skos:exactMatch,http://purl.obolibrary.org/obo/UBERON_0002275,reticular formation,http://purl.obolibrary.org/obo/UBERON_0001062,1,orcid:0000-0002-7500-8096|orcid:0000-0001-8314-2140,orcid:0000-0002-7500-8096,2025-06-05,semapv:MappingReview
http://id.nlm.nih.gov/mesh/M0018934,Reticulocytes,http://id.nlm.nih.gov/mesh/vocab#Concept,skos:exactMatch,http://purl.obolibrary.org/obo/CL_0000558,reticulocyte,http://purl.obolibrary.org/obo/CL_0000000,1,orcid:0000-0002-7500-8096|orcid:0000-0001-8314-2140,orcid:0000-0002-7500-8096,2025-06-05,semapv:MappingReview
http://id.nlm.nih.gov/mesh/M0018939,Retina,http://id.nlm.nih.gov/mesh/vocab#Concept,skos:exactMatch,http://purl.obolibrary.org/obo/UBERON_0000966,retina,http://purl.obolibrary.org/obo/UBERON_0001062,1,orcid:0000-0002-7500-8096,orcid:0000-0002-7500-8096,2025-06-05,semapv:MappingReview
http://id.nlm.nih.gov/mesh/M0018941,Retinal Artery,http://id.nlm.nih.gov/mesh/vocab#Concept,skos:exactMatch,http://purl.obolibrary.org/obo/UBERON_0001620,central retinal artery,http://purl.obolibrary.org/obo/UBERON_0001062,1,orcid:0000-0002-7500-8096|orcid:0000-0001-8314-2140,orcid:0000-0002-7500-8096,2025-06-05,semapv:MappingReview
http://id.nlm.nih.gov/mesh/M0018946,Retinal Ganglion Cells,http://id.nlm.nih.gov/mesh/vocab#Concept,skos:exactMatch,http://purl.obolibrary.org/obo/CL_0000740,retinal ganglion cell,http://purl.obolibrary.org/obo/CL_0000000,1,orcid:0000-0002-7500-8096|orcid:0000-0001-8314-2140,orcid:0000-0002-7500-8096,2025-06-05,semapv:MappingReview
http://id.nlm.nih.gov/mesh/M0018951,Retinal Vein,http://id.nlm.nih.gov/mesh/vocab#Concept,skos:exactMatch,http://purl.obolibrary.org/obo/UBERON_0001673,central retinal vein,http://purl.obolibrary.org/obo/UBERON_0001062,1,orcid:0000-0002-7500-8096|orcid:0000-0001-8314-2140,orcid:0000-0002-7500-8096,2025-06-05,semapv:MappingReview
http://id.nlm.nih.gov/mesh/M0018956,Retinal Vessels,http://id.nlm.nih.gov/mesh/vocab#Concept,skos:exactMatch,http://purl.obolibrary.org/obo/UBERON_0003501,retina blood vessel,http://purl.obolibrary.org/obo/UBERON_0001062,1,orcid:0000-0002-7500-8096|orcid:0000-0001-8314-2140,orcid:0000-0002-7500-8096,2025-06-05,semapv:MappingReview
http://id.nlm.nih.gov/mesh/M0019053,Rhombencephalon,http://id.nlm.nih.gov/mesh/vocab#Concept,skos:exactMatch,http://purl.obolibrary.org/obo/UBERON_0002028,hindbrain,http://purl.obolibrary.org/obo/UBERON_0001062,1,orcid:0000-0002-7500-8096|orcid:0000-0001-8314-2140,orcid:0000-0002-7500-8096,2025-06-05,semapv:MappingReview
http://id.nlm.nih.gov/mesh/M0019083,Ribs,http://id.nlm.nih.gov/mesh/vocab#Concept,skos:exactMatch,http://purl.obolibrary.org/obo/UBERON_0002228,rib,http://purl.obolibrary.org/obo/UBERON_0001062,1,orcid:0000-0002-7500-8096|orcid:0000-0001-8314-2140,orcid:0000-0002-7500-8096,2025-06-05,semapv:MappingReview
http://id.nlm.nih.gov/mesh/M0019339,Sacroiliac Joint,http://id.nlm.nih.gov/mesh/vocab#Concept,skos:exactMatch,http://purl.obolibrary.org/obo/UBERON_0001365,sacro-iliac joint,http://purl.obolibrary.org/obo/UBERON_0001062,1,orcid:0000-0002-7500-8096,orcid:0000-0002-7500-8096,2025-06-05,semapv:MappingReview
http://id.nlm.nih.gov/mesh/M0019340,Sacrum,http://id.nlm.nih.gov/mesh/vocab#Concept,skos:exactMatch,http://purl.obolibrary.org/obo/UBERON_0003690,fused sacrum,http://purl.obolibrary.org/obo/UBERON_0001062,1,orcid:0000-0002-7500-8096|orcid:0000-0001-8314-2140,orcid:0000-0002-7500-8096,2025-06-05,semapv:MappingReview
http://id.nlm.nih.gov/mesh/M0019378,Salivary Glands,http://id.nlm.nih.gov/mesh/vocab#Concept,skos:exactMatch,http://purl.obolibrary.org/obo/UBERON_0001044,saliva-secreting gland,http://purl.obolibrary.org/obo/UBERON_0001062,1,orcid:0000-0002-7500-8096|orcid:0000-0001-8314-2140,orcid:0000-0002-7500-8096,2025-06-05,semapv:MappingReview
http://id.nlm.nih.gov/mesh/M0019379,"Salivary Glands, Minor",http://id.nlm.nih.gov/mesh/vocab#Concept,skos:exactMatch,http://purl.obolibrary.org/obo/UBERON_0001830,minor salivary gland,http://purl.obolibrary.org/obo/UBERON_0001062,1,orcid:0000-0002-7500-8096|orcid:0000-0001-8314-2140,orcid:0000-0002-7500-8096,2025-06-05,semapv:MappingReview
http://id.nlm.nih.gov/mesh/M0019418,Saphenous Vein,http://id.nlm.nih.gov/mesh/vocab#Concept,skos:exactMatch,http://purl.obolibrary.org/obo/UBERON_0007318,saphenous vein,http://purl.obolibrary.org/obo/UBERON_0001062,1,orcid:0000-0002-7500-8096|orcid:0000-0001-8314-2140,orcid:0000-0002-7500-8096,2025-06-05,semapv:MappingReview
http://id.nlm.nih.gov/mesh/M0019469,Scapula,http://id.nlm.nih.gov/mesh/vocab#Concept,skos:exactMatch,http://purl.obolibrary.org/obo/UBERON_0006849,scapula,http://purl.obolibrary.org/obo/UBERON_0001062,1,orcid:0000-0002-7500-8096|orcid:0000-0001-8314-2140,orcid:0000-0002-7500-8096,2025-06-05,semapv:MappingReview
http://id.nlm.nih.gov/mesh/M0019523,Schwann Cells,http://id.nlm.nih.gov/mesh/vocab#Concept,skos:exactMatch,http://purl.obolibrary.org/obo/CL_0002573,Schwann cell,http://purl.obolibrary.org/obo/CL_0000000,1,orcid:0000-0002-7500-8096|orcid:0000-0001-8314-2140,orcid:0000-0002-7500-8096,2025-06-05,semapv:MappingReview
http://id.nlm.nih.gov/mesh/M0019524,Sciatic Nerve,http://id.nlm.nih.gov/mesh/vocab#Concept,skos:exactMatch,http://purl.obolibrary.org/obo/UBERON_0001322,sciatic nerve,http://purl.obolibrary.org/obo/UBERON_0001062,1,orcid:0000-0002-7500-8096|orcid:0000-0001-8314-2140,orcid:0000-0002-7500-8096,2025-06-05,semapv:MappingReview
http://id.nlm.nih.gov/mesh/M0019537,Sclera,http://id.nlm.nih.gov/mesh/vocab#Concept,skos:exactMatch,http://purl.obolibrary.org/obo/UBERON_0001773,sclera,http://purl.obolibrary.org/obo/UBERON_0001062,1,orcid:0000-0002-7500-8096|orcid:0000-0001-8314-2140,orcid:0000-0002-7500-8096,2025-06-05,semapv:MappingReview
http://id.nlm.nih.gov/mesh/M0019566,Scrotum,http://id.nlm.nih.gov/mesh/vocab#Concept,skos:exactMatch,http://purl.obolibrary.org/obo/UBERON_0001300,scrotum,http://purl.obolibrary.org/obo/UBERON_0001062,1,orcid:0000-0002-7500-8096|orcid:0000-0001-8314-2140,orcid:0000-0002-7500-8096,2025-06-05,semapv:MappingReview
http://id.nlm.nih.gov/mesh/M0019583,Sebaceous Glands,http://id.nlm.nih.gov/mesh/vocab#Concept,skos:exactMatch,http://purl.obolibrary.org/obo/UBERON_0001821,sebaceous gland,http://purl.obolibrary.org/obo/UBERON_0001062,1,orcid:0000-0002-7500-8096|orcid:0000-0001-8314-2140,orcid:0000-0002-7500-8096,2025-06-05,semapv:MappingReview
http://id.nlm.nih.gov/mesh/M0019625,Sella Turcica,http://id.nlm.nih.gov/mesh/vocab#Concept,skos:exactMatch,http://purl.obolibrary.org/obo/UBERON_0003689,sella turcica,http://purl.obolibrary.org/obo/UBERON_0001062,1,orcid:0000-0002-7500-8096|orcid:0000-0001-8314-2140,orcid:0000-0002-7500-8096,2025-06-05,semapv:MappingReview
http://id.nlm.nih.gov/mesh/M0019637,Lunate Bone,http://id.nlm.nih.gov/mesh/vocab#Concept,skos:exactMatch,http://purl.obolibrary.org/obo/UBERON_0001428,intermedium,http://purl.obolibrary.org/obo/UBERON_0001062,1,orcid:0000-0002-7500-8096|orcid:0000-0001-8314-2140,orcid:0000-0002-7500-8096,2025-06-05,semapv:MappingReview
http://id.nlm.nih.gov/mesh/M0019638,Trigeminal Ganglion,http://id.nlm.nih.gov/mesh/vocab#Concept,skos:exactMatch,http://purl.obolibrary.org/obo/UBERON_0001675,trigeminal ganglion,http://purl.obolibrary.org/obo/UBERON_0001062,1,orcid:0000-0002-7500-8096|orcid:0000-0001-8314-2140,orcid:0000-0002-7500-8096,2025-06-05,semapv:MappingReview
http://id.nlm.nih.gov/mesh/M0019639,Seminal Vesicles,http://id.nlm.nih.gov/mesh/vocab#Concept,skos:exactMatch,http://purl.obolibrary.org/obo/UBERON_0000998,seminal vesicle,http://purl.obolibrary.org/obo/UBERON_0001062,1,orcid:0000-0002-7500-8096|orcid:0000-0001-8314-2140,orcid:0000-0002-7500-8096,2025-06-05,semapv:MappingReview
http://id.nlm.nih.gov/mesh/M0019640,Seminiferous Epithelium,http://id.nlm.nih.gov/mesh/vocab#Concept,skos:exactMatch,http://purl.obolibrary.org/obo/UBERON_0004813,seminiferous tubule epithelium,http://purl.obolibrary.org/obo/UBERON_0001062,1,orcid:0000-0002-7500-8096|orcid:0000-0001-8314-2140,orcid:0000-0002-7500-8096,2025-06-05,semapv:MappingReview
http://id.nlm.nih.gov/mesh/M0019641,Seminiferous Tubules,http://id.nlm.nih.gov/mesh/vocab#Concept,skos:exactMatch,http://purl.obolibrary.org/obo/UBERON_0001343,seminiferous tubule of testis,http://purl.obolibrary.org/obo/UBERON_0001062,1,orcid:0000-0002-7500-8096|orcid:0000-0001-8314-2140,orcid:0000-0002-7500-8096,2025-06-05,semapv:MappingReview
http://id.nlm.nih.gov/mesh/M0019665,Septal Nuclei,http://id.nlm.nih.gov/mesh/vocab#Concept,skos:exactMatch,http://purl.obolibrary.org/obo/UBERON_0002663,septal nuclear complex,http://purl.obolibrary.org/obo/UBERON_0001062,1,orcid:0000-0002-7500-8096|orcid:0000-0001-8314-2140,orcid:0000-0002-7500-8096,2025-06-05,semapv:MappingReview
http://id.nlm.nih.gov/mesh/M0019667,Septum Pellucidum,http://id.nlm.nih.gov/mesh/vocab#Concept,skos:exactMatch,http://purl.obolibrary.org/obo/UBERON_0004714,septum pellucidum,http://purl.obolibrary.org/obo/UBERON_0001062,1,orcid:0000-0002-7500-8096|orcid:0000-0001-8314-2140,orcid:0000-0002-7500-8096,2025-06-05,semapv:MappingReview
http://id.nlm.nih.gov/mesh/M0019691,Sertoli Cells,http://id.nlm.nih.gov/mesh/vocab#Concept,skos:exactMatch,http://purl.obolibrary.org/obo/CL_0000216,Sertoli cell,http://purl.obolibrary.org/obo/CL_0000000,1,orcid:0000-0002-7500-8096|orcid:0000-0001-8314-2140,orcid:0000-0002-7500-8096,2025-06-05,semapv:MappingReview
http://id.nlm.nih.gov/mesh/M0019702,Sesamoid Bones,http://id.nlm.nih.gov/mesh/vocab#Concept,skos:exactMatch,http://purl.obolibrary.org/obo/UBERON_0001479,sesamoid bone,http://purl.obolibrary.org/obo/UBERON_0001062,1,orcid:0000-0002-7500-8096|orcid:0000-0001-8314-2140,orcid:0000-0002-7500-8096,2025-06-05,semapv:MappingReview
http://id.nlm.nih.gov/mesh/M0019803,Shoulder Joint,http://id.nlm.nih.gov/mesh/vocab#Concept,skos:exactMatch,http://purl.obolibrary.org/obo/UBERON_0016884,shoulder joint,http://purl.obolibrary.org/obo/UBERON_0001062,1,orcid:0000-0002-7500-8096|orcid:0000-0001-8314-2140,orcid:0000-0002-7500-8096,2025-06-05,semapv:MappingReview
http://id.nlm.nih.gov/mesh/M0019835,"Colon, Sigmoid",http://id.nlm.nih.gov/mesh/vocab#Concept,skos:exactMatch,http://purl.obolibrary.org/obo/UBERON_0001159,sigmoid colon,http://purl.obolibrary.org/obo/UBERON_0001062,1,orcid:0000-0002-7500-8096|orcid:0000-0001-8314-2140,orcid:0000-0002-7500-8096,2025-06-05,semapv:MappingReview
http://id.nlm.nih.gov/mesh/M0019898,Sinoatrial Node,http://id.nlm.nih.gov/mesh/vocab#Concept,skos:exactMatch,http://purl.obolibrary.org/obo/UBERON_0002351,sinoatrial node,http://purl.obolibrary.org/obo/UBERON_0001062,1,orcid:0000-0002-7500-8096|orcid:0000-0001-8314-2140,orcid:0000-0002-7500-8096,2025-06-05,semapv:MappingReview
http://id.nlm.nih.gov/mesh/M0019899,Sinus of Valsalva,http://id.nlm.nih.gov/mesh/vocab#Concept,skos:exactMatch,http://purl.obolibrary.org/obo/UBERON_0003707,sinus of Valsalva,http://purl.obolibrary.org/obo/UBERON_0001062,1,orcid:0000-0002-7500-8096|orcid:0000-0001-8314-2140,orcid:0000-0002-7500-8096,2025-06-05,semapv:MappingReview
http://id.nlm.nih.gov/mesh/M0019920,Skeleton,http://id.nlm.nih.gov/mesh/vocab#Concept,skos:exactMatch,http://purl.obolibrary.org/obo/UBERON_0004288,skeleton,http://purl.obolibrary.org/obo/UBERON_0001062,1,orcid:0000-0002-7500-8096|orcid:0000-0001-8314-2140,orcid:0000-0002-7500-8096,2025-06-05,semapv:MappingReview
http://id.nlm.nih.gov/mesh/M0019925,Skin,http://id.nlm.nih.gov/mesh/vocab#Concept,skos:exactMatch,http://purl.obolibrary.org/obo/UBERON_0002097,skin of body,http://purl.obolibrary.org/obo/UBERON_0001062,1,orcid:0000-0002-7500-8096|orcid:0000-0001-8314-2140,orcid:0000-0002-7500-8096,2025-06-05,semapv:MappingReview
http://id.nlm.nih.gov/mesh/M0019947,Skull,http://id.nlm.nih.gov/mesh/vocab#Concept,skos:exactMatch,http://purl.obolibrary.org/obo/UBERON_0003129,skull,http://purl.obolibrary.org/obo/UBERON_0001062,1,orcid:0000-0002-7500-8096|orcid:0000-0001-8314-2140,orcid:0000-0002-7500-8096,2025-06-05,semapv:MappingReview
http://id.nlm.nih.gov/mesh/M0020151,Somatosensory Cortex,http://id.nlm.nih.gov/mesh/vocab#Concept,skos:exactMatch,http://purl.obolibrary.org/obo/UBERON_0008930,somatosensory cortex,http://purl.obolibrary.org/obo/UBERON_0001062,1,orcid:0000-0002-7500-8096|orcid:0000-0001-8314-2140,orcid:0000-0002-7500-8096,2025-06-05,semapv:MappingReview
http://id.nlm.nih.gov/mesh/M0020274,Spermatic Cord,http://id.nlm.nih.gov/mesh/vocab#Concept,skos:exactMatch,http://purl.obolibrary.org/obo/UBERON_0005352,spermatic cord,http://purl.obolibrary.org/obo/UBERON_0001062,1,orcid:0000-0002-7500-8096,orcid:0000-0002-7500-8096,2025-06-05,semapv:MappingReview
http://id.nlm.nih.gov/mesh/M0020276,Spermatids,http://id.nlm.nih.gov/mesh/vocab#Concept,skos:exactMatch,http://purl.obolibrary.org/obo/CL_0000018,spermatid,http://purl.obolibrary.org/obo/CL_0000000,1,orcid:0000-0002-7500-8096|orcid:0000-0001-8314-2140,orcid:0000-0002-7500-8096,2025-06-05,semapv:MappingReview
http://id.nlm.nih.gov/mesh/M0020280,Spermatocytes,http://id.nlm.nih.gov/mesh/vocab#Concept,skos:exactMatch,http://purl.obolibrary.org/obo/CL_0000017,spermatocyte,http://purl.obolibrary.org/obo/CL_0000000,1,orcid:0000-0002-7500-8096|orcid:0000-0001-8314-2140,orcid:0000-0002-7500-8096,2025-06-05,semapv:MappingReview
http://id.nlm.nih.gov/mesh/M0020285,Spermatogonia,http://id.nlm.nih.gov/mesh/vocab#Concept,skos:exactMatch,http://purl.obolibrary.org/obo/CL_0000020,spermatogonium,http://purl.obolibrary.org/obo/CL_0000000,1,orcid:0000-0002-7500-8096|orcid:0000-0001-8314-2140,orcid:0000-0002-7500-8096,2025-06-05,semapv:MappingReview
http://id.nlm.nih.gov/mesh/M0020286,Spermatozoa,http://id.nlm.nih.gov/mesh/vocab#Concept,skos:exactMatch,http://purl.obolibrary.org/obo/CL_0000019,sperm,http://purl.obolibrary.org/obo/CL_0000000,1,orcid:0000-0002-7500-8096|orcid:0000-0001-8314-2140,orcid:0000-0002-7500-8096,2025-06-05,semapv:MappingReview
http://id.nlm.nih.gov/mesh/M0020291,Sphenoid Bone,http://id.nlm.nih.gov/mesh/vocab#Concept,skos:exactMatch,http://purl.obolibrary.org/obo/UBERON_0001677,sphenoid bone,http://purl.obolibrary.org/obo/UBERON_0001062,1,orcid:0000-0002-7500-8096|orcid:0000-0001-8314-2140,orcid:0000-0002-7500-8096,2025-06-05,semapv:MappingReview
http://id.nlm.nih.gov/mesh/M0020292,Sphenoid Sinus,http://id.nlm.nih.gov/mesh/vocab#Concept,skos:exactMatch,http://purl.obolibrary.org/obo/UBERON_0001724,sphenoidal sinus,http://purl.obolibrary.org/obo/UBERON_0001062,1,orcid:0000-0002-7500-8096|orcid:0000-0001-8314-2140,orcid:0000-0002-7500-8096,2025-06-05,semapv:MappingReview
http://id.nlm.nih.gov/mesh/M0020308,Spinal Canal,http://id.nlm.nih.gov/mesh/vocab#Concept,skos:exactMatch,http://purl.obolibrary.org/obo/UBERON_0006692,vertebral canal,http://purl.obolibrary.org/obo/UBERON_0001062,1,orcid:0000-0002-7500-8096,orcid:0000-0002-7500-8096,2025-06-05,semapv:MappingReview
http://id.nlm.nih.gov/mesh/M0020309,Spinal Cord,http://id.nlm.nih.gov/mesh/vocab#Concept,skos:exactMatch,http://purl.obolibrary.org/obo/UBERON_0002240,spinal cord,http://purl.obolibrary.org/obo/UBERON_0001062,1,orcid:0000-0002-7500-8096|orcid:0000-0001-8314-2140,orcid:0000-0002-7500-8096,2025-06-05,semapv:MappingReview
http://id.nlm.nih.gov/mesh/M0020321,Spinal Nerve Roots,http://id.nlm.nih.gov/mesh/vocab#Concept,skos:exactMatch,http://purl.obolibrary.org/obo/UBERON_0009623,spinal nerve root,http://purl.obolibrary.org/obo/UBERON_0001062,1,orcid:0000-0002-7500-8096|orcid:0000-0001-8314-2140,orcid:0000-0002-7500-8096,2025-06-05,semapv:MappingReview
http://id.nlm.nih.gov/mesh/M0020324,Spinal Nerves,http://id.nlm.nih.gov/mesh/vocab#Concept,skos:exactMatch,http://purl.obolibrary.org/obo/UBERON_0001780,spinal nerve,http://purl.obolibrary.org/obo/UBERON_0001062,1,orcid:0000-0002-7500-8096|orcid:0000-0001-8314-2140,orcid:0000-0002-7500-8096,2025-06-05,semapv:MappingReview
http://id.nlm.nih.gov/mesh/M0020332,Spine,http://id.nlm.nih.gov/mesh/vocab#Concept,skos:exactMatch,http://purl.obolibrary.org/obo/UBERON_0001130,vertebral column,http://purl.obolibrary.org/obo/UBERON_0001062,1,orcid:0000-0002-7500-8096|orcid:0000-0001-8314-2140,orcid:0000-0002-7500-8096,2025-06-05,semapv:MappingReview
http://id.nlm.nih.gov/mesh/M0020338,Spinothalamic Tracts,http://id.nlm.nih.gov/mesh/vocab#Concept,skos:exactMatch,http://purl.obolibrary.org/obo/UBERON_0007703,spinothalamic tract,http://purl.obolibrary.org/obo/UBERON_0001062,1,orcid:0000-0002-7500-8096|orcid:0000-0001-8314-2140,orcid:0000-0002-7500-8096,2025-06-05,semapv:MappingReview
http://id.nlm.nih.gov/mesh/M0020341,Spiral Ganglion,http://id.nlm.nih.gov/mesh/vocab#Concept,skos:exactMatch,http://purl.obolibrary.org/obo/UBERON_0000395,cochlear ganglion,http://purl.obolibrary.org/obo/UBERON_0001062,1,orcid:0000-0002-7500-8096|orcid:0000-0001-8314-2140,orcid:0000-0002-7500-8096,2025-06-05,semapv:MappingReview
http://id.nlm.nih.gov/mesh/M0020363,Splanchnic Nerves,http://id.nlm.nih.gov/mesh/vocab#Concept,skos:exactMatch,http://purl.obolibrary.org/obo/UBERON_0003715,splanchnic nerve,http://purl.obolibrary.org/obo/UBERON_0001062,1,orcid:0000-0002-7500-8096|orcid:0000-0001-8314-2140,orcid:0000-0002-7500-8096,2025-06-05,semapv:MappingReview
http://id.nlm.nih.gov/mesh/M0020364,Spleen,http://id.nlm.nih.gov/mesh/vocab#Concept,skos:exactMatch,http://purl.obolibrary.org/obo/UBERON_0002106,spleen,http://purl.obolibrary.org/obo/UBERON_0001062,1,orcid:0000-0002-7500-8096|orcid:0000-0001-8314-2140,orcid:0000-0002-7500-8096,2025-06-05,semapv:MappingReview
http://id.nlm.nih.gov/mesh/M0020367,Splenic Artery,http://id.nlm.nih.gov/mesh/vocab#Concept,skos:exactMatch,http://purl.obolibrary.org/obo/UBERON_0001194,splenic artery,http://purl.obolibrary.org/obo/UBERON_0001062,1,orcid:0000-0002-7500-8096|orcid:0000-0001-8314-2140,orcid:0000-0002-7500-8096,2025-06-05,semapv:MappingReview
http://id.nlm.nih.gov/mesh/M0020372,Splenic Vein,http://id.nlm.nih.gov/mesh/vocab#Concept,skos:exactMatch,http://purl.obolibrary.org/obo/UBERON_0003713,splenic vein,http://purl.obolibrary.org/obo/UBERON_0001062,1,orcid:0000-0002-7500-8096|orcid:0000-0001-8314-2140,orcid:0000-0002-7500-8096,2025-06-05,semapv:MappingReview
http://id.nlm.nih.gov/mesh/M0020417,Stapedius,http://id.nlm.nih.gov/mesh/vocab#Concept,skos:exactMatch,http://purl.obolibrary.org/obo/UBERON_0001599,stapedius muscle,http://purl.obolibrary.org/obo/UBERON_0001062,1,orcid:0000-0002-7500-8096|orcid:0000-0001-8314-2140,orcid:0000-0002-7500-8096,2025-06-05,semapv:MappingReview
http://id.nlm.nih.gov/mesh/M0020471,Stellate Ganglion,http://id.nlm.nih.gov/mesh/vocab#Concept,skos:exactMatch,http://purl.obolibrary.org/obo/UBERON_0002441,cervicothoracic ganglion,http://purl.obolibrary.org/obo/UBERON_0001062,1,orcid:0000-0002-7500-8096|orcid:0000-0001-8314-2140,orcid:0000-0002-7500-8096,2025-06-05,semapv:MappingReview
http://id.nlm.nih.gov/mesh/M0020516,Sternoclavicular Joint,http://id.nlm.nih.gov/mesh/vocab#Concept,skos:exactMatch,http://purl.obolibrary.org/obo/UBERON_0001469,sternoclavicular joint,http://purl.obolibrary.org/obo/UBERON_0001062,1,orcid:0000-0002-7500-8096|orcid:0000-0001-8314-2140,orcid:0000-0002-7500-8096,2025-06-05,semapv:MappingReview
http://id.nlm.nih.gov/mesh/M0020517,Sternocostal Joints,http://id.nlm.nih.gov/mesh/vocab#Concept,skos:exactMatch,http://purl.obolibrary.org/obo/UBERON_0001998,sternocostal joint,http://purl.obolibrary.org/obo/UBERON_0001062,1,orcid:0000-0002-7500-8096|orcid:0000-0001-8314-2140,orcid:0000-0002-7500-8096,2025-06-05,semapv:MappingReview
http://id.nlm.nih.gov/mesh/M0020518,Sternum,http://id.nlm.nih.gov/mesh/vocab#Concept,skos:exactMatch,http://purl.obolibrary.org/obo/UBERON_0000975,sternum,http://purl.obolibrary.org/obo/UBERON_0001062,1,orcid:0000-0002-7500-8096|orcid:0000-0001-8314-2140,orcid:0000-0002-7500-8096,2025-06-05,semapv:MappingReview
http://id.nlm.nih.gov/mesh/M0020540,Stomach,http://id.nlm.nih.gov/mesh/vocab#Concept,skos:exactMatch,http://purl.obolibrary.org/obo/UBERON_0000945,stomach,http://purl.obolibrary.org/obo/UBERON_0001062,1,orcid:0000-0002-7500-8096|orcid:0000-0001-8314-2140,orcid:0000-0002-7500-8096,2025-06-05,semapv:MappingReview
http://id.nlm.nih.gov/mesh/M0020647,Subarachnoid Space,http://id.nlm.nih.gov/mesh/vocab#Concept,skos:exactMatch,http://purl.obolibrary.org/obo/UBERON_0000315,subarachnoid space,http://purl.obolibrary.org/obo/UBERON_0001062,1,orcid:0000-0002-7500-8096|orcid:0000-0001-8314-2140,orcid:0000-0002-7500-8096,2025-06-05,semapv:MappingReview
http://id.nlm.nih.gov/mesh/M0020649,Subclavian Artery,http://id.nlm.nih.gov/mesh/vocab#Concept,skos:exactMatch,http://purl.obolibrary.org/obo/UBERON_0001533,subclavian artery,http://purl.obolibrary.org/obo/UBERON_0001062,1,orcid:0000-0002-7500-8096|orcid:0000-0001-8314-2140,orcid:0000-0002-7500-8096,2025-06-05,semapv:MappingReview
http://id.nlm.nih.gov/mesh/M0020651,Subclavian Vein,http://id.nlm.nih.gov/mesh/vocab#Concept,skos:exactMatch,http://purl.obolibrary.org/obo/UBERON_0001587,subclavian vein,http://purl.obolibrary.org/obo/UBERON_0001062,1,orcid:0000-0002-7500-8096|orcid:0000-0001-8314-2140,orcid:0000-0002-7500-8096,2025-06-05,semapv:MappingReview
http://id.nlm.nih.gov/mesh/M0020652,Subcommissural Organ,http://id.nlm.nih.gov/mesh/vocab#Concept,skos:exactMatch,http://purl.obolibrary.org/obo/UBERON_0002139,subcommissural organ,http://purl.obolibrary.org/obo/UBERON_0001062,1,orcid:0000-0002-7500-8096|orcid:0000-0001-8314-2140,orcid:0000-0002-7500-8096,2025-06-05,semapv:MappingReview
http://id.nlm.nih.gov/mesh/M0020656,Subdural Space,http://id.nlm.nih.gov/mesh/vocab#Concept,skos:exactMatch,http://purl.obolibrary.org/obo/UBERON_0000416,subdural space,http://purl.obolibrary.org/obo/UBERON_0001062,1,orcid:0000-0002-7500-8096|orcid:0000-0001-8314-2140,orcid:0000-0002-7500-8096,2025-06-05,semapv:MappingReview
http://id.nlm.nih.gov/mesh/M0020657,Subfornical Organ,http://id.nlm.nih.gov/mesh/vocab#Concept,skos:exactMatch,http://purl.obolibrary.org/obo/UBERON_0002219,subfornical organ,http://purl.obolibrary.org/obo/UBERON_0001062,1,orcid:0000-0002-7500-8096|orcid:0000-0001-8314-2140,orcid:0000-0002-7500-8096,2025-06-05,semapv:MappingReview
http://id.nlm.nih.gov/mesh/M0020664,Sublingual Gland,http://id.nlm.nih.gov/mesh/vocab#Concept,skos:exactMatch,http://purl.obolibrary.org/obo/UBERON_0001832,sublingual gland,http://purl.obolibrary.org/obo/UBERON_0001062,1,orcid:0000-0002-7500-8096|orcid:0000-0001-8314-2140,orcid:0000-0002-7500-8096,2025-06-05,semapv:MappingReview
http://id.nlm.nih.gov/mesh/M0020666,Submandibular Gland,http://id.nlm.nih.gov/mesh/vocab#Concept,skos:exactMatch,http://purl.obolibrary.org/obo/UBERON_0001736,submandibular gland,http://purl.obolibrary.org/obo/UBERON_0001062,1,orcid:0000-0002-7500-8096|orcid:0000-0001-8314-2140,orcid:0000-0002-7500-8096,2025-06-05,semapv:MappingReview
http://id.nlm.nih.gov/mesh/M0020671,Submucous Plexus,http://id.nlm.nih.gov/mesh/vocab#Concept,skos:exactMatch,http://purl.obolibrary.org/obo/UBERON_0005304,submucous nerve plexus,http://purl.obolibrary.org/obo/UBERON_0001062,1,orcid:0000-0002-7500-8096|orcid:0000-0001-8314-2140,orcid:0000-0002-7500-8096,2025-06-05,semapv:MappingReview
http://id.nlm.nih.gov/mesh/M0020679,Substantia Gelatinosa,http://id.nlm.nih.gov/mesh/vocab#Concept,skos:exactMatch,http://purl.obolibrary.org/obo/UBERON_0002181,substantia gelatinosa,http://purl.obolibrary.org/obo/UBERON_0001062,1,orcid:0000-0002-7500-8096|orcid:0000-0001-8314-2140,orcid:0000-0002-7500-8096,2025-06-05,semapv:MappingReview
http://id.nlm.nih.gov/mesh/M0020681,Substantia Innominata,http://id.nlm.nih.gov/mesh/vocab#Concept,skos:exactMatch,http://purl.obolibrary.org/obo/UBERON_0003017,substantia innominata,http://purl.obolibrary.org/obo/UBERON_0001062,1,orcid:0000-0002-7500-8096|orcid:0000-0001-8314-2140,orcid:0000-0002-7500-8096,2025-06-05,semapv:MappingReview
http://id.nlm.nih.gov/mesh/M0020683,Substantia Nigra,http://id.nlm.nih.gov/mesh/vocab#Concept,skos:exactMatch,http://purl.obolibrary.org/obo/UBERON_0002038,substantia nigra,http://purl.obolibrary.org/obo/UBERON_0001062,1,orcid:0000-0002-7500-8096|orcid:0000-0001-8314-2140,orcid:0000-0002-7500-8096,2025-06-05,semapv:MappingReview
http://id.nlm.nih.gov/mesh/M0020685,Subtalar Joint,http://id.nlm.nih.gov/mesh/vocab#Concept,skos:exactMatch,http://purl.obolibrary.org/obo/UBERON_0003698,subtalar joint,http://purl.obolibrary.org/obo/UBERON_0001062,1,orcid:0000-0002-7500-8096|orcid:0000-0001-8314-2140,orcid:0000-0002-7500-8096,2025-06-05,semapv:MappingReview
http://id.nlm.nih.gov/mesh/M0020820,Superior Colliculi,http://id.nlm.nih.gov/mesh/vocab#Concept,skos:exactMatch,http://purl.obolibrary.org/obo/UBERON_0001945,superior colliculus,http://purl.obolibrary.org/obo/UBERON_0001062,1,orcid:0000-0002-7500-8096|orcid:0000-0001-8314-2140,orcid:0000-0002-7500-8096,2025-06-05,semapv:MappingReview
http://id.nlm.nih.gov/mesh/M0020848,Suprachiasmatic Nucleus,http://id.nlm.nih.gov/mesh/vocab#Concept,skos:exactMatch,http://purl.obolibrary.org/obo/UBERON_0002034,suprachiasmatic nucleus,http://purl.obolibrary.org/obo/UBERON_0001062,1,orcid:0000-0002-7500-8096|orcid:0000-0001-8314-2140,orcid:0000-0002-7500-8096,2025-06-05,semapv:MappingReview
http://id.nlm.nih.gov/mesh/M0020850,Supraoptic Nucleus,http://id.nlm.nih.gov/mesh/vocab#Concept,skos:exactMatch,http://purl.obolibrary.org/obo/UBERON_0001929,supraoptic nucleus,http://purl.obolibrary.org/obo/UBERON_0001062,1,orcid:0000-0002-7500-8096|orcid:0000-0001-8314-2140,orcid:0000-0002-7500-8096,2025-06-05,semapv:MappingReview
http://id.nlm.nih.gov/mesh/M0020852,Sural Nerve,http://id.nlm.nih.gov/mesh/vocab#Concept,skos:exactMatch,http://purl.obolibrary.org/obo/UBERON_0015488,sural nerve,http://purl.obolibrary.org/obo/UBERON_0001062,1,orcid:0000-0002-7500-8096|orcid:0000-0001-8314-2140,orcid:0000-0002-7500-8096,2025-06-05,semapv:MappingReview
http://id.nlm.nih.gov/mesh/M0020922,Sweat Glands,http://id.nlm.nih.gov/mesh/vocab#Concept,skos:exactMatch,http://purl.obolibrary.org/obo/UBERON_0001820,sweat gland,http://purl.obolibrary.org/obo/UBERON_0001062,1,orcid:0000-0002-7500-8096|orcid:0000-0001-8314-2140,orcid:0000-0002-7500-8096,2025-06-05,semapv:MappingReview
http://id.nlm.nih.gov/mesh/M0020944,Sympathetic Nervous System,http://id.nlm.nih.gov/mesh/vocab#Concept,skos:exactMatch,http://purl.obolibrary.org/obo/UBERON_0000013,sympathetic nervous system,http://purl.obolibrary.org/obo/UBERON_0001062,1,orcid:0000-0002-7500-8096|orcid:0000-0001-8314-2140,orcid:0000-0002-7500-8096,2025-06-05,semapv:MappingReview
http://id.nlm.nih.gov/mesh/M0020961,Synovial Fluid,http://id.nlm.nih.gov/mesh/vocab#Concept,skos:exactMatch,http://purl.obolibrary.org/obo/UBERON_0001090,synovial fluid,http://purl.obolibrary.org/obo/UBERON_0001062,1,orcid:0000-0002-7500-8096,orcid:0000-0002-7500-8096,2025-06-05,semapv:MappingReview
http://id.nlm.nih.gov/mesh/M0020962,Synovial Membrane,http://id.nlm.nih.gov/mesh/vocab#Concept,skos:exactMatch,http://purl.obolibrary.org/obo/UBERON_0002018,synovial membrane of synovial joint,http://purl.obolibrary.org/obo/UBERON_0001062,1,orcid:0000-0002-7500-8096|orcid:0000-0001-8314-2140,orcid:0000-0002-7500-8096,2025-06-05,semapv:MappingReview
http://id.nlm.nih.gov/mesh/M0020987,T-Lymphocytes,http://id.nlm.nih.gov/mesh/vocab#Concept,skos:exactMatch,http://purl.obolibrary.org/obo/CL_0000084,T cell,http://purl.obolibrary.org/obo/CL_0000000,1,orcid:0000-0002-7500-8096,orcid:0000-0002-7500-8096,2025-06-05,semapv:MappingReview
http://id.nlm.nih.gov/mesh/M0020988,"T-Lymphocytes, Regulatory",http://id.nlm.nih.gov/mesh/vocab#Concept,skos:exactMatch,http://purl.obolibrary.org/obo/CL_0000815,regulatory T cell,http://purl.obolibrary.org/obo/CL_0000000,1,orcid:0000-0002-7500-8096|orcid:0000-0001-8314-2140,orcid:0000-0002-7500-8096,2025-06-05,semapv:MappingReview
http://id.nlm.nih.gov/mesh/M0020989,"T-Lymphocytes, Cytotoxic",http://id.nlm.nih.gov/mesh/vocab#Concept,skos:exactMatch,http://purl.obolibrary.org/obo/CL_0000910,cytotoxic T cell,http://purl.obolibrary.org/obo/CL_0000000,1,orcid:0000-0002-7500-8096|orcid:0000-0001-8314-2140,orcid:0000-0002-7500-8096,2025-06-05,semapv:MappingReview
http://id.nlm.nih.gov/mesh/M0021023,Talus,http://id.nlm.nih.gov/mesh/vocab#Concept,skos:exactMatch,http://purl.obolibrary.org/obo/UBERON_0002395,talus,http://purl.obolibrary.org/obo/UBERON_0001062,1,orcid:0000-0002-7500-8096|orcid:0000-0001-8314-2140,orcid:0000-0002-7500-8096,2025-06-05,semapv:MappingReview
http://id.nlm.nih.gov/mesh/M0021042,Tarsal Bones,http://id.nlm.nih.gov/mesh/vocab#Concept,skos:exactMatch,http://purl.obolibrary.org/obo/UBERON_0001447,tarsal bone,http://purl.obolibrary.org/obo/UBERON_0001062,1,orcid:0000-0002-7500-8096|orcid:0000-0001-8314-2140,orcid:0000-0002-7500-8096,2025-06-05,semapv:MappingReview
http://id.nlm.nih.gov/mesh/M0021047,Tarsal Joints,http://id.nlm.nih.gov/mesh/vocab#Concept,skos:exactMatch,http://purl.obolibrary.org/obo/UBERON_0008447,intertarsal joint,http://purl.obolibrary.org/obo/UBERON_0001062,1,orcid:0000-0002-7500-8096|orcid:0000-0001-8314-2140,orcid:0000-0002-7500-8096,2025-06-05,semapv:MappingReview
http://id.nlm.nih.gov/mesh/M0021061,Taste Buds,http://id.nlm.nih.gov/mesh/vocab#Concept,skos:exactMatch,http://purl.obolibrary.org/obo/UBERON_0001727,taste bud,http://purl.obolibrary.org/obo/UBERON_0001062,1,orcid:0000-0002-7500-8096|orcid:0000-0001-8314-2140,orcid:0000-0002-7500-8096,2025-06-05,semapv:MappingReview
http://id.nlm.nih.gov/mesh/M0021120,Tegmentum Mesencephali,http://id.nlm.nih.gov/mesh/vocab#Concept,skos:exactMatch,http://purl.obolibrary.org/obo/UBERON_0001943,midbrain tegmentum,http://purl.obolibrary.org/obo/UBERON_0001062,1,orcid:0000-0002-7500-8096|orcid:0000-0001-8314-2140,orcid:0000-0002-7500-8096,2025-06-05,semapv:MappingReview
http://id.nlm.nih.gov/mesh/M0021130,Telencephalon,http://id.nlm.nih.gov/mesh/vocab#Concept,skos:exactMatch,http://purl.obolibrary.org/obo/UBERON_0001893,telencephalon,http://purl.obolibrary.org/obo/UBERON_0001062,1,orcid:0000-0002-7500-8096|orcid:0000-0001-8314-2140,orcid:0000-0002-7500-8096,2025-06-05,semapv:MappingReview
http://id.nlm.nih.gov/mesh/M0021146,Temporal Arteries,http://id.nlm.nih.gov/mesh/vocab#Concept,skos:exactMatch,http://purl.obolibrary.org/obo/UBERON_0001632,temporal artery,http://purl.obolibrary.org/obo/UBERON_0001062,1,orcid:0000-0002-7500-8096|orcid:0000-0001-8314-2140,orcid:0000-0002-7500-8096,2025-06-05,semapv:MappingReview
http://id.nlm.nih.gov/mesh/M0021148,Temporal Bone,http://id.nlm.nih.gov/mesh/vocab#Concept,skos:exactMatch,http://purl.obolibrary.org/obo/UBERON_0001678,temporal bone,http://purl.obolibrary.org/obo/UBERON_0001062,1,orcid:0000-0002-7500-8096|orcid:0000-0001-8314-2140,orcid:0000-0002-7500-8096,2025-06-05,semapv:MappingReview
http://id.nlm.nih.gov/mesh/M0021149,Temporal Lobe,http://id.nlm.nih.gov/mesh/vocab#Concept,skos:exactMatch,http://purl.obolibrary.org/obo/UBERON_0001871,temporal lobe,http://purl.obolibrary.org/obo/UBERON_0001062,1,orcid:0000-0002-7500-8096|orcid:0000-0001-8314-2140,orcid:0000-0002-7500-8096,2025-06-05,semapv:MappingReview
http://id.nlm.nih.gov/mesh/M0021150,Wernicke Area,http://id.nlm.nih.gov/mesh/vocab#Concept,skos:exactMatch,http://purl.obolibrary.org/obo/UBERON_0022268,planum temporale,http://purl.obolibrary.org/obo/UBERON_0001062,1,orcid:0000-0002-7500-8096|orcid:0000-0001-8314-2140,orcid:0000-0002-7500-8096,2025-06-05,semapv:MappingReview
http://id.nlm.nih.gov/mesh/M0021151,Temporal Muscle,http://id.nlm.nih.gov/mesh/vocab#Concept,skos:exactMatch,http://purl.obolibrary.org/obo/UBERON_0001598,temporalis muscle,http://purl.obolibrary.org/obo/UBERON_0001062,1,orcid:0000-0002-7500-8096|orcid:0000-0001-8314-2140,orcid:0000-0002-7500-8096,2025-06-05,semapv:MappingReview
http://id.nlm.nih.gov/mesh/M0021152,Temporomandibular Joint,http://id.nlm.nih.gov/mesh/vocab#Concept,skos:exactMatch,http://purl.obolibrary.org/obo/UBERON_0003700,temporomandibular joint,http://purl.obolibrary.org/obo/UBERON_0001062,1,orcid:0000-0002-7500-8096|orcid:0000-0001-8314-2140,orcid:0000-0002-7500-8096,2025-06-05,semapv:MappingReview
http://id.nlm.nih.gov/mesh/M0021158,Tendons,http://id.nlm.nih.gov/mesh/vocab#Concept,skos:exactMatch,http://purl.obolibrary.org/obo/UBERON_0000043,tendon,http://purl.obolibrary.org/obo/UBERON_0001062,1,orcid:0000-0002-7500-8096|orcid:0000-0001-8314-2140,orcid:0000-0002-7500-8096,2025-06-05,semapv:MappingReview
http://id.nlm.nih.gov/mesh/M0021168,Tensor Tympani,http://id.nlm.nih.gov/mesh/vocab#Concept,skos:exactMatch,http://purl.obolibrary.org/obo/UBERON_0001600,tensor tympani,http://purl.obolibrary.org/obo/UBERON_0001062,1,orcid:0000-0002-7500-8096|orcid:0000-0001-8314-2140,orcid:0000-0002-7500-8096,2025-06-05,semapv:MappingReview
http://id.nlm.nih.gov/mesh/M0021193,Testis,http://id.nlm.nih.gov/mesh/vocab#Concept,skos:exactMatch,http://purl.obolibrary.org/obo/UBERON_0000473,testis,http://purl.obolibrary.org/obo/UBERON_0001062,1,orcid:0000-0002-7500-8096|orcid:0000-0001-8314-2140,orcid:0000-0002-7500-8096,2025-06-05,semapv:MappingReview
http://id.nlm.nih.gov/mesh/M0021263,Thalamic Nuclei,http://id.nlm.nih.gov/mesh/vocab#Concept,skos:exactMatch,http://purl.obolibrary.org/obo/UBERON_0007692,nucleus of thalamus,http://purl.obolibrary.org/obo/UBERON_0001062,1,orcid:0000-0002-7500-8096|orcid:0000-0001-8314-2140,orcid:0000-0002-7500-8096,2025-06-05,semapv:MappingReview
http://id.nlm.nih.gov/mesh/M0021264,Thalamus,http://id.nlm.nih.gov/mesh/vocab#Concept,skos:exactMatch,http://purl.obolibrary.org/obo/UBERON_0001897,dorsal plus ventral thalamus,http://purl.obolibrary.org/obo/UBERON_0001062,1,orcid:0000-0002-7500-8096|orcid:0000-0001-8314-2140,orcid:0000-0002-7500-8096,2025-06-05,semapv:MappingReview
http://id.nlm.nih.gov/mesh/M0021274,Theca Cells,http://id.nlm.nih.gov/mesh/vocab#Concept,skos:exactMatch,http://purl.obolibrary.org/obo/CL_0000503,theca cell,http://purl.obolibrary.org/obo/CL_0000000,1,orcid:0000-0002-7500-8096|orcid:0000-0001-8314-2140,orcid:0000-0002-7500-8096,2025-06-05,semapv:MappingReview
http://id.nlm.nih.gov/mesh/M0021309,Thermoreceptors,http://id.nlm.nih.gov/mesh/vocab#Concept,skos:exactMatch,http://purl.obolibrary.org/obo/CL_0000205,thermoreceptor cell,http://purl.obolibrary.org/obo/CL_0000000,1,orcid:0000-0002-7500-8096|orcid:0000-0001-8314-2140,orcid:0000-0002-7500-8096,2025-06-05,semapv:MappingReview
http://id.nlm.nih.gov/mesh/M0021309,Thermoreceptors,http://id.nlm.nih.gov/mesh/vocab#Concept,skos:exactMatch,http://purl.obolibrary.org/obo/UBERON_0035018,thermoreceptor,http://purl.obolibrary.org/obo/UBERON_0001062,1,orcid:0000-0002-7500-8096|orcid:0000-0001-8314-2140,orcid:0000-0002-7500-8096,2025-06-05,semapv:MappingReview
http://id.nlm.nih.gov/mesh/M0021392,Thoracic Arteries,http://id.nlm.nih.gov/mesh/vocab#Concept,skos:exactMatch,http://purl.obolibrary.org/obo/UBERON_0003473,thoracic cavity artery,http://purl.obolibrary.org/obo/UBERON_0001062,1,orcid:0000-0002-7500-8096,orcid:0000-0002-7500-8096,2025-06-05,semapv:MappingReview
http://id.nlm.nih.gov/mesh/M0021395,Thoracic Duct,http://id.nlm.nih.gov/mesh/vocab#Concept,skos:exactMatch,http://purl.obolibrary.org/obo/UBERON_0001631,thoracic duct,http://purl.obolibrary.org/obo/UBERON_0001062,1,orcid:0000-0002-7500-8096|orcid:0000-0001-8314-2140,orcid:0000-0002-7500-8096,2025-06-05,semapv:MappingReview
http://id.nlm.nih.gov/mesh/M0021398,Thoracic Nerves,http://id.nlm.nih.gov/mesh/vocab#Concept,skos:exactMatch,http://purl.obolibrary.org/obo/UBERON_0003726,thoracic nerve,http://purl.obolibrary.org/obo/UBERON_0001062,1,orcid:0000-0002-7500-8096|orcid:0000-0001-8314-2140,orcid:0000-0002-7500-8096,2025-06-05,semapv:MappingReview
http://id.nlm.nih.gov/mesh/M0021406,Thoracic Vertebrae,http://id.nlm.nih.gov/mesh/vocab#Concept,skos:exactMatch,http://purl.obolibrary.org/obo/UBERON_0002347,thoracic vertebra,http://purl.obolibrary.org/obo/UBERON_0001062,1,orcid:0000-0002-7500-8096|orcid:0000-0001-8314-2140,orcid:0000-0002-7500-8096,2025-06-05,semapv:MappingReview
http://id.nlm.nih.gov/mesh/M0021468,Thymus Gland,http://id.nlm.nih.gov/mesh/vocab#Concept,skos:exactMatch,http://purl.obolibrary.org/obo/UBERON_0002370,thymus,http://purl.obolibrary.org/obo/UBERON_0001062,1,orcid:0000-0002-7500-8096|orcid:0000-0001-8314-2140,orcid:0000-0002-7500-8096,2025-06-05,semapv:MappingReview
http://id.nlm.nih.gov/mesh/M0021476,Thyroid Cartilage,http://id.nlm.nih.gov/mesh/vocab#Concept,skos:exactMatch,http://purl.obolibrary.org/obo/UBERON_0001738,thyroid cartilage,http://purl.obolibrary.org/obo/UBERON_0001062,1,orcid:0000-0002-7500-8096|orcid:0000-0001-8314-2140,orcid:0000-0002-7500-8096,2025-06-05,semapv:MappingReview
http://id.nlm.nih.gov/mesh/M0021510,Tibia,http://id.nlm.nih.gov/mesh/vocab#Concept,skos:exactMatch,http://purl.obolibrary.org/obo/UBERON_0000979,tibia,http://purl.obolibrary.org/obo/UBERON_0001062,1,orcid:0000-0002-7500-8096|orcid:0000-0001-8314-2140,orcid:0000-0002-7500-8096,2025-06-05,semapv:MappingReview
http://id.nlm.nih.gov/mesh/M0021512,Tibial Nerve,http://id.nlm.nih.gov/mesh/vocab#Concept,skos:exactMatch,http://purl.obolibrary.org/obo/UBERON_0001323,tibial nerve,http://purl.obolibrary.org/obo/UBERON_0001062,1,orcid:0000-0002-7500-8096|orcid:0000-0001-8314-2140,orcid:0000-0002-7500-8096,2025-06-05,semapv:MappingReview
http://id.nlm.nih.gov/mesh/M0021615,Toe Joint,http://id.nlm.nih.gov/mesh/vocab#Concept,skos:exactMatch,http://purl.obolibrary.org/obo/UBERON_0007721,interphalangeal joint of pes,http://purl.obolibrary.org/obo/UBERON_0001062,1,orcid:0000-0002-7500-8096|orcid:0000-0001-8314-2140,orcid:0000-0002-7500-8096,2025-06-05,semapv:MappingReview
http://id.nlm.nih.gov/mesh/M0021656,Tongue,http://id.nlm.nih.gov/mesh/vocab#Concept,skos:exactMatch,http://purl.obolibrary.org/obo/UBERON_0001723,tongue,http://purl.obolibrary.org/obo/UBERON_0001062,1,orcid:0000-0002-7500-8096|orcid:0000-0001-8314-2140,orcid:0000-0002-7500-8096,2025-06-05,semapv:MappingReview
http://id.nlm.nih.gov/mesh/M0021663,Palatine Tonsil,http://id.nlm.nih.gov/mesh/vocab#Concept,skos:exactMatch,http://purl.obolibrary.org/obo/UBERON_0002373,palatine tonsil,http://purl.obolibrary.org/obo/UBERON_0001062,1,orcid:0000-0002-7500-8096|orcid:0000-0001-8314-2140,orcid:0000-0002-7500-8096,2025-06-05,semapv:MappingReview
http://id.nlm.nih.gov/mesh/M0021738,Trabecular Meshwork,http://id.nlm.nih.gov/mesh/vocab#Concept,skos:exactMatch,http://purl.obolibrary.org/obo/UBERON_0005969,eye trabecular meshwork,http://purl.obolibrary.org/obo/UBERON_0001062,1,orcid:0000-0002-7500-8096|orcid:0000-0001-8314-2140,orcid:0000-0002-7500-8096,2025-06-05,semapv:MappingReview
http://id.nlm.nih.gov/mesh/M0021743,Trachea,http://id.nlm.nih.gov/mesh/vocab#Concept,skos:exactMatch,http://purl.obolibrary.org/obo/UBERON_0003126,trachea,http://purl.obolibrary.org/obo/UBERON_0001062,1,orcid:0000-0002-7500-8096|orcid:0000-0001-8314-2140,orcid:0000-0002-7500-8096,2025-06-05,semapv:MappingReview
http://id.nlm.nih.gov/mesh/M0021947,Tricuspid Valve,http://id.nlm.nih.gov/mesh/vocab#Concept,skos:exactMatch,http://purl.obolibrary.org/obo/UBERON_0002134,tricuspid valve,http://purl.obolibrary.org/obo/UBERON_0001062,1,orcid:0000-0002-7500-8096|orcid:0000-0001-8314-2140,orcid:0000-0002-7500-8096,2025-06-05,semapv:MappingReview
http://id.nlm.nih.gov/mesh/M0021964,Trigeminal Caudal Nucleus,http://id.nlm.nih.gov/mesh/vocab#Concept,skos:exactMatch,http://purl.obolibrary.org/obo/UBERON_0002866,caudal part of spinal trigeminal nucleus,http://purl.obolibrary.org/obo/UBERON_0001062,1,orcid:0000-0002-7500-8096|orcid:0000-0001-8314-2140,orcid:0000-0002-7500-8096,2025-06-05,semapv:MappingReview
http://id.nlm.nih.gov/mesh/M0021965,Trigeminal Nerve,http://id.nlm.nih.gov/mesh/vocab#Concept,skos:exactMatch,http://purl.obolibrary.org/obo/UBERON_0001645,trigeminal nerve,http://purl.obolibrary.org/obo/UBERON_0001062,1,orcid:0000-0002-7500-8096|orcid:0000-0001-8314-2140,orcid:0000-0002-7500-8096,2025-06-05,semapv:MappingReview
http://id.nlm.nih.gov/mesh/M0021967,Trigeminal Nuclei,http://id.nlm.nih.gov/mesh/vocab#Concept,skos:exactMatch,http://purl.obolibrary.org/obo/UBERON_0002925,trigeminal nucleus,http://purl.obolibrary.org/obo/UBERON_0001062,1,orcid:0000-0002-7500-8096|orcid:0000-0001-8314-2140,orcid:0000-0002-7500-8096,2025-06-05,semapv:MappingReview
http://id.nlm.nih.gov/mesh/M0021968,"Trigeminal Nucleus, Spinal",http://id.nlm.nih.gov/mesh/vocab#Concept,skos:exactMatch,http://purl.obolibrary.org/obo/UBERON_0001717,spinal nucleus of trigeminal nerve,http://purl.obolibrary.org/obo/UBERON_0001062,1,orcid:0000-0002-7500-8096|orcid:0000-0001-8314-2140,orcid:0000-0002-7500-8096,2025-06-05,semapv:MappingReview
http://id.nlm.nih.gov/mesh/M0022026,Trochlear Nerve,http://id.nlm.nih.gov/mesh/vocab#Concept,skos:exactMatch,http://purl.obolibrary.org/obo/UBERON_0001644,trochlear nerve,http://purl.obolibrary.org/obo/UBERON_0001062,1,orcid:0000-0002-7500-8096|orcid:0000-0001-8314-2140,orcid:0000-0002-7500-8096,2025-06-05,semapv:MappingReview
http://id.nlm.nih.gov/mesh/M0022032,Trophoblasts,http://id.nlm.nih.gov/mesh/vocab#Concept,skos:exactMatch,http://purl.obolibrary.org/obo/CL_0000351,trophoblast cell,http://purl.obolibrary.org/obo/CL_0000000,1,orcid:0000-0002-7500-8096|orcid:0000-0001-8314-2140,orcid:0000-0002-7500-8096,2025-06-05,semapv:MappingReview
http://id.nlm.nih.gov/mesh/M0022032,Trophoblasts,http://id.nlm.nih.gov/mesh/vocab#Concept,skos:exactMatch,http://purl.obolibrary.org/obo/UBERON_0000088,trophoblast,http://purl.obolibrary.org/obo/UBERON_0001062,1,orcid:0000-0002-7500-8096|orcid:0000-0001-8314-2140,orcid:0000-0002-7500-8096,2025-06-05,semapv:MappingReview
http://id.nlm.nih.gov/mesh/M0022051,Truncus Arteriosus,http://id.nlm.nih.gov/mesh/vocab#Concept,skos:exactMatch,http://purl.obolibrary.org/obo/UBERON_0002061,truncus arteriosus,http://purl.obolibrary.org/obo/UBERON_0001062,1,orcid:0000-0002-7500-8096,orcid:0000-0002-7500-8096,2025-06-05,semapv:MappingReview
http://id.nlm.nih.gov/mesh/M0022096,Tuber Cinereum,http://id.nlm.nih.gov/mesh/vocab#Concept,skos:exactMatch,http://purl.obolibrary.org/obo/UBERON_0002620,tuber cinereum,http://purl.obolibrary.org/obo/UBERON_0001062,1,orcid:0000-0002-7500-8096|orcid:0000-0001-8314-2140,orcid:0000-0002-7500-8096,2025-06-05,semapv:MappingReview
http://id.nlm.nih.gov/mesh/M0022166,Turbinates,http://id.nlm.nih.gov/mesh/vocab#Concept,skos:exactMatch,http://purl.obolibrary.org/obo/UBERON_0001762,turbinate bone,http://purl.obolibrary.org/obo/UBERON_0001062,1,orcid:0000-0002-7500-8096|orcid:0000-0001-8314-2140,orcid:0000-0002-7500-8096,2025-06-05,semapv:MappingReview
http://id.nlm.nih.gov/mesh/M0022227,Ulna,http://id.nlm.nih.gov/mesh/vocab#Concept,skos:exactMatch,http://purl.obolibrary.org/obo/UBERON_0001424,ulna,http://purl.obolibrary.org/obo/UBERON_0001062,1,orcid:0000-0002-7500-8096|orcid:0000-0001-8314-2140,orcid:0000-0002-7500-8096,2025-06-05,semapv:MappingReview
http://id.nlm.nih.gov/mesh/M0022229,Ulnar Nerve,http://id.nlm.nih.gov/mesh/vocab#Concept,skos:exactMatch,http://purl.obolibrary.org/obo/UBERON_0001494,ulnar nerve,http://purl.obolibrary.org/obo/UBERON_0001062,1,orcid:0000-0002-7500-8096|orcid:0000-0001-8314-2140,orcid:0000-0002-7500-8096,2025-06-05,semapv:MappingReview
http://id.nlm.nih.gov/mesh/M0022245,Umbilical Arteries,http://id.nlm.nih.gov/mesh/vocab#Concept,skos:exactMatch,http://purl.obolibrary.org/obo/UBERON_0001310,umbilical artery,http://purl.obolibrary.org/obo/UBERON_0001062,1,orcid:0000-0002-7500-8096|orcid:0000-0001-8314-2140,orcid:0000-0002-7500-8096,2025-06-05,semapv:MappingReview
http://id.nlm.nih.gov/mesh/M0022247,Umbilical Veins,http://id.nlm.nih.gov/mesh/vocab#Concept,skos:exactMatch,http://purl.obolibrary.org/obo/UBERON_0002066,umbilical vein,http://purl.obolibrary.org/obo/UBERON_0001062,1,orcid:0000-0002-7500-8096|orcid:0000-0001-8314-2140,orcid:0000-0002-7500-8096,2025-06-05,semapv:MappingReview
http://id.nlm.nih.gov/mesh/M0022322,Ureter,http://id.nlm.nih.gov/mesh/vocab#Concept,skos:exactMatch,http://purl.obolibrary.org/obo/UBERON_0000056,ureter,http://purl.obolibrary.org/obo/UBERON_0001062,1,orcid:0000-0002-7500-8096|orcid:0000-0001-8314-2140,orcid:0000-0002-7500-8096,2025-06-05,semapv:MappingReview
http://id.nlm.nih.gov/mesh/M0022331,Urethra,http://id.nlm.nih.gov/mesh/vocab#Concept,skos:exactMatch,http://purl.obolibrary.org/obo/UBERON_0000057,urethra,http://purl.obolibrary.org/obo/UBERON_0001062,1,orcid:0000-0002-7500-8096|orcid:0000-0001-8314-2140,orcid:0000-0002-7500-8096,2025-06-05,semapv:MappingReview
http://id.nlm.nih.gov/mesh/M0022372,Urinary Tract,http://id.nlm.nih.gov/mesh/vocab#Concept,skos:exactMatch,http://purl.obolibrary.org/obo/UBERON_0001008,renal system,http://purl.obolibrary.org/obo/UBERON_0001062,1,orcid:0000-0002-7500-8096|orcid:0000-0001-8314-2140,orcid:0000-0002-7500-8096,2025-06-05,semapv:MappingReview
http://id.nlm.nih.gov/mesh/M0022393,Urogenital System,http://id.nlm.nih.gov/mesh/vocab#Concept,skos:exactMatch,http://purl.obolibrary.org/obo/UBERON_0004122,genitourinary system,http://purl.obolibrary.org/obo/UBERON_0001062,1,orcid:0000-0002-7500-8096|orcid:0000-0001-8314-2140,orcid:0000-0002-7500-8096,2025-06-05,semapv:MappingReview
http://id.nlm.nih.gov/mesh/M0022439,Uterus,http://id.nlm.nih.gov/mesh/vocab#Concept,skos:exactMatch,http://purl.obolibrary.org/obo/UBERON_0000995,uterus,http://purl.obolibrary.org/obo/UBERON_0001062,1,orcid:0000-0002-7500-8096|orcid:0000-0001-8314-2140,orcid:0000-0002-7500-8096,2025-06-05,semapv:MappingReview
http://id.nlm.nih.gov/mesh/M0022442,Uvea,http://id.nlm.nih.gov/mesh/vocab#Concept,skos:exactMatch,http://purl.obolibrary.org/obo/UBERON_0001768,uvea,http://purl.obolibrary.org/obo/UBERON_0001062,1,orcid:0000-0002-7500-8096|orcid:0000-0001-8314-2140,orcid:0000-0002-7500-8096,2025-06-05,semapv:MappingReview
http://id.nlm.nih.gov/mesh/M0022473,Vagina,http://id.nlm.nih.gov/mesh/vocab#Concept,skos:exactMatch,http://purl.obolibrary.org/obo/UBERON_0000996,vagina,http://purl.obolibrary.org/obo/UBERON_0001062,1,orcid:0000-0002-7500-8096|orcid:0000-0001-8314-2140,orcid:0000-0002-7500-8096,2025-06-05,semapv:MappingReview
http://id.nlm.nih.gov/mesh/M0022493,Vagus Nerve,http://id.nlm.nih.gov/mesh/vocab#Concept,skos:exactMatch,http://purl.obolibrary.org/obo/UBERON_0001759,vagus nerve,http://purl.obolibrary.org/obo/UBERON_0001062,1,orcid:0000-0002-7500-8096|orcid:0000-0001-8314-2140,orcid:0000-0002-7500-8096,2025-06-05,semapv:MappingReview
http://id.nlm.nih.gov/mesh/M0022532,Vas Deferens,http://id.nlm.nih.gov/mesh/vocab#Concept,skos:exactMatch,http://purl.obolibrary.org/obo/UBERON_0001000,vas deferens,http://purl.obolibrary.org/obo/UBERON_0001062,1,orcid:0000-0002-7500-8096|orcid:0000-0001-8314-2140,orcid:0000-0002-7500-8096,2025-06-05,semapv:MappingReview
http://id.nlm.nih.gov/mesh/M0022534,Vasa Vasorum,http://id.nlm.nih.gov/mesh/vocab#Concept,skos:exactMatch,http://purl.obolibrary.org/obo/UBERON_0003710,vasa vasorum,http://purl.obolibrary.org/obo/UBERON_0001062,1,orcid:0000-0002-7500-8096,orcid:0000-0002-7500-8096,2025-06-05,semapv:MappingReview
http://id.nlm.nih.gov/mesh/M0022568,Ampulla of Vater,http://id.nlm.nih.gov/mesh/vocab#Concept,skos:exactMatch,http://purl.obolibrary.org/obo/UBERON_0004913,hepatopancreatic ampulla,http://purl.obolibrary.org/obo/UBERON_0001062,1,orcid:0000-0002-7500-8096,orcid:0000-0002-7500-8096,2025-06-05,semapv:MappingReview
http://id.nlm.nih.gov/mesh/M0022581,Veins,http://id.nlm.nih.gov/mesh/vocab#Concept,skos:exactMatch,http://purl.obolibrary.org/obo/UBERON_0001638,vein,http://purl.obolibrary.org/obo/UBERON_0001062,1,orcid:0000-0002-7500-8096|orcid:0000-0001-8314-2140,orcid:0000-0002-7500-8096,2025-06-05,semapv:MappingReview
http://id.nlm.nih.gov/mesh/M0022584,"Vena Cava, Inferior",http://id.nlm.nih.gov/mesh/vocab#Concept,skos:exactMatch,http://purl.obolibrary.org/obo/UBERON_0001072,inferior vena cava,http://purl.obolibrary.org/obo/UBERON_0001062,1,orcid:0000-0002-7500-8096|orcid:0000-0001-8314-2140,orcid:0000-0002-7500-8096,2025-06-05,semapv:MappingReview
http://id.nlm.nih.gov/mesh/M0022585,"Vena Cava, Superior",http://id.nlm.nih.gov/mesh/vocab#Concept,skos:exactMatch,http://purl.obolibrary.org/obo/UBERON_0001585,anterior vena cava,http://purl.obolibrary.org/obo/UBERON_0001062,1,orcid:0000-0002-7500-8096|orcid:0000-0001-8314-2140,orcid:0000-0002-7500-8096,2025-06-05,semapv:MappingReview
http://id.nlm.nih.gov/mesh/M0022586,Venae Cavae,http://id.nlm.nih.gov/mesh/vocab#Concept,skos:exactMatch,http://purl.obolibrary.org/obo/UBERON_0004087,vena cava,http://purl.obolibrary.org/obo/UBERON_0001062,1,orcid:0000-0002-7500-8096|orcid:0000-0001-8314-2140,orcid:0000-0002-7500-8096,2025-06-05,semapv:MappingReview
http://id.nlm.nih.gov/mesh/M0022602,Ventromedial Hypothalamic Nucleus,http://id.nlm.nih.gov/mesh/vocab#Concept,skos:exactMatch,http://purl.obolibrary.org/obo/UBERON_0001935,ventromedial nucleus of hypothalamus,http://purl.obolibrary.org/obo/UBERON_0001062,1,orcid:0000-0002-7500-8096|orcid:0000-0001-8314-2140,orcid:0000-0002-7500-8096,2025-06-05,semapv:MappingReview
http://id.nlm.nih.gov/mesh/M0022604,Venules,http://id.nlm.nih.gov/mesh/vocab#Concept,skos:exactMatch,http://purl.obolibrary.org/obo/UBERON_0001979,venule,http://purl.obolibrary.org/obo/UBERON_0001062,1,orcid:0000-0002-7500-8096|orcid:0000-0001-8314-2140,orcid:0000-0002-7500-8096,2025-06-05,semapv:MappingReview
http://id.nlm.nih.gov/mesh/M0022621,Vertebral Artery,http://id.nlm.nih.gov/mesh/vocab#Concept,skos:exactMatch,http://purl.obolibrary.org/obo/UBERON_0001535,vertebral artery,http://purl.obolibrary.org/obo/UBERON_0001062,1,orcid:0000-0002-7500-8096|orcid:0000-0001-8314-2140,orcid:0000-0002-7500-8096,2025-06-05,semapv:MappingReview
http://id.nlm.nih.gov/mesh/M0022642,Vestibular Nerve,http://id.nlm.nih.gov/mesh/vocab#Concept,skos:exactMatch,http://purl.obolibrary.org/obo/UBERON_0003723,vestibular nerve,http://purl.obolibrary.org/obo/UBERON_0001062,1,orcid:0000-0002-7500-8096|orcid:0000-0001-8314-2140,orcid:0000-0002-7500-8096,2025-06-05,semapv:MappingReview
http://id.nlm.nih.gov/mesh/M0022644,Vestibular Nuclei,http://id.nlm.nih.gov/mesh/vocab#Concept,skos:exactMatch,http://purl.obolibrary.org/obo/UBERON_0007228,vestibular nucleus,http://purl.obolibrary.org/obo/UBERON_0001062,1,orcid:0000-0002-7500-8096|orcid:0000-0001-8314-2140,orcid:0000-0002-7500-8096,2025-06-05,semapv:MappingReview
http://id.nlm.nih.gov/mesh/M0022777,Primary Visual Cortex,http://id.nlm.nih.gov/mesh/vocab#Concept,skos:exactMatch,http://purl.obolibrary.org/obo/UBERON_0002436,primary visual cortex,http://purl.obolibrary.org/obo/UBERON_0001062,1,orcid:0000-0002-7500-8096|orcid:0000-0001-8314-2140,orcid:0000-0002-7500-8096,2025-06-05,semapv:MappingReview
http://id.nlm.nih.gov/mesh/M0022778,Visual Cortex,http://id.nlm.nih.gov/mesh/vocab#Concept,skos:exactMatch,http://purl.obolibrary.org/obo/UBERON_0000411,visual cortex,http://purl.obolibrary.org/obo/UBERON_0001062,1,orcid:0000-0002-7500-8096|orcid:0000-0001-8314-2140,orcid:0000-0002-7500-8096,2025-06-05,semapv:MappingReview
http://id.nlm.nih.gov/mesh/M0022780,Visual Pathways,http://id.nlm.nih.gov/mesh/vocab#Concept,skos:exactMatch,http://purl.obolibrary.org/obo/UBERON_0002104,visual system,http://purl.obolibrary.org/obo/UBERON_0001062,1,orcid:0000-0002-7500-8096|orcid:0000-0001-8314-2140,orcid:0000-0002-7500-8096,2025-06-05,semapv:MappingReview
http://id.nlm.nih.gov/mesh/M0022820,Vitreous Body,http://id.nlm.nih.gov/mesh/vocab#Concept,skos:exactMatch,http://purl.obolibrary.org/obo/UBERON_0001798,vitreous body,http://purl.obolibrary.org/obo/UBERON_0001062,1,orcid:0000-0002-7500-8096|orcid:0000-0001-8314-2140,orcid:0000-0002-7500-8096,2025-06-05,semapv:MappingReview
http://id.nlm.nih.gov/mesh/M0022826,Vocal Cords,http://id.nlm.nih.gov/mesh/vocab#Concept,skos:exactMatch,http://purl.obolibrary.org/obo/UBERON_0003706,laryngeal vocal fold,http://purl.obolibrary.org/obo/UBERON_0001062,1,orcid:0000-0002-7500-8096|orcid:0000-0001-8314-2140,orcid:0000-0002-7500-8096,2025-06-05,semapv:MappingReview
http://id.nlm.nih.gov/mesh/M0022855,Vulva,http://id.nlm.nih.gov/mesh/vocab#Concept,skos:exactMatch,http://purl.obolibrary.org/obo/UBERON_0000997,mammalian vulva,http://purl.obolibrary.org/obo/UBERON_0001062,1,orcid:0000-0002-7500-8096|orcid:0000-0001-8314-2140,orcid:0000-0002-7500-8096,2025-06-05,semapv:MappingReview
http://id.nlm.nih.gov/mesh/M0023029,Wrist Joint,http://id.nlm.nih.gov/mesh/vocab#Concept,skos:exactMatch,http://purl.obolibrary.org/obo/UBERON_0001491,wrist joint,http://purl.obolibrary.org/obo/UBERON_0001062,1,orcid:0000-0002-7500-8096|orcid:0000-0001-8314-2140,orcid:0000-0002-7500-8096,2025-06-05,semapv:MappingReview
http://id.nlm.nih.gov/mesh/M0023069,Xiphoid Bone,http://id.nlm.nih.gov/mesh/vocab#Concept,skos:exactMatch,http://purl.obolibrary.org/obo/UBERON_0002207,xiphoid process,http://purl.obolibrary.org/obo/UBERON_0001062,1,orcid:0000-0002-7500-8096|orcid:0000-0001-8314-2140,orcid:0000-0002-7500-8096,2025-06-05,semapv:MappingReview
http://id.nlm.nih.gov/mesh/M0023069,Xiphoid Bone,http://id.nlm.nih.gov/mesh/vocab#Concept,skos:exactMatch,http://purl.obolibrary.org/obo/UBERON_0006431,xiphoid process bone,http://purl.obolibrary.org/obo/UBERON_0001062,1,orcid:0000-0002-7500-8096|orcid:0000-0001-8314-2140,orcid:0000-0002-7500-8096,2025-06-05,semapv:MappingReview
http://id.nlm.nih.gov/mesh/M0023153,Zona Pellucida,http://id.nlm.nih.gov/mesh/vocab#Concept,skos:exactMatch,http://purl.obolibrary.org/obo/UBERON_0000086,zona pellucida,http://purl.obolibrary.org/obo/UBERON_0001062,1,orcid:0000-0002-7500-8096,orcid:0000-0002-7500-8096,2025-06-05,semapv:MappingReview
http://id.nlm.nih.gov/mesh/M0023159,Zygoma,http://id.nlm.nih.gov/mesh/vocab#Concept,skos:exactMatch,http://purl.obolibrary.org/obo/UBERON_0002500,zygomatic arch,http://purl.obolibrary.org/obo/UBERON_0001062,1,orcid:0000-0002-7500-8096|orcid:0000-0001-8314-2140,orcid:0000-0002-7500-8096,2025-06-05,semapv:MappingReview
http://id.nlm.nih.gov/mesh/M0023163,Zygote,http://id.nlm.nih.gov/mesh/vocab#Concept,skos:exactMatch,http://purl.obolibrary.org/obo/CL_0010017,zygote,http://purl.obolibrary.org/obo/CL_0000000,1,orcid:0000-0002-7500-8096|orcid:0000-0001-8314-2140,orcid:0000-0002-7500-8096,2025-06-05,semapv:MappingReview
http://id.nlm.nih.gov/mesh/M0023699,Zona Fasciculata,http://id.nlm.nih.gov/mesh/vocab#Concept,skos:exactMatch,http://purl.obolibrary.org/obo/UBERON_0002054,zona fasciculata of adrenal gland,http://purl.obolibrary.org/obo/UBERON_0001062,1,orcid:0000-0002-7500-8096|orcid:0000-0001-8314-2140,orcid:0000-0002-7500-8096,2025-06-05,semapv:MappingReview
http://id.nlm.nih.gov/mesh/M0023700,Zona Glomerulosa,http://id.nlm.nih.gov/mesh/vocab#Concept,skos:exactMatch,http://purl.obolibrary.org/obo/UBERON_0002053,zona glomerulosa of adrenal gland,http://purl.obolibrary.org/obo/UBERON_0001062,1,orcid:0000-0002-7500-8096|orcid:0000-0001-8314-2140,orcid:0000-0002-7500-8096,2025-06-05,semapv:MappingReview
http://id.nlm.nih.gov/mesh/M0023701,Zona Reticularis,http://id.nlm.nih.gov/mesh/vocab#Concept,skos:exactMatch,http://purl.obolibrary.org/obo/UBERON_0002055,zona reticularis of adrenal gland,http://purl.obolibrary.org/obo/UBERON_0001062,1,orcid:0000-0002-7500-8096|orcid:0000-0001-8314-2140,orcid:0000-0002-7500-8096,2025-06-05,semapv:MappingReview
http://id.nlm.nih.gov/mesh/M0023858,CD4-Positive T-Lymphocytes,http://id.nlm.nih.gov/mesh/vocab#Concept,skos:exactMatch,http://purl.obolibrary.org/obo/CL_0000492,CD4-positive helper T cell,http://purl.obolibrary.org/obo/CL_0000000,1,orcid:0000-0002-7500-8096|orcid:0000-0001-8314-2140,orcid:0000-0002-7500-8096,2025-06-05,semapv:MappingReview
http://id.nlm.nih.gov/mesh/M0023922,Follicular Fluid,http://id.nlm.nih.gov/mesh/vocab#Concept,skos:exactMatch,http://purl.obolibrary.org/obo/UBERON_0000038,follicular fluid,http://purl.obolibrary.org/obo/UBERON_0001062,1,orcid:0000-0002-7500-8096,orcid:0000-0002-7500-8096,2025-06-05,semapv:MappingReview
http://id.nlm.nih.gov/mesh/M0023966,Epithelioid Cells,http://id.nlm.nih.gov/mesh/vocab#Concept,skos:exactMatch,http://purl.obolibrary.org/obo/CL_0002150,epithelioid macrophage,http://purl.obolibrary.org/obo/CL_0000000,1,orcid:0000-0002-7500-8096|orcid:0000-0001-8314-2140,orcid:0000-0002-7500-8096,2025-06-05,semapv:MappingReview
http://id.nlm.nih.gov/mesh/M0024026,Erythroid Precursor Cells,http://id.nlm.nih.gov/mesh/vocab#Concept,skos:exactMatch,http://purl.obolibrary.org/obo/CL_0000038,erythroid progenitor cell,http://purl.obolibrary.org/obo/CL_0000000,1,orcid:0000-0002-7500-8096|orcid:0000-0001-8314-2140,orcid:0000-0002-7500-8096,2025-06-05,semapv:MappingReview
http://id.nlm.nih.gov/mesh/M0024132,"Giant Cells, Foreign-Body",http://id.nlm.nih.gov/mesh/vocab#Concept,skos:exactMatch,http://purl.obolibrary.org/obo/CL_0000647,multinucleated giant cell,http://purl.obolibrary.org/obo/CL_0000000,0.65,orcid:0000-0002-7500-8096|orcid:0000-0001-8314-2140,orcid:0000-0002-7500-8096,2025-06-05,semapv:MappingReview
http://id.nlm.nih.gov/mesh/M0024133,"Giant Cells, Langhans",http://id.nlm.nih.gov/mesh/vocab#Concept,skos:exactMatch,http://purl.obolibrary.org/obo/CL_0000647,multinucleated giant cell,http://purl.obolibrary.org/obo/CL_0000000,0.65,orcid:0000-0002-7500-8096,orcid:0000-0002-7500-8096,2025-06-05,semapv:MappingReview
http://id.nlm.nih.gov/mesh/M0024242,Blood-Air Barrier,http://id.nlm.nih.gov/mesh/vocab#Concept,skos:exactMatch,http://purl.obolibrary.org/obo/UBERON_0003948,blood-air barrier,http://purl.obolibrary.org/obo/UBERON_0001062,1,orcid:0000-0002-7500-8096,orcid:0000-0002-7500-8096,2025-06-05,semapv:MappingReview
http://id.nlm.nih.gov/mesh/M0024623,Anterior Cruciate Ligament,http://id.nlm.nih.gov/mesh/vocab#Concept,skos:exactMatch,http://purl.obolibrary.org/obo/UBERON_0003671,anterior cruciate ligament of knee joint,http://purl.obolibrary.org/obo/UBERON_0001062,1,orcid:0000-0002-7500-8096,orcid:0000-0002-7500-8096,2025-06-05,semapv:MappingReview
http://id.nlm.nih.gov/mesh/M0024624,Posterior Cruciate Ligament,http://id.nlm.nih.gov/mesh/vocab#Concept,skos:exactMatch,http://purl.obolibrary.org/obo/UBERON_0003680,posterior cruciate ligament of knee joint,http://purl.obolibrary.org/obo/UBERON_0001062,1,orcid:0000-0002-7500-8096|orcid:0000-0001-8314-2140,orcid:0000-0002-7500-8096,2025-06-05,semapv:MappingReview
http://id.nlm.nih.gov/mesh/M0024625,Brachiocephalic Veins,http://id.nlm.nih.gov/mesh/vocab#Concept,skos:exactMatch,http://purl.obolibrary.org/obo/UBERON_0003711,brachiocephalic vein,http://purl.obolibrary.org/obo/UBERON_0001062,1,orcid:0000-0002-7500-8096|orcid:0000-0001-8314-2140,orcid:0000-0002-7500-8096,2025-06-05,semapv:MappingReview
http://id.nlm.nih.gov/mesh/M0024626,Brachiocephalic Trunk,http://id.nlm.nih.gov/mesh/vocab#Concept,skos:exactMatch,http://purl.obolibrary.org/obo/UBERON_0001529,brachiocephalic artery,http://purl.obolibrary.org/obo/UBERON_0001062,1,orcid:0000-0002-7500-8096|orcid:0000-0001-8314-2140,orcid:0000-0002-7500-8096,2025-06-05,semapv:MappingReview
http://id.nlm.nih.gov/mesh/M0025248,Prosencephalon,http://id.nlm.nih.gov/mesh/vocab#Concept,skos:exactMatch,http://purl.obolibrary.org/obo/UBERON_0001890,forebrain,http://purl.obolibrary.org/obo/UBERON_0001062,1,orcid:0000-0002-7500-8096,orcid:0000-0002-7500-8096,2025-06-05,semapv:MappingReview
http://id.nlm.nih.gov/mesh/M0025277,Bruch Membrane,http://id.nlm.nih.gov/mesh/vocab#Concept,skos:exactMatch,http://purl.obolibrary.org/obo/UBERON_0003957,Bruch's membrane,http://purl.obolibrary.org/obo/UBERON_0001062,1,orcid:0000-0002-7500-8096|orcid:0000-0001-8314-2140,orcid:0000-0002-7500-8096,2025-06-05,semapv:MappingReview
http://id.nlm.nih.gov/mesh/M0025385,Psoas Muscles,http://id.nlm.nih.gov/mesh/vocab#Concept,skos:exactMatch,http://purl.obolibrary.org/obo/UBERON_0008450,psoas muscle,http://purl.obolibrary.org/obo/UBERON_0001062,1,orcid:0000-0002-7500-8096|orcid:0000-0001-8314-2140,orcid:0000-0002-7500-8096,2025-06-05,semapv:MappingReview
http://id.nlm.nih.gov/mesh/M0025409,"Macrophages, Alveolar",http://id.nlm.nih.gov/mesh/vocab#Concept,skos:exactMatch,http://purl.obolibrary.org/obo/CL_0000583,alveolar macrophage,http://purl.obolibrary.org/obo/CL_0000000,1,orcid:0000-0002-7500-8096|orcid:0000-0001-8314-2140,orcid:0000-0002-7500-8096,2025-06-05,semapv:MappingReview
http://id.nlm.nih.gov/mesh/M0025644,Limbus Corneae,http://id.nlm.nih.gov/mesh/vocab#Concept,skos:exactMatch,http://purl.obolibrary.org/obo/UBERON_0006761,corneo-scleral junction,http://purl.obolibrary.org/obo/UBERON_0001062,1,orcid:0000-0002-7500-8096|orcid:0000-0001-8314-2140,orcid:0000-0002-7500-8096,2025-06-05,semapv:MappingReview
http://id.nlm.nih.gov/mesh/M0025729,Tibial Arteries,http://id.nlm.nih.gov/mesh/vocab#Concept,skos:exactMatch,http://purl.obolibrary.org/obo/UBERON_0007610,tibial artery,http://purl.obolibrary.org/obo/UBERON_0001062,1,orcid:0000-0002-7500-8096,orcid:0000-0002-7500-8096,2025-06-05,semapv:MappingReview
http://id.nlm.nih.gov/mesh/M0025841,Rotator Cuff,http://id.nlm.nih.gov/mesh/vocab#Concept,skos:exactMatch,http://purl.obolibrary.org/obo/UBERON_0003683,rotator cuff,http://purl.obolibrary.org/obo/UBERON_0001062,1,orcid:0000-0002-7500-8096|orcid:0000-0001-8314-2140,orcid:0000-0002-7500-8096,2025-06-05,semapv:MappingReview
http://id.nlm.nih.gov/mesh/M0025942,Neostriatum,http://id.nlm.nih.gov/mesh/vocab#Concept,skos:exactMatch,http://purl.obolibrary.org/obo/UBERON_0002435,striatum,http://purl.obolibrary.org/obo/UBERON_0001062,1,orcid:0000-0002-7500-8096|orcid:0000-0001-8314-2140,orcid:0000-0002-7500-8096,2025-06-05,semapv:MappingReview
http://id.nlm.nih.gov/mesh/M0026411,Prefrontal Cortex,http://id.nlm.nih.gov/mesh/vocab#Concept,skos:exactMatch,http://purl.obolibrary.org/obo/UBERON_0000451,prefrontal cortex,http://purl.obolibrary.org/obo/UBERON_0001062,1,orcid:0000-0002-7500-8096|orcid:0000-0001-8314-2140,orcid:0000-0002-7500-8096,2025-06-05,semapv:MappingReview
http://id.nlm.nih.gov/mesh/M0026592,Radial Artery,http://id.nlm.nih.gov/mesh/vocab#Concept,skos:exactMatch,http://purl.obolibrary.org/obo/UBERON_0001404,radial artery,http://purl.obolibrary.org/obo/UBERON_0001062,1,orcid:0000-0002-7500-8096|orcid:0000-0001-8314-2140,orcid:0000-0002-7500-8096,2025-06-05,semapv:MappingReview
http://id.nlm.nih.gov/mesh/M0026593,Ulnar Artery,http://id.nlm.nih.gov/mesh/vocab#Concept,skos:exactMatch,http://purl.obolibrary.org/obo/UBERON_0001406,ulnar artery,http://purl.obolibrary.org/obo/UBERON_0001062,1,orcid:0000-0002-7500-8096|orcid:0000-0001-8314-2140,orcid:0000-0002-7500-8096,2025-06-05,semapv:MappingReview
http://id.nlm.nih.gov/mesh/M0026594,"Carotid Artery, Common",http://id.nlm.nih.gov/mesh/vocab#Concept,skos:exactMatch,http://purl.obolibrary.org/obo/UBERON_0001530,common carotid artery plus branches,http://purl.obolibrary.org/obo/UBERON_0001062,1,orcid:0000-0002-7500-8096|orcid:0000-0001-8314-2140,orcid:0000-0002-7500-8096,2025-06-05,semapv:MappingReview
http://id.nlm.nih.gov/mesh/M0026595,"Mesenteric Artery, Inferior",http://id.nlm.nih.gov/mesh/vocab#Concept,skos:exactMatch,http://purl.obolibrary.org/obo/UBERON_0001183,inferior mesenteric artery,http://purl.obolibrary.org/obo/UBERON_0001062,1,orcid:0000-0002-7500-8096|orcid:0000-0001-8314-2140,orcid:0000-0002-7500-8096,2025-06-05,semapv:MappingReview
http://id.nlm.nih.gov/mesh/M0026596,"Mesenteric Artery, Superior",http://id.nlm.nih.gov/mesh/vocab#Concept,skos:exactMatch,http://purl.obolibrary.org/obo/UBERON_0001182,superior mesenteric artery,http://purl.obolibrary.org/obo/UBERON_0001062,1,orcid:0000-0002-7500-8096|orcid:0000-0001-8314-2140,orcid:0000-0002-7500-8096,2025-06-05,semapv:MappingReview
http://id.nlm.nih.gov/mesh/M0026599,Tunica Intima,http://id.nlm.nih.gov/mesh/vocab#Concept,skos:exactMatch,http://purl.obolibrary.org/obo/UBERON_0002523,tunica intima,http://purl.obolibrary.org/obo/UBERON_0001062,1,orcid:0000-0002-7500-8096|orcid:0000-0001-8314-2140,orcid:0000-0002-7500-8096,2025-06-05,semapv:MappingReview
http://id.nlm.nih.gov/mesh/M0026602,Tunica Media,http://id.nlm.nih.gov/mesh/vocab#Concept,skos:exactMatch,http://purl.obolibrary.org/obo/UBERON_0002522,tunica media,http://purl.obolibrary.org/obo/UBERON_0001062,1,orcid:0000-0002-7500-8096|orcid:0000-0001-8314-2140,orcid:0000-0002-7500-8096,2025-06-05,semapv:MappingReview
http://id.nlm.nih.gov/mesh/M0026613,Solitary Nucleus,http://id.nlm.nih.gov/mesh/vocab#Concept,skos:exactMatch,http://purl.obolibrary.org/obo/UBERON_0002126,solitary tract nuclear complex,http://purl.obolibrary.org/obo/UBERON_0001062,1,orcid:0000-0002-7500-8096|orcid:0000-0001-8314-2140,orcid:0000-0002-7500-8096,2025-06-05,semapv:MappingReview
http://id.nlm.nih.gov/mesh/M0026617,Ventral Tegmental Area,http://id.nlm.nih.gov/mesh/vocab#Concept,skos:exactMatch,http://purl.obolibrary.org/obo/UBERON_0002691,ventral tegmental area,http://purl.obolibrary.org/obo/UBERON_0001062,1,orcid:0000-0002-7500-8096|orcid:0000-0001-8314-2140,orcid:0000-0002-7500-8096,2025-06-05,semapv:MappingReview
http://id.nlm.nih.gov/mesh/M0026631,Rectus Abdominis,http://id.nlm.nih.gov/mesh/vocab#Concept,skos:exactMatch,http://purl.obolibrary.org/obo/UBERON_0002382,rectus abdominis muscle,http://purl.obolibrary.org/obo/UBERON_0001062,1,orcid:0000-0002-7500-8096|orcid:0000-0001-8314-2140,orcid:0000-0002-7500-8096,2025-06-05,semapv:MappingReview
http://id.nlm.nih.gov/mesh/M0026688,Enteric Nervous System,http://id.nlm.nih.gov/mesh/vocab#Concept,skos:exactMatch,http://purl.obolibrary.org/obo/UBERON_0002005,enteric nervous system,http://purl.obolibrary.org/obo/UBERON_0001062,1,orcid:0000-0002-7500-8096|orcid:0000-0001-8314-2140,orcid:0000-0002-7500-8096,2025-06-05,semapv:MappingReview
http://id.nlm.nih.gov/mesh/M0026693,Cochlear Nucleus,http://id.nlm.nih.gov/mesh/vocab#Concept,skos:exactMatch,http://purl.obolibrary.org/obo/UBERON_0001720,cochlear nucleus,http://purl.obolibrary.org/obo/UBERON_0001062,1,orcid:0000-0002-7500-8096|orcid:0000-0001-8314-2140,orcid:0000-0002-7500-8096,2025-06-05,semapv:MappingReview
http://id.nlm.nih.gov/mesh/M0026694,Microglia,http://id.nlm.nih.gov/mesh/vocab#Concept,skos:exactMatch,http://purl.obolibrary.org/obo/CL_0000129,microglial cell,http://purl.obolibrary.org/obo/CL_0000000,1,orcid:0000-0002-7500-8096|orcid:0000-0001-8314-2140,orcid:0000-0002-7500-8096,2025-06-05,semapv:MappingReview
http://id.nlm.nih.gov/mesh/M0026801,"Bile Ducts, Extrahepatic",http://id.nlm.nih.gov/mesh/vocab#Concept,skos:exactMatch,http://purl.obolibrary.org/obo/UBERON_0003703,extrahepatic bile duct,http://purl.obolibrary.org/obo/UBERON_0001062,1,orcid:0000-0002-7500-8096,orcid:0000-0002-7500-8096,2025-06-05,semapv:MappingReview
http://id.nlm.nih.gov/mesh/M0026804,"Macrophages, Peritoneal",http://id.nlm.nih.gov/mesh/vocab#Concept,skos:exactMatch,http://purl.obolibrary.org/obo/CL_0000581,peritoneal macrophage,http://purl.obolibrary.org/obo/CL_0000000,1,orcid:0000-0002-7500-8096|orcid:0000-0001-8314-2140,orcid:0000-0002-7500-8096,2025-06-05,semapv:MappingReview
http://id.nlm.nih.gov/mesh/M0026820,Joint Capsule,http://id.nlm.nih.gov/mesh/vocab#Concept,skos:exactMatch,http://purl.obolibrary.org/obo/UBERON_0001484,articular capsule,http://purl.obolibrary.org/obo/UBERON_0001062,1,orcid:0000-0002-7500-8096|orcid:0000-0001-8314-2140,orcid:0000-0002-7500-8096,2025-06-05,semapv:MappingReview
http://id.nlm.nih.gov/mesh/M0026864,Pelvic Floor,http://id.nlm.nih.gov/mesh/vocab#Concept,skos:exactMatch,http://purl.obolibrary.org/obo/UBERON_0008612,muscle of pelvic diaphragm,http://purl.obolibrary.org/obo/UBERON_0001062,1,orcid:0000-0002-7500-8096|orcid:0000-0001-8314-2140,orcid:0000-0002-7500-8096,2025-06-05,semapv:MappingReview
http://id.nlm.nih.gov/mesh/M0026868,"Parasympathetic Fibers, Postganglionic",http://id.nlm.nih.gov/mesh/vocab#Concept,skos:exactMatch,http://purl.obolibrary.org/obo/UBERON_0011929,postganglionic parasympathetic fiber,http://purl.obolibrary.org/obo/UBERON_0001062,1,orcid:0000-0002-7500-8096,orcid:0000-0002-7500-8096,2025-06-05,semapv:MappingReview
http://id.nlm.nih.gov/mesh/M0026870,"Sympathetic Fibers, Postganglionic",http://id.nlm.nih.gov/mesh/vocab#Concept,skos:exactMatch,http://purl.obolibrary.org/obo/UBERON_0011926,postganglionic sympathetic fiber,http://purl.obolibrary.org/obo/UBERON_0001062,1,orcid:0000-0002-7500-8096|orcid:0000-0001-8314-2140,orcid:0000-0002-7500-8096,2025-06-05,semapv:MappingReview
http://id.nlm.nih.gov/mesh/M0026873,Superior Cervical Ganglion,http://id.nlm.nih.gov/mesh/vocab#Concept,skos:exactMatch,http://purl.obolibrary.org/obo/UBERON_0001989,superior cervical ganglion,http://purl.obolibrary.org/obo/UBERON_0001062,1,orcid:0000-0002-7500-8096|orcid:0000-0001-8314-2140,orcid:0000-0002-7500-8096,2025-06-05,semapv:MappingReview
http://id.nlm.nih.gov/mesh/M0026965,Ligamentum Flavum,http://id.nlm.nih.gov/mesh/vocab#Concept,skos:exactMatch,http://purl.obolibrary.org/obo/UBERON_0003673,ligamentum flavum,http://purl.obolibrary.org/obo/UBERON_0001062,1,orcid:0000-0002-7500-8096,orcid:0000-0002-7500-8096,2025-06-05,semapv:MappingReview
http://id.nlm.nih.gov/mesh/M0026969,Longitudinal Ligaments,http://id.nlm.nih.gov/mesh/vocab#Concept,skos:exactMatch,http://purl.obolibrary.org/obo/UBERON_0011136,ligament of vertebral column,http://purl.obolibrary.org/obo/UBERON_0001062,1,orcid:0000-0002-7500-8096,orcid:0000-0002-7500-8096,2025-06-05,semapv:MappingReview
http://id.nlm.nih.gov/mesh/M0026970,Patellar Ligament,http://id.nlm.nih.gov/mesh/vocab#Concept,skos:exactMatch,http://purl.obolibrary.org/obo/UBERON_0003676,patellar ligament,http://purl.obolibrary.org/obo/UBERON_0001062,1,orcid:0000-0002-7500-8096|orcid:0000-0001-8314-2140,orcid:0000-0002-7500-8096,2025-06-05,semapv:MappingReview
http://id.nlm.nih.gov/mesh/M0027092,Peripheral Nervous System,http://id.nlm.nih.gov/mesh/vocab#Concept,skos:exactMatch,http://purl.obolibrary.org/obo/UBERON_0000010,peripheral nervous system,http://purl.obolibrary.org/obo/UBERON_0001062,1,orcid:0000-0002-7500-8096,orcid:0000-0002-7500-8096,2025-06-05,semapv:MappingReview
http://id.nlm.nih.gov/mesh/M0027109,Retinal Rod Photoreceptor Cells,http://id.nlm.nih.gov/mesh/vocab#Concept,skos:exactMatch,http://purl.obolibrary.org/obo/CL_0000604,retinal rod cell,http://purl.obolibrary.org/obo/CL_0000000,1,orcid:0000-0002-7500-8096|orcid:0000-0001-8314-2140,orcid:0000-0002-7500-8096,2025-06-05,semapv:MappingReview
http://id.nlm.nih.gov/mesh/M0027110,Retinal Cone Photoreceptor Cells,http://id.nlm.nih.gov/mesh/vocab#Concept,skos:exactMatch,http://purl.obolibrary.org/obo/CL_0000573,retinal cone cell,http://purl.obolibrary.org/obo/CL_0000000,1,orcid:0000-0002-7500-8096|orcid:0000-0001-8314-2140,orcid:0000-0002-7500-8096,2025-06-05,semapv:MappingReview
http://id.nlm.nih.gov/mesh/M0027111,"Ganglia, Sensory",http://id.nlm.nih.gov/mesh/vocab#Concept,skos:exactMatch,http://purl.obolibrary.org/obo/UBERON_0001800,sensory ganglion,http://purl.obolibrary.org/obo/UBERON_0001062,1,orcid:0000-0002-7500-8096|orcid:0000-0001-8314-2140,orcid:0000-0002-7500-8096,2025-06-05,semapv:MappingReview
http://id.nlm.nih.gov/mesh/M0027134,Pyramidal Cells,http://id.nlm.nih.gov/mesh/vocab#Concept,skos:exactMatch,http://purl.obolibrary.org/obo/CL_0000598,pyramidal neuron,http://purl.obolibrary.org/obo/CL_0000000,1,orcid:0000-0002-7500-8096,orcid:0000-0002-7500-8096,2025-06-05,semapv:MappingReview
http://id.nlm.nih.gov/mesh/M0027220,Olfactory Receptor Neurons,http://id.nlm.nih.gov/mesh/vocab#Concept,skos:exactMatch,http://purl.obolibrary.org/obo/CL_0000207,olfactory receptor cell,http://purl.obolibrary.org/obo/CL_0000000,1,orcid:0000-0002-7500-8096|orcid:0000-0001-8314-2140,orcid:0000-0002-7500-8096,2025-06-05,semapv:MappingReview
http://id.nlm.nih.gov/mesh/M0027259,"Hair Cells, Vestibular",http://id.nlm.nih.gov/mesh/vocab#Concept,skos:exactMatch,http://purl.obolibrary.org/obo/CL_0000609,vestibular hair cell,http://purl.obolibrary.org/obo/CL_0000000,1,orcid:0000-0002-7500-8096|orcid:0000-0001-8314-2140,orcid:0000-0002-7500-8096,2025-06-05,semapv:MappingReview
http://id.nlm.nih.gov/mesh/M0027263,"Hair Cells, Auditory, Outer",http://id.nlm.nih.gov/mesh/vocab#Concept,skos:exactMatch,http://purl.obolibrary.org/obo/CL_0000601,cochlear outer hair cell,http://purl.obolibrary.org/obo/CL_0000000,1,orcid:0000-0002-7500-8096|orcid:0000-0001-8314-2140,orcid:0000-0002-7500-8096,2025-06-05,semapv:MappingReview
http://id.nlm.nih.gov/mesh/M0027643,CD8-Positive T-Lymphocytes,http://id.nlm.nih.gov/mesh/vocab#Concept,skos:exactMatch,http://purl.obolibrary.org/obo/CL_0000795,"CD8-positive, alpha-beta regulatory T cell",http://purl.obolibrary.org/obo/CL_0000000,1,orcid:0000-0002-7500-8096|orcid:0000-0001-8314-2140,orcid:0000-0002-7500-8096,2025-06-05,semapv:MappingReview
http://id.nlm.nih.gov/mesh/M0027645,Th1 Cells,http://id.nlm.nih.gov/mesh/vocab#Concept,skos:exactMatch,http://purl.obolibrary.org/obo/CL_0000545,T-helper 1 cell,http://purl.obolibrary.org/obo/CL_0000000,1,orcid:0000-0002-7500-8096|orcid:0000-0001-8314-2140,orcid:0000-0002-7500-8096,2025-06-05,semapv:MappingReview
http://id.nlm.nih.gov/mesh/M0027646,Th2 Cells,http://id.nlm.nih.gov/mesh/vocab#Concept,skos:exactMatch,http://purl.obolibrary.org/obo/CL_0000546,T-helper 2 cell,http://purl.obolibrary.org/obo/CL_0000000,1,orcid:0000-0002-7500-8096|orcid:0000-0001-8314-2140,orcid:0000-0002-7500-8096,2025-06-05,semapv:MappingReview
http://id.nlm.nih.gov/mesh/M0027725,"Muscle, Skeletal",http://id.nlm.nih.gov/mesh/vocab#Concept,skos:exactMatch,http://purl.obolibrary.org/obo/UBERON_0014892,"skeletal muscle organ, vertebrate",http://purl.obolibrary.org/obo/UBERON_0001062,1,orcid:0000-0002-7500-8096|orcid:0000-0001-8314-2140,orcid:0000-0002-7500-8096,2025-06-05,semapv:MappingReview
http://id.nlm.nih.gov/mesh/M0027726,Diaphyses,http://id.nlm.nih.gov/mesh/vocab#Concept,skos:exactMatch,http://purl.obolibrary.org/obo/UBERON_0004769,diaphysis,http://purl.obolibrary.org/obo/UBERON_0001062,1,orcid:0000-0002-7500-8096|orcid:0000-0001-8314-2140,orcid:0000-0002-7500-8096,2025-06-05,semapv:MappingReview
http://id.nlm.nih.gov/mesh/M0028058,Entorhinal Cortex,http://id.nlm.nih.gov/mesh/vocab#Concept,skos:exactMatch,http://purl.obolibrary.org/obo/UBERON_0002728,entorhinal cortex,http://purl.obolibrary.org/obo/UBERON_0001062,1,orcid:0000-0002-7500-8096,orcid:0000-0002-7500-8096,2025-06-05,semapv:MappingReview
http://id.nlm.nih.gov/mesh/M0028212,Germinal Center,http://id.nlm.nih.gov/mesh/vocab#Concept,skos:exactMatch,http://purl.obolibrary.org/obo/UBERON_0010754,germinal center,http://purl.obolibrary.org/obo/UBERON_0001062,1,orcid:0000-0002-7500-8096|orcid:0000-0001-8314-2140,orcid:0000-0002-7500-8096,2025-06-05,semapv:MappingReview
http://id.nlm.nih.gov/mesh/M0028213,Hair Follicle,http://id.nlm.nih.gov/mesh/vocab#Concept,skos:exactMatch,http://purl.obolibrary.org/obo/UBERON_0002073,hair follicle,http://purl.obolibrary.org/obo/UBERON_0001062,1,orcid:0000-0002-7500-8096|orcid:0000-0001-8314-2140,orcid:0000-0002-7500-8096,2025-06-05,semapv:MappingReview
http://id.nlm.nih.gov/mesh/M0028216,Merkel Cells,http://id.nlm.nih.gov/mesh/vocab#Concept,skos:exactMatch,http://purl.obolibrary.org/obo/CL_0000242,Merkel cell,http://purl.obolibrary.org/obo/CL_0000000,1,orcid:0000-0002-7500-8096|orcid:0000-0001-8314-2140,orcid:0000-0002-7500-8096,2025-06-05,semapv:MappingReview
http://id.nlm.nih.gov/mesh/M0028250,Dentate Gyrus,http://id.nlm.nih.gov/mesh/vocab#Concept,skos:exactMatch,http://purl.obolibrary.org/obo/UBERON_0001885,dentate gyrus of hippocampal formation,http://purl.obolibrary.org/obo/UBERON_0001062,1,orcid:0000-0002-7500-8096|orcid:0000-0001-8314-2140,orcid:0000-0002-7500-8096,2025-06-05,semapv:MappingReview
http://id.nlm.nih.gov/mesh/M0028360,Salivary Ducts,http://id.nlm.nih.gov/mesh/vocab#Concept,skos:exactMatch,http://purl.obolibrary.org/obo/UBERON_0001837,duct of salivary gland,http://purl.obolibrary.org/obo/UBERON_0001062,1,orcid:0000-0002-7500-8096,orcid:0000-0002-7500-8096,2025-06-05,semapv:MappingReview
http://id.nlm.nih.gov/mesh/M0028474,Epigastric Arteries,http://id.nlm.nih.gov/mesh/vocab#Concept,skos:exactMatch,http://purl.obolibrary.org/obo/UBERON_0006349,epigastric artery,http://purl.obolibrary.org/obo/UBERON_0001062,1,orcid:0000-0002-7500-8096|orcid:0000-0001-8314-2140,orcid:0000-0002-7500-8096,2025-06-05,semapv:MappingReview
http://id.nlm.nih.gov/mesh/M0028633,Temporomandibular Joint Disc,http://id.nlm.nih.gov/mesh/vocab#Concept,skos:exactMatch,http://purl.obolibrary.org/obo/UBERON_0011319,disk of temporomandibular joint,http://purl.obolibrary.org/obo/UBERON_0001062,1,orcid:0000-0002-7500-8096,orcid:0000-0002-7500-8096,2025-06-05,semapv:MappingReview
http://id.nlm.nih.gov/mesh/M0028686,Epithalamus,http://id.nlm.nih.gov/mesh/vocab#Concept,skos:exactMatch,http://purl.obolibrary.org/obo/UBERON_0001899,epithalamus,http://purl.obolibrary.org/obo/UBERON_0001062,1,orcid:0000-0002-7500-8096|orcid:0000-0001-8314-2140,orcid:0000-0002-7500-8096,2025-06-05,semapv:MappingReview
http://id.nlm.nih.gov/mesh/M0028687,Habenula,http://id.nlm.nih.gov/mesh/vocab#Concept,skos:exactMatch,http://purl.obolibrary.org/obo/UBERON_0001904,habenula,http://purl.obolibrary.org/obo/UBERON_0001062,1,orcid:0000-0002-7500-8096|orcid:0000-0001-8314-2140,orcid:0000-0002-7500-8096,2025-06-05,semapv:MappingReview
http://id.nlm.nih.gov/mesh/M0028723,Skull Base,http://id.nlm.nih.gov/mesh/vocab#Concept,skos:exactMatch,http://purl.obolibrary.org/obo/UBERON_0002517,basicranium,http://purl.obolibrary.org/obo/UBERON_0001062,1,orcid:0000-0002-7500-8096|orcid:0000-0001-8314-2140,orcid:0000-0002-7500-8096,2025-06-05,semapv:MappingReview
http://id.nlm.nih.gov/mesh/M0029063,"Epithelium, Corneal",http://id.nlm.nih.gov/mesh/vocab#Concept,skos:exactMatch,http://purl.obolibrary.org/obo/UBERON_0001772,corneal epithelium,http://purl.obolibrary.org/obo/UBERON_0001062,1,orcid:0000-0002-7500-8096|orcid:0000-0001-8314-2140,orcid:0000-0002-7500-8096,2025-06-05,semapv:MappingReview
http://id.nlm.nih.gov/mesh/M0029077,Neocortex,http://id.nlm.nih.gov/mesh/vocab#Concept,skos:exactMatch,http://purl.obolibrary.org/obo/UBERON_0001950,neocortex,http://purl.obolibrary.org/obo/UBERON_0001062,1,orcid:0000-0002-7500-8096|orcid:0000-0001-8314-2140,orcid:0000-0002-7500-8096,2025-06-05,semapv:MappingReview
http://id.nlm.nih.gov/mesh/M0029078,Perforant Pathway,http://id.nlm.nih.gov/mesh/vocab#Concept,skos:exactMatch,http://purl.obolibrary.org/obo/UBERON_0034931,perforant path,http://purl.obolibrary.org/obo/UBERON_0001062,1,orcid:0000-0002-7500-8096|orcid:0000-0001-8314-2140,orcid:0000-0002-7500-8096,2025-06-05,semapv:MappingReview
http://id.nlm.nih.gov/mesh/M0029079,Neuropil,http://id.nlm.nih.gov/mesh/vocab#Concept,skos:exactMatch,http://purl.obolibrary.org/obo/UBERON_0002606,neuropil,http://purl.obolibrary.org/obo/UBERON_0001062,1,orcid:0000-0002-7500-8096|orcid:0000-0001-8314-2140,orcid:0000-0002-7500-8096,2025-06-05,semapv:MappingReview
http://id.nlm.nih.gov/mesh/M0029490,Gastrin-Secreting Cells,http://id.nlm.nih.gov/mesh/vocab#Concept,skos:exactMatch,http://purl.obolibrary.org/obo/CL_0000509,gastrin secreting cell,http://purl.obolibrary.org/obo/CL_0000000,1,orcid:0000-0002-7500-8096,orcid:0000-0002-7500-8096,2025-06-05,semapv:MappingReview
http://id.nlm.nih.gov/mesh/M0029492,Somatostatin-Secreting Cells,http://id.nlm.nih.gov/mesh/vocab#Concept,skos:exactMatch,http://purl.obolibrary.org/obo/CL_0000172,somatostatin secreting cell,http://purl.obolibrary.org/obo/CL_0000000,1,orcid:0000-0002-7500-8096|orcid:0000-0001-8314-2140,orcid:0000-0002-7500-8096,2025-06-05,semapv:MappingReview
http://id.nlm.nih.gov/mesh/M0029509,"Chief Cells, Gastric",http://id.nlm.nih.gov/mesh/vocab#Concept,skos:exactMatch,http://purl.obolibrary.org/obo/CL_0000155,peptic cell,http://purl.obolibrary.org/obo/CL_0000000,1,orcid:0000-0002-7500-8096|orcid:0000-0001-8314-2140,orcid:0000-0002-7500-8096,2025-06-05,semapv:MappingReview
http://id.nlm.nih.gov/mesh/M0029518,Paneth Cells,http://id.nlm.nih.gov/mesh/vocab#Concept,skos:exactMatch,http://purl.obolibrary.org/obo/CL_0000510,paneth cell,http://purl.obolibrary.org/obo/CL_0000000,1,orcid:0000-0002-7500-8096|orcid:0000-0001-8314-2140,orcid:0000-0002-7500-8096,2025-06-05,semapv:MappingReview
http://id.nlm.nih.gov/mesh/M0029935,Pericytes,http://id.nlm.nih.gov/mesh/vocab#Concept,skos:exactMatch,http://purl.obolibrary.org/obo/CL_0000669,pericyte,http://purl.obolibrary.org/obo/CL_0000000,1,orcid:0000-0002-7500-8096|orcid:0000-0001-8314-2140,orcid:0000-0002-7500-8096,2025-06-05,semapv:MappingReview
http://id.nlm.nih.gov/mesh/M0030034,Tooth Socket,http://id.nlm.nih.gov/mesh/vocab#Concept,skos:exactMatch,http://purl.obolibrary.org/obo/UBERON_0003686,tooth socket,http://purl.obolibrary.org/obo/UBERON_0001062,1,orcid:0000-0002-7500-8096|orcid:0000-0001-8314-2140,orcid:0000-0002-7500-8096,2025-06-05,semapv:MappingReview
http://id.nlm.nih.gov/mesh/M0030041,Goblet Cells,http://id.nlm.nih.gov/mesh/vocab#Concept,skos:exactMatch,http://purl.obolibrary.org/obo/CL_0000160,goblet cell,http://purl.obolibrary.org/obo/CL_0000000,1,orcid:0000-0002-7500-8096|orcid:0000-0001-8314-2140,orcid:0000-0002-7500-8096,2025-06-05,semapv:MappingReview
http://id.nlm.nih.gov/mesh/M0030055,Dermis,http://id.nlm.nih.gov/mesh/vocab#Concept,skos:exactMatch,http://purl.obolibrary.org/obo/UBERON_0002067,dermis,http://purl.obolibrary.org/obo/UBERON_0001062,1,orcid:0000-0002-7500-8096|orcid:0000-0001-8314-2140,orcid:0000-0002-7500-8096,2025-06-05,semapv:MappingReview
http://id.nlm.nih.gov/mesh/M0328019,Entopeduncular Nucleus,http://id.nlm.nih.gov/mesh/vocab#Concept,skos:exactMatch,http://purl.obolibrary.org/obo/UBERON_0000432,endopeduncular nucleus,http://purl.obolibrary.org/obo/UBERON_0001062,1,orcid:0000-0002-7500-8096,orcid:0000-0002-7500-8096,2025-06-05,semapv:MappingReview
http://id.nlm.nih.gov/mesh/M0328056,Respiratory Mucosa,http://id.nlm.nih.gov/mesh/vocab#Concept,skos:exactMatch,http://purl.obolibrary.org/obo/UBERON_0004785,respiratory system mucosa,http://purl.obolibrary.org/obo/UBERON_0001062,1,orcid:0000-0002-7500-8096|orcid:0000-0001-8314-2140,orcid:0000-0002-7500-8096,2025-06-05,semapv:MappingReview
http://id.nlm.nih.gov/mesh/M0328394,Anterior Cerebral Artery,http://id.nlm.nih.gov/mesh/vocab#Concept,skos:exactMatch,http://purl.obolibrary.org/obo/UBERON_0001624,anterior cerebral artery,http://purl.obolibrary.org/obo/UBERON_0001062,1,orcid:0000-0002-7500-8096|orcid:0000-0001-8314-2140,orcid:0000-0002-7500-8096,2025-06-05,semapv:MappingReview
http://id.nlm.nih.gov/mesh/M0328418,Anterior Thalamic Nuclei,http://id.nlm.nih.gov/mesh/vocab#Concept,skos:exactMatch,http://purl.obolibrary.org/obo/UBERON_0002788,anterior nuclear group,http://purl.obolibrary.org/obo/UBERON_0001062,1,orcid:0000-0002-7500-8096|orcid:0000-0001-8314-2140,orcid:0000-0002-7500-8096,2025-06-05,semapv:MappingReview
http://id.nlm.nih.gov/mesh/M0328425,Atrial Appendage,http://id.nlm.nih.gov/mesh/vocab#Concept,skos:exactMatch,http://purl.obolibrary.org/obo/UBERON_0006618,atrium auricular region,http://purl.obolibrary.org/obo/UBERON_0001062,1,orcid:0000-0002-7500-8096|orcid:0000-0001-8314-2140,orcid:0000-0002-7500-8096,2025-06-05,semapv:MappingReview
http://id.nlm.nih.gov/mesh/M0328427,Basal Nucleus of Meynert,http://id.nlm.nih.gov/mesh/vocab#Concept,skos:exactMatch,http://purl.obolibrary.org/obo/UBERON_0010010,basal nucleus of telencephalon,http://purl.obolibrary.org/obo/UBERON_0001062,1,orcid:0000-0002-7500-8096|orcid:0000-0001-8314-2140,orcid:0000-0002-7500-8096,2025-06-05,semapv:MappingReview
http://id.nlm.nih.gov/mesh/M0328442,Enterocytes,http://id.nlm.nih.gov/mesh/vocab#Concept,skos:exactMatch,http://purl.obolibrary.org/obo/CL_0000584,enterocyte,http://purl.obolibrary.org/obo/CL_0000000,1,orcid:0000-0002-7500-8096|orcid:0000-0001-8314-2140,orcid:0000-0002-7500-8096,2025-06-05,semapv:MappingReview
http://id.nlm.nih.gov/mesh/M0328454,"Dendritic Cells, Follicular",http://id.nlm.nih.gov/mesh/vocab#Concept,skos:exactMatch,http://purl.obolibrary.org/obo/CL_0000442,follicular dendritic cell,http://purl.obolibrary.org/obo/CL_0000000,1,orcid:0000-0002-7500-8096|orcid:0000-0001-8314-2140,orcid:0000-0002-7500-8096,2025-06-05,semapv:MappingReview
http://id.nlm.nih.gov/mesh/M0328456,Diagonal Band of Broca,http://id.nlm.nih.gov/mesh/vocab#Concept,skos:exactMatch,http://purl.obolibrary.org/obo/UBERON_0002741,diagonal band of Broca,http://purl.obolibrary.org/obo/UBERON_0001062,1,orcid:0000-0002-7500-8096|orcid:0000-0001-8314-2140,orcid:0000-0002-7500-8096,2025-06-05,semapv:MappingReview
http://id.nlm.nih.gov/mesh/M0328482,"Fornix, Brain",http://id.nlm.nih.gov/mesh/vocab#Concept,skos:exactMatch,http://purl.obolibrary.org/obo/UBERON_0000052,fornix of brain,http://purl.obolibrary.org/obo/UBERON_0001062,1,orcid:0000-0002-7500-8096|orcid:0000-0001-8314-2140,orcid:0000-0002-7500-8096,2025-06-05,semapv:MappingReview
http://id.nlm.nih.gov/mesh/M0328533,Fourth Ventricle,http://id.nlm.nih.gov/mesh/vocab#Concept,skos:exactMatch,http://purl.obolibrary.org/obo/UBERON_0002422,fourth ventricle,http://purl.obolibrary.org/obo/UBERON_0001062,1,orcid:0000-0002-7500-8096|orcid:0000-0001-8314-2140,orcid:0000-0002-7500-8096,2025-06-05,semapv:MappingReview
http://id.nlm.nih.gov/mesh/M0328537,Mediodorsal Thalamic Nucleus,http://id.nlm.nih.gov/mesh/vocab#Concept,skos:exactMatch,http://purl.obolibrary.org/obo/UBERON_0002739,medial dorsal nucleus of thalamus,http://purl.obolibrary.org/obo/UBERON_0001062,1,orcid:0000-0002-7500-8096|orcid:0000-0001-8314-2140,orcid:0000-0002-7500-8096,2025-06-05,semapv:MappingReview
http://id.nlm.nih.gov/mesh/M0328538,Metencephalon,http://id.nlm.nih.gov/mesh/vocab#Concept,skos:exactMatch,http://purl.obolibrary.org/obo/UBERON_0001895,metencephalon,http://purl.obolibrary.org/obo/UBERON_0001062,1,orcid:0000-0002-7500-8096|orcid:0000-0001-8314-2140,orcid:0000-0002-7500-8096,2025-06-05,semapv:MappingReview
http://id.nlm.nih.gov/mesh/M0328542,Middle Cerebral Artery,http://id.nlm.nih.gov/mesh/vocab#Concept,skos:exactMatch,http://purl.obolibrary.org/obo/UBERON_0001627,middle cerebral artery,http://purl.obolibrary.org/obo/UBERON_0001062,1,orcid:0000-0002-7500-8096|orcid:0000-0001-8314-2140,orcid:0000-0002-7500-8096,2025-06-05,semapv:MappingReview
http://id.nlm.nih.gov/mesh/M0328544,Midline Thalamic Nuclei,http://id.nlm.nih.gov/mesh/vocab#Concept,skos:exactMatch,http://purl.obolibrary.org/obo/UBERON_0002705,midline nuclear group,http://purl.obolibrary.org/obo/UBERON_0001062,1,orcid:0000-0002-7500-8096|orcid:0000-0001-8314-2140,orcid:0000-0002-7500-8096,2025-06-05,semapv:MappingReview
http://id.nlm.nih.gov/mesh/M0328545,Internal Capsule,http://id.nlm.nih.gov/mesh/vocab#Concept,skos:exactMatch,http://purl.obolibrary.org/obo/UBERON_0001887,internal capsule of telencephalon,http://purl.obolibrary.org/obo/UBERON_0001062,1,orcid:0000-0002-7500-8096|orcid:0000-0001-8314-2140,orcid:0000-0002-7500-8096,2025-06-05,semapv:MappingReview
http://id.nlm.nih.gov/mesh/M0328548,Intralaminar Thalamic Nuclei,http://id.nlm.nih.gov/mesh/vocab#Concept,skos:exactMatch,http://purl.obolibrary.org/obo/UBERON_0002733,intralaminar nuclear group,http://purl.obolibrary.org/obo/UBERON_0001062,1,orcid:0000-0002-7500-8096|orcid:0000-0001-8314-2140,orcid:0000-0002-7500-8096,2025-06-05,semapv:MappingReview
http://id.nlm.nih.gov/mesh/M0328550,Islands of Calleja,http://id.nlm.nih.gov/mesh/vocab#Concept,skos:exactMatch,http://purl.obolibrary.org/obo/UBERON_0001881,island of Calleja,http://purl.obolibrary.org/obo/UBERON_0001062,1,orcid:0000-0002-7500-8096|orcid:0000-0001-8314-2140,orcid:0000-0002-7500-8096,2025-06-05,semapv:MappingReview
http://id.nlm.nih.gov/mesh/M0328553,Parahippocampal Gyrus,http://id.nlm.nih.gov/mesh/vocab#Concept,skos:exactMatch,http://purl.obolibrary.org/obo/UBERON_0002973,parahippocampal gyrus,http://purl.obolibrary.org/obo/UBERON_0001062,1,orcid:0000-0002-7500-8096|orcid:0000-0001-8314-2140,orcid:0000-0002-7500-8096,2025-06-05,semapv:MappingReview
http://id.nlm.nih.gov/mesh/M0328556,Posterior Cerebral Artery,http://id.nlm.nih.gov/mesh/vocab#Concept,skos:exactMatch,http://purl.obolibrary.org/obo/UBERON_0001636,posterior cerebral artery,http://purl.obolibrary.org/obo/UBERON_0001062,1,orcid:0000-0002-7500-8096|orcid:0000-0001-8314-2140,orcid:0000-0002-7500-8096,2025-06-05,semapv:MappingReview
http://id.nlm.nih.gov/mesh/M0328557,Lateral Thalamic Nuclei,http://id.nlm.nih.gov/mesh/vocab#Concept,skos:exactMatch,http://purl.obolibrary.org/obo/UBERON_0002736,lateral nuclear group of thalamus,http://purl.obolibrary.org/obo/UBERON_0001062,1,orcid:0000-0002-7500-8096|orcid:0000-0001-8314-2140,orcid:0000-0002-7500-8096,2025-06-05,semapv:MappingReview
http://id.nlm.nih.gov/mesh/M0328558,Posterior Horn Cells,http://id.nlm.nih.gov/mesh/vocab#Concept,skos:exactMatch,http://purl.obolibrary.org/obo/CL_0011000,dorsal horn interneuron,http://purl.obolibrary.org/obo/CL_0000000,1,orcid:0000-0002-7500-8096|orcid:0000-0001-8314-2140,orcid:0000-0002-7500-8096,2025-06-05,semapv:MappingReview
http://id.nlm.nih.gov/mesh/M0328559,Posterior Thalamic Nuclei,http://id.nlm.nih.gov/mesh/vocab#Concept,skos:exactMatch,http://purl.obolibrary.org/obo/UBERON_0002709,posterior nuclear complex of thalamus,http://purl.obolibrary.org/obo/UBERON_0001062,1,orcid:0000-0002-7500-8096|orcid:0000-0001-8314-2140,orcid:0000-0002-7500-8096,2025-06-05,semapv:MappingReview
http://id.nlm.nih.gov/mesh/M0328563,Pulvinar,http://id.nlm.nih.gov/mesh/vocab#Concept,skos:exactMatch,http://purl.obolibrary.org/obo/UBERON_0002981,pulvinar nucleus,http://purl.obolibrary.org/obo/UBERON_0001062,1,orcid:0000-0002-7500-8096|orcid:0000-0001-8314-2140,orcid:0000-0002-7500-8096,2025-06-05,semapv:MappingReview
http://id.nlm.nih.gov/mesh/M0328564,Lateral Ventricles,http://id.nlm.nih.gov/mesh/vocab#Concept,skos:exactMatch,http://purl.obolibrary.org/obo/UBERON_0002285,telencephalic ventricle,http://purl.obolibrary.org/obo/UBERON_0001062,1,orcid:0000-0002-7500-8096|orcid:0000-0001-8314-2140,orcid:0000-0002-7500-8096,2025-06-05,semapv:MappingReview
http://id.nlm.nih.gov/mesh/M0328566,Septum of Brain,http://id.nlm.nih.gov/mesh/vocab#Concept,skos:exactMatch,http://purl.obolibrary.org/obo/UBERON_0000446,septum of telencephalon,http://purl.obolibrary.org/obo/UBERON_0001062,1,orcid:0000-0002-7500-8096|orcid:0000-0001-8314-2140,orcid:0000-0002-7500-8096,2025-06-05,semapv:MappingReview
http://id.nlm.nih.gov/mesh/M0328573,Spinocerebellar Tracts,http://id.nlm.nih.gov/mesh/vocab#Concept,skos:exactMatch,http://purl.obolibrary.org/obo/UBERON_0005413,spinocerebellar tract,http://purl.obolibrary.org/obo/UBERON_0001062,1,orcid:0000-0002-7500-8096|orcid:0000-0001-8314-2140,orcid:0000-0002-7500-8096,2025-06-05,semapv:MappingReview
http://id.nlm.nih.gov/mesh/M0328575,Subthalamic Nucleus,http://id.nlm.nih.gov/mesh/vocab#Concept,skos:exactMatch,http://purl.obolibrary.org/obo/UBERON_0001906,subthalamic nucleus,http://purl.obolibrary.org/obo/UBERON_0001062,1,orcid:0000-0002-7500-8096|orcid:0000-0001-8314-2140,orcid:0000-0002-7500-8096,2025-06-05,semapv:MappingReview
http://id.nlm.nih.gov/mesh/M0328577,Subthalamus,http://id.nlm.nih.gov/mesh/vocab#Concept,skos:exactMatch,http://purl.obolibrary.org/obo/UBERON_0001900,ventral thalamus,http://purl.obolibrary.org/obo/UBERON_0001062,1,orcid:0000-0002-7500-8096|orcid:0000-0001-8314-2140,orcid:0000-0002-7500-8096,2025-06-05,semapv:MappingReview
http://id.nlm.nih.gov/mesh/M0328582,Third Ventricle,http://id.nlm.nih.gov/mesh/vocab#Concept,skos:exactMatch,http://purl.obolibrary.org/obo/UBERON_0002286,third ventricle,http://purl.obolibrary.org/obo/UBERON_0001062,1,orcid:0000-0002-7500-8096|orcid:0000-0001-8314-2140,orcid:0000-0002-7500-8096,2025-06-05,semapv:MappingReview
http://id.nlm.nih.gov/mesh/M0328588,Ventral Thalamic Nuclei,http://id.nlm.nih.gov/mesh/vocab#Concept,skos:exactMatch,http://purl.obolibrary.org/obo/UBERON_0002776,ventral nuclear group,http://purl.obolibrary.org/obo/UBERON_0001062,1,orcid:0000-0002-7500-8096|orcid:0000-0001-8314-2140,orcid:0000-0002-7500-8096,2025-06-05,semapv:MappingReview
http://id.nlm.nih.gov/mesh/M0328588,Ventral Thalamic Nuclei,http://id.nlm.nih.gov/mesh/vocab#Concept,skos:exactMatch,http://purl.obolibrary.org/obo/UBERON_0015234,nucleus of ventral thalamus,http://purl.obolibrary.org/obo/UBERON_0001062,1,orcid:0000-0002-7500-8096|orcid:0000-0001-8314-2140,orcid:0000-0002-7500-8096,2025-06-05,semapv:MappingReview
http://id.nlm.nih.gov/mesh/M0332426,Ventral Striatum,http://id.nlm.nih.gov/mesh/vocab#Concept,skos:exactMatch,http://purl.obolibrary.org/obo/UBERON_0005403,ventral striatum,http://purl.obolibrary.org/obo/UBERON_0001062,1,orcid:0000-0002-7500-8096|orcid:0000-0001-8314-2140,orcid:0000-0002-7500-8096,2025-06-05,semapv:MappingReview
http://id.nlm.nih.gov/mesh/M0333074,Optic Tract,http://id.nlm.nih.gov/mesh/vocab#Concept,skos:exactMatch,http://purl.obolibrary.org/obo/UBERON_0001908,optic tract,http://purl.obolibrary.org/obo/UBERON_0001062,1,orcid:0000-0002-7500-8096|orcid:0000-0001-8314-2140,orcid:0000-0002-7500-8096,2025-06-05,semapv:MappingReview
http://id.nlm.nih.gov/mesh/M0336787,Fibrocartilage,http://id.nlm.nih.gov/mesh/vocab#Concept,skos:exactMatch,http://purl.obolibrary.org/obo/UBERON_0001995,fibrocartilage,http://purl.obolibrary.org/obo/UBERON_0001062,1,orcid:0000-0002-7500-8096|orcid:0000-0001-8314-2140,orcid:0000-0002-7500-8096,2025-06-05,semapv:MappingReview
http://id.nlm.nih.gov/mesh/M0336841,"Palate, Hard",http://id.nlm.nih.gov/mesh/vocab#Concept,skos:exactMatch,http://purl.obolibrary.org/obo/UBERON_0003216,hard palate,http://purl.obolibrary.org/obo/UBERON_0001062,1,orcid:0000-0002-7500-8096|orcid:0000-0001-8314-2140,orcid:0000-0002-7500-8096,2025-06-05,semapv:MappingReview
http://id.nlm.nih.gov/mesh/M0336842,"Pancreas, Exocrine",http://id.nlm.nih.gov/mesh/vocab#Concept,skos:exactMatch,http://purl.obolibrary.org/obo/UBERON_0000017,exocrine pancreas,http://purl.obolibrary.org/obo/UBERON_0001062,1,orcid:0000-0002-7500-8096|orcid:0000-0001-8314-2140,orcid:0000-0002-7500-8096,2025-06-05,semapv:MappingReview
http://id.nlm.nih.gov/mesh/M0337473,Zona Incerta,http://id.nlm.nih.gov/mesh/vocab#Concept,skos:exactMatch,http://purl.obolibrary.org/obo/UBERON_0001907,zona incerta,http://purl.obolibrary.org/obo/UBERON_0001062,1,orcid:0000-0002-7500-8096|orcid:0000-0001-8314-2140,orcid:0000-0002-7500-8096,2025-06-05,semapv:MappingReview
http://id.nlm.nih.gov/mesh/M0352484,Scaphoid Bone,http://id.nlm.nih.gov/mesh/vocab#Concept,skos:exactMatch,http://purl.obolibrary.org/obo/UBERON_0001427,radiale,http://purl.obolibrary.org/obo/UBERON_0001062,1,orcid:0000-0002-7500-8096|orcid:0000-0001-8314-2140,orcid:0000-0002-7500-8096,2025-06-05,semapv:MappingReview
http://id.nlm.nih.gov/mesh/M0355508,Zygapophyseal Joint,http://id.nlm.nih.gov/mesh/vocab#Concept,skos:exactMatch,http://purl.obolibrary.org/obo/UBERON_0001067,vertebral arch joint,http://purl.obolibrary.org/obo/UBERON_0001062,1,orcid:0000-0002-7500-8096|orcid:0000-0001-8314-2140,orcid:0000-0002-7500-8096,2025-06-05,semapv:MappingReview
http://id.nlm.nih.gov/mesh/M0362090,Myeloid Progenitor Cells,http://id.nlm.nih.gov/mesh/vocab#Concept,skos:exactMatch,http://purl.obolibrary.org/obo/CL_0000049,common myeloid progenitor,http://purl.obolibrary.org/obo/CL_0000000,1,orcid:0000-0002-7500-8096|orcid:0000-0001-8314-2140,orcid:0000-0002-7500-8096,2025-06-05,semapv:MappingReview
http://id.nlm.nih.gov/mesh/M0362090,Myeloid Progenitor Cells,http://id.nlm.nih.gov/mesh/vocab#Concept,skos:exactMatch,http://purl.obolibrary.org/obo/CL_0000839,myeloid lineage restricted progenitor cell,http://purl.obolibrary.org/obo/CL_0000000,1,orcid:0000-0002-7500-8096,orcid:0000-0002-7500-8096,2025-06-05,semapv:MappingReview
http://id.nlm.nih.gov/mesh/M0370345,Gastroepiploic Artery,http://id.nlm.nih.gov/mesh/vocab#Concept,skos:exactMatch,http://purl.obolibrary.org/obo/UBERON_0009025,gastroepiploic artery,http://purl.obolibrary.org/obo/UBERON_0001062,1,orcid:0000-0002-7500-8096|orcid:0000-0001-8314-2140,orcid:0000-0002-7500-8096,2025-06-05,semapv:MappingReview
http://id.nlm.nih.gov/mesh/M0373280,Amacrine Cells,http://id.nlm.nih.gov/mesh/vocab#Concept,skos:exactMatch,http://purl.obolibrary.org/obo/CL_0000561,amacrine cell,http://purl.obolibrary.org/obo/CL_0000000,1,orcid:0000-0002-7500-8096|orcid:0000-0001-8314-2140,orcid:0000-0002-7500-8096,2025-06-05,semapv:MappingReview
http://id.nlm.nih.gov/mesh/M0378494,Nitrergic Neurons,http://id.nlm.nih.gov/mesh/vocab#Concept,skos:exactMatch,http://purl.obolibrary.org/obo/CL_0000528,nitrergic neuron,http://purl.obolibrary.org/obo/CL_0000000,1,orcid:0000-0002-7500-8096|orcid:0000-0001-8314-2140,orcid:0000-0002-7500-8096,2025-06-05,semapv:MappingReview
http://id.nlm.nih.gov/mesh/M0398498,Area Postrema,http://id.nlm.nih.gov/mesh/vocab#Concept,skos:exactMatch,http://purl.obolibrary.org/obo/UBERON_0002162,area postrema,http://purl.obolibrary.org/obo/UBERON_0001062,1,orcid:0000-0002-7500-8096|orcid:0000-0001-8314-2140,orcid:0000-0002-7500-8096,2025-06-05,semapv:MappingReview
http://id.nlm.nih.gov/mesh/M0400427,"Myocytes, Cardiac",http://id.nlm.nih.gov/mesh/vocab#Concept,skos:exactMatch,http://purl.obolibrary.org/obo/CL_0000746,cardiac muscle cell,http://purl.obolibrary.org/obo/CL_0000000,1,orcid:0000-0002-7500-8096|orcid:0000-0001-8314-2140,orcid:0000-0002-7500-8096,2025-06-05,semapv:MappingReview
http://id.nlm.nih.gov/mesh/M0400431,"Myoblasts, Cardiac",http://id.nlm.nih.gov/mesh/vocab#Concept,skos:exactMatch,http://purl.obolibrary.org/obo/CL_0010021,cardiac myoblast,http://purl.obolibrary.org/obo/CL_0000000,1,orcid:0000-0002-7500-8096|orcid:0000-0001-8314-2140,orcid:0000-0002-7500-8096,2025-06-05,semapv:MappingReview
http://id.nlm.nih.gov/mesh/M0401762,Foot Joints,http://id.nlm.nih.gov/mesh/vocab#Concept,skos:exactMatch,http://purl.obolibrary.org/obo/UBERON_0001487,pes joint,http://purl.obolibrary.org/obo/UBERON_0001062,1,orcid:0000-0002-7500-8096,orcid:0000-0002-7500-8096,2025-06-05,semapv:MappingReview
http://id.nlm.nih.gov/mesh/M0407094,"Cranial Fossa, Anterior",http://id.nlm.nih.gov/mesh/vocab#Concept,skos:exactMatch,http://purl.obolibrary.org/obo/UBERON_0003720,anterior cranial fossa,http://purl.obolibrary.org/obo/UBERON_0001062,1,orcid:0000-0002-7500-8096|orcid:0000-0001-8314-2140,orcid:0000-0002-7500-8096,2025-06-05,semapv:MappingReview
http://id.nlm.nih.gov/mesh/M0407251,"Cranial Fossa, Middle",http://id.nlm.nih.gov/mesh/vocab#Concept,skos:exactMatch,http://purl.obolibrary.org/obo/UBERON_0003722,middle cranial fossa,http://purl.obolibrary.org/obo/UBERON_0001062,1,orcid:0000-0002-7500-8096|orcid:0000-0001-8314-2140,orcid:0000-0002-7500-8096,2025-06-05,semapv:MappingReview
http://id.nlm.nih.gov/mesh/M0409789,"Nerve Fibers, Unmyelinated",http://id.nlm.nih.gov/mesh/vocab#Concept,skos:exactMatch,http://purl.obolibrary.org/obo/UBERON_0006136,unmyelinated nerve fiber,http://purl.obolibrary.org/obo/UBERON_0001062,1,orcid:0000-0002-7500-8096|orcid:0000-0001-8314-2140,orcid:0000-0002-7500-8096,2025-06-05,semapv:MappingReview
http://id.nlm.nih.gov/mesh/M0439053,Upper Gastrointestinal Tract,http://id.nlm.nih.gov/mesh/vocab#Concept,skos:exactMatch,http://purl.obolibrary.org/obo/UBERON_0004908,upper digestive tract,http://purl.obolibrary.org/obo/UBERON_0001062,1,orcid:0000-0002-7500-8096|orcid:0000-0001-8314-2140,orcid:0000-0002-7500-8096,2025-06-05,semapv:MappingReview
http://id.nlm.nih.gov/mesh/M0439054,Lower Gastrointestinal Tract,http://id.nlm.nih.gov/mesh/vocab#Concept,skos:exactMatch,http://purl.obolibrary.org/obo/UBERON_0004907,lower digestive tract,http://purl.obolibrary.org/obo/UBERON_0001062,1,orcid:0000-0002-7500-8096|orcid:0000-0001-8314-2140,orcid:0000-0002-7500-8096,2025-06-05,semapv:MappingReview
http://id.nlm.nih.gov/mesh/M0439813,Gastrointestinal Tract,http://id.nlm.nih.gov/mesh/vocab#Concept,skos:exactMatch,http://purl.obolibrary.org/obo/UBERON_0001555,digestive tract,http://purl.obolibrary.org/obo/UBERON_0001062,1,orcid:0000-0002-7500-8096|orcid:0000-0001-8314-2140,orcid:0000-0002-7500-8096,2025-06-05,semapv:MappingReview
http://id.nlm.nih.gov/mesh/M0441093,"Mammary Glands, Human",http://id.nlm.nih.gov/mesh/vocab#Concept,skos:exactMatch,http://purl.obolibrary.org/obo/UBERON_0001911,mammary gland,http://purl.obolibrary.org/obo/UBERON_0001062,1,orcid:0000-0002-7500-8096|orcid:0000-0001-8314-2140,orcid:0000-0002-7500-8096,2025-06-05,semapv:MappingReview
http://id.nlm.nih.gov/mesh/M0441193,Granulocyte Precursor Cells,http://id.nlm.nih.gov/mesh/vocab#Concept,skos:exactMatch,http://purl.obolibrary.org/obo/CL_0002191,granulocytopoietic cell,http://purl.obolibrary.org/obo/CL_0000000,1,orcid:0000-0002-7500-8096,orcid:0000-0002-7500-8096,2025-06-05,semapv:MappingReview
http://id.nlm.nih.gov/mesh/M0441573,Lymphatic Vessels,http://id.nlm.nih.gov/mesh/vocab#Concept,skos:exactMatch,http://purl.obolibrary.org/obo/UBERON_0001473,lymphatic vessel,http://purl.obolibrary.org/obo/UBERON_0001062,1,orcid:0000-0002-7500-8096|orcid:0000-0001-8314-2140,orcid:0000-0002-7500-8096,2025-06-05,semapv:MappingReview
http://id.nlm.nih.gov/mesh/M0443760,"Colon, Ascending",http://id.nlm.nih.gov/mesh/vocab#Concept,skos:exactMatch,http://purl.obolibrary.org/obo/UBERON_0001156,ascending colon,http://purl.obolibrary.org/obo/UBERON_0001062,1,orcid:0000-0002-7500-8096|orcid:0000-0001-8314-2140,orcid:0000-0002-7500-8096,2025-06-05,semapv:MappingReview
http://id.nlm.nih.gov/mesh/M0443761,"Colon, Transverse",http://id.nlm.nih.gov/mesh/vocab#Concept,skos:exactMatch,http://purl.obolibrary.org/obo/UBERON_0001157,transverse colon,http://purl.obolibrary.org/obo/UBERON_0001062,1,orcid:0000-0002-7500-8096|orcid:0000-0001-8314-2140,orcid:0000-0002-7500-8096,2025-06-05,semapv:MappingReview
http://id.nlm.nih.gov/mesh/M0443762,"Colon, Descending",http://id.nlm.nih.gov/mesh/vocab#Concept,skos:exactMatch,http://purl.obolibrary.org/obo/UBERON_0001158,descending colon,http://purl.obolibrary.org/obo/UBERON_0001062,1,orcid:0000-0002-7500-8096|orcid:0000-0001-8314-2140,orcid:0000-0002-7500-8096,2025-06-05,semapv:MappingReview
http://id.nlm.nih.gov/mesh/M0446826,Serum,http://id.nlm.nih.gov/mesh/vocab#Concept,skos:exactMatch,http://purl.obolibrary.org/obo/UBERON_0001977,blood serum,http://purl.obolibrary.org/obo/UBERON_0001062,1,orcid:0000-0002-7500-8096|orcid:0000-0001-8314-2140,orcid:0000-0002-7500-8096,2025-06-05,semapv:MappingReview
http://id.nlm.nih.gov/mesh/M0447015,Pedunculopontine Tegmental Nucleus,http://id.nlm.nih.gov/mesh/vocab#Concept,skos:exactMatch,http://purl.obolibrary.org/obo/UBERON_0002142,pedunculopontine tegmental nucleus,http://purl.obolibrary.org/obo/UBERON_0001062,1,orcid:0000-0002-7500-8096|orcid:0000-0001-8314-2140,orcid:0000-0002-7500-8096,2025-06-05,semapv:MappingReview
http://id.nlm.nih.gov/mesh/M0454724,Neuroepithelial Bodies,http://id.nlm.nih.gov/mesh/vocab#Concept,skos:exactMatch,http://purl.obolibrary.org/obo/UBERON_0010002,pulmonary neuroendocrine body,http://purl.obolibrary.org/obo/UBERON_0001062,1,orcid:0000-0002-7500-8096|orcid:0000-0001-8314-2140,orcid:0000-0002-7500-8096,2025-06-05,semapv:MappingReview
http://id.nlm.nih.gov/mesh/M0454726,Neuroepithelial Cells,http://id.nlm.nih.gov/mesh/vocab#Concept,skos:exactMatch,http://purl.obolibrary.org/obo/CL_0000098,sensory epithelial cell,http://purl.obolibrary.org/obo/CL_0000000,1,orcid:0000-0002-7500-8096|orcid:0000-0001-8314-2140,orcid:0000-0002-7500-8096,2025-06-05,semapv:MappingReview
http://id.nlm.nih.gov/mesh/M0456567,Adventitia,http://id.nlm.nih.gov/mesh/vocab#Concept,skos:exactMatch,http://purl.obolibrary.org/obo/UBERON_0005742,adventitia,http://purl.obolibrary.org/obo/UBERON_0001062,1,orcid:0000-0002-7500-8096|orcid:0000-0001-8314-2140,orcid:0000-0002-7500-8096,2025-06-05,semapv:MappingReview
http://id.nlm.nih.gov/mesh/M0464456,Blood-Nerve Barrier,http://id.nlm.nih.gov/mesh/vocab#Concept,skos:exactMatch,http://purl.obolibrary.org/obo/UBERON_0003209,blood nerve barrier,http://purl.obolibrary.org/obo/UBERON_0001062,1,orcid:0000-0002-7500-8096,orcid:0000-0002-7500-8096,2025-06-05,semapv:MappingReview
http://id.nlm.nih.gov/mesh/M0466566,"Esophageal Sphincter, Lower",http://id.nlm.nih.gov/mesh/vocab#Concept,skos:exactMatch,http://purl.obolibrary.org/obo/UBERON_0004550,gastroesophageal sphincter,http://purl.obolibrary.org/obo/UBERON_0001062,1,orcid:0000-0002-7500-8096|orcid:0000-0001-8314-2140,orcid:0000-0002-7500-8096,2025-06-05,semapv:MappingReview
http://id.nlm.nih.gov/mesh/M0466574,"Esophageal Sphincter, Upper",http://id.nlm.nih.gov/mesh/vocab#Concept,skos:exactMatch,http://purl.obolibrary.org/obo/UBERON_0007268,upper esophageal sphincter,http://purl.obolibrary.org/obo/UBERON_0001062,1,orcid:0000-0002-7500-8096|orcid:0000-0001-8314-2140,orcid:0000-0002-7500-8096,2025-06-05,semapv:MappingReview
http://id.nlm.nih.gov/mesh/M0472875,Subcutaneous Fat,http://id.nlm.nih.gov/mesh/vocab#Concept,skos:exactMatch,http://purl.obolibrary.org/obo/UBERON_0002190,subcutaneous adipose tissue,http://purl.obolibrary.org/obo/UBERON_0001062,1,orcid:0000-0002-7500-8096|orcid:0000-0001-8314-2140,orcid:0000-0002-7500-8096,2025-06-05,semapv:MappingReview
http://id.nlm.nih.gov/mesh/M0472882,Intra-Abdominal Fat,http://id.nlm.nih.gov/mesh/vocab#Concept,skos:exactMatch,http://purl.obolibrary.org/obo/UBERON_0014454,visceral abdominal adipose tissue,http://purl.obolibrary.org/obo/UBERON_0001062,1,orcid:0000-0002-7500-8096|orcid:0000-0001-8314-2140,orcid:0000-0002-7500-8096,2025-06-05,semapv:MappingReview
http://id.nlm.nih.gov/mesh/M0472886,"Subcutaneous Fat, Abdominal",http://id.nlm.nih.gov/mesh/vocab#Concept,skos:exactMatch,http://purl.obolibrary.org/obo/UBERON_0014455,subcutaneous abdominal adipose tissue,http://purl.obolibrary.org/obo/UBERON_0001062,1,orcid:0000-0002-7500-8096|orcid:0000-0001-8314-2140,orcid:0000-0002-7500-8096,2025-06-05,semapv:MappingReview
http://id.nlm.nih.gov/mesh/M0472888,Abdominal Fat,http://id.nlm.nih.gov/mesh/vocab#Concept,skos:exactMatch,http://purl.obolibrary.org/obo/UBERON_0007808,adipose tissue of abdominal region,http://purl.obolibrary.org/obo/UBERON_0001062,1,orcid:0000-0002-7500-8096|orcid:0000-0001-8314-2140,orcid:0000-0002-7500-8096,2025-06-05,semapv:MappingReview
http://id.nlm.nih.gov/mesh/M0473246,Podocytes,http://id.nlm.nih.gov/mesh/vocab#Concept,skos:exactMatch,http://purl.obolibrary.org/obo/CL_0000653,podocyte,http://purl.obolibrary.org/obo/CL_0000000,1,orcid:0000-0002-7500-8096|orcid:0000-0001-8314-2140,orcid:0000-0002-7500-8096,2025-06-05,semapv:MappingReview
http://id.nlm.nih.gov/mesh/M0473609,Hand Bones,http://id.nlm.nih.gov/mesh/vocab#Concept,skos:exactMatch,http://purl.obolibrary.org/obo/UBERON_0005897,manus bone,http://purl.obolibrary.org/obo/UBERON_0001062,1,orcid:0000-0002-7500-8096|orcid:0000-0001-8314-2140,orcid:0000-0002-7500-8096,2025-06-05,semapv:MappingReview
http://id.nlm.nih.gov/mesh/M0473616,Toe Phalanges,http://id.nlm.nih.gov/mesh/vocab#Concept,skos:exactMatch,http://purl.obolibrary.org/obo/UBERON_0001449,phalanx of pes,http://purl.obolibrary.org/obo/UBERON_0001062,1,orcid:0000-0002-7500-8096|orcid:0000-0001-8314-2140,orcid:0000-0002-7500-8096,2025-06-05,semapv:MappingReview
http://id.nlm.nih.gov/mesh/M0473618,Finger Phalanges,http://id.nlm.nih.gov/mesh/vocab#Concept,skos:exactMatch,http://purl.obolibrary.org/obo/UBERON_0001436,phalanx of manus,http://purl.obolibrary.org/obo/UBERON_0001062,1,orcid:0000-0002-7500-8096|orcid:0000-0001-8314-2140,orcid:0000-0002-7500-8096,2025-06-05,semapv:MappingReview
http://id.nlm.nih.gov/mesh/M0473619,Metacarpal Bones,http://id.nlm.nih.gov/mesh/vocab#Concept,skos:exactMatch,http://purl.obolibrary.org/obo/UBERON_0002374,metacarpal bone,http://purl.obolibrary.org/obo/UBERON_0001062,1,orcid:0000-0002-7500-8096|orcid:0000-0001-8314-2140,orcid:0000-0002-7500-8096,2025-06-05,semapv:MappingReview
http://id.nlm.nih.gov/mesh/M0473690,Bones of Lower Extremity,http://id.nlm.nih.gov/mesh/vocab#Concept,skos:exactMatch,http://purl.obolibrary.org/obo/UBERON_0010742,bone of pelvic complex,http://purl.obolibrary.org/obo/UBERON_0001062,1,orcid:0000-0002-7500-8096|orcid:0000-0001-8314-2140,orcid:0000-0002-7500-8096,2025-06-05,semapv:MappingReview
http://id.nlm.nih.gov/mesh/M0475038,Pancreatic Polypeptide-Secreting Cells,http://id.nlm.nih.gov/mesh/vocab#Concept,skos:exactMatch,http://purl.obolibrary.org/obo/CL_0002275,pancreatic PP cell,http://purl.obolibrary.org/obo/CL_0000000,1,orcid:0000-0002-7500-8096|orcid:0000-0001-8314-2140,orcid:0000-0002-7500-8096,2025-06-05,semapv:MappingReview
http://id.nlm.nih.gov/mesh/M0475586,Bowman Capsule,http://id.nlm.nih.gov/mesh/vocab#Concept,skos:exactMatch,http://purl.obolibrary.org/obo/UBERON_0001230,glomerular capsule,http://purl.obolibrary.org/obo/UBERON_0001062,1,orcid:0000-0002-7500-8096|orcid:0000-0001-8314-2140,orcid:0000-0002-7500-8096,2025-06-05,semapv:MappingReview
http://id.nlm.nih.gov/mesh/M0475996,Mesangial Cells,http://id.nlm.nih.gov/mesh/vocab#Concept,skos:exactMatch,http://purl.obolibrary.org/obo/CL_0000650,mesangial cell,http://purl.obolibrary.org/obo/CL_0000000,1,orcid:0000-0002-7500-8096|orcid:0000-0001-8314-2140,orcid:0000-0002-7500-8096,2025-06-05,semapv:MappingReview
http://id.nlm.nih.gov/mesh/M0476074,Glomerular Basement Membrane,http://id.nlm.nih.gov/mesh/vocab#Concept,skos:exactMatch,http://purl.obolibrary.org/obo/UBERON_0005777,glomerular basement membrane,http://purl.obolibrary.org/obo/UBERON_0001062,1,orcid:0000-0002-7500-8096|orcid:0000-0001-8314-2140,orcid:0000-0002-7500-8096,2025-06-05,semapv:MappingReview
http://id.nlm.nih.gov/mesh/M0476239,Bowman Membrane,http://id.nlm.nih.gov/mesh/vocab#Concept,skos:exactMatch,http://purl.obolibrary.org/obo/UBERON_0004370,anterior limiting lamina of cornea,http://purl.obolibrary.org/obo/UBERON_0001062,1,orcid:0000-0002-7500-8096|orcid:0000-0001-8314-2140,orcid:0000-0002-7500-8096,2025-06-05,semapv:MappingReview
http://id.nlm.nih.gov/mesh/M0478061,Hand Joints,http://id.nlm.nih.gov/mesh/vocab#Concept,skos:exactMatch,http://purl.obolibrary.org/obo/UBERON_0001489,manus joint,http://purl.obolibrary.org/obo/UBERON_0001062,1,orcid:0000-0002-7500-8096|orcid:0000-0001-8314-2140,orcid:0000-0002-7500-8096,2025-06-05,semapv:MappingReview
http://id.nlm.nih.gov/mesh/M0478070,Carpal Joints,http://id.nlm.nih.gov/mesh/vocab#Concept,skos:exactMatch,http://purl.obolibrary.org/obo/UBERON_0011132,intercarpal joint,http://purl.obolibrary.org/obo/UBERON_0001062,1,orcid:0000-0002-7500-8096|orcid:0000-0001-8314-2140,orcid:0000-0002-7500-8096,2025-06-05,semapv:MappingReview
http://id.nlm.nih.gov/mesh/M0479688,Pisiform Bone,http://id.nlm.nih.gov/mesh/vocab#Concept,skos:exactMatch,http://purl.obolibrary.org/obo/UBERON_0001429,pisiform,http://purl.obolibrary.org/obo/UBERON_0001062,1,orcid:0000-0002-7500-8096|orcid:0000-0001-8314-2140,orcid:0000-0002-7500-8096,2025-06-05,semapv:MappingReview
http://id.nlm.nih.gov/mesh/M0479692,Triquetrum Bone,http://id.nlm.nih.gov/mesh/vocab#Concept,skos:exactMatch,http://purl.obolibrary.org/obo/UBERON_0002445,ulnare,http://purl.obolibrary.org/obo/UBERON_0001062,1,orcid:0000-0002-7500-8096|orcid:0000-0001-8314-2140,orcid:0000-0002-7500-8096,2025-06-05,semapv:MappingReview
http://id.nlm.nih.gov/mesh/M0479693,Trapezium Bone,http://id.nlm.nih.gov/mesh/vocab#Concept,skos:exactMatch,http://purl.obolibrary.org/obo/UBERON_0001430,distal carpal bone 1,http://purl.obolibrary.org/obo/UBERON_0001062,1,orcid:0000-0002-7500-8096|orcid:0000-0001-8314-2140,orcid:0000-0002-7500-8096,2025-06-05,semapv:MappingReview
http://id.nlm.nih.gov/mesh/M0479694,Trapezoid Bone,http://id.nlm.nih.gov/mesh/vocab#Concept,skos:exactMatch,http://purl.obolibrary.org/obo/UBERON_0001431,distal carpal bone 2,http://purl.obolibrary.org/obo/UBERON_0001062,1,orcid:0000-0002-7500-8096|orcid:0000-0001-8314-2140,orcid:0000-0002-7500-8096,2025-06-05,semapv:MappingReview
http://id.nlm.nih.gov/mesh/M0479695,Capitate Bone,http://id.nlm.nih.gov/mesh/vocab#Concept,skos:exactMatch,http://purl.obolibrary.org/obo/UBERON_0001432,distal carpal bone 3,http://purl.obolibrary.org/obo/UBERON_0001062,1,orcid:0000-0002-7500-8096|orcid:0000-0001-8314-2140,orcid:0000-0002-7500-8096,2025-06-05,semapv:MappingReview
http://id.nlm.nih.gov/mesh/M0479696,Hamate Bone,http://id.nlm.nih.gov/mesh/vocab#Concept,skos:exactMatch,http://purl.obolibrary.org/obo/UBERON_0001433,distal carpal bone 4,http://purl.obolibrary.org/obo/UBERON_0001062,1,orcid:0000-0002-7500-8096|orcid:0000-0001-8314-2140,orcid:0000-0002-7500-8096,2025-06-05,semapv:MappingReview
http://id.nlm.nih.gov/mesh/M0479891,Retinal Bipolar Cells,http://id.nlm.nih.gov/mesh/vocab#Concept,skos:exactMatch,http://purl.obolibrary.org/obo/CL_0000748,retinal bipolar neuron,http://purl.obolibrary.org/obo/CL_0000000,1,orcid:0000-0002-7500-8096|orcid:0000-0001-8314-2140,orcid:0000-0002-7500-8096,2025-06-05,semapv:MappingReview
http://id.nlm.nih.gov/mesh/M0479896,Retinal Horizontal Cells,http://id.nlm.nih.gov/mesh/vocab#Concept,skos:exactMatch,http://purl.obolibrary.org/obo/CL_0000745,retina horizontal cell,http://purl.obolibrary.org/obo/CL_0000000,1,orcid:0000-0002-7500-8096|orcid:0000-0001-8314-2140,orcid:0000-0002-7500-8096,2025-06-05,semapv:MappingReview
http://id.nlm.nih.gov/mesh/M0480577,Hyaline Cartilage,http://id.nlm.nih.gov/mesh/vocab#Concept,skos:exactMatch,http://purl.obolibrary.org/obo/UBERON_0001994,hyaline cartilage tissue,http://purl.obolibrary.org/obo/UBERON_0001062,1,orcid:0000-0002-7500-8096|orcid:0000-0001-8314-2140,orcid:0000-0002-7500-8096,2025-06-05,semapv:MappingReview
http://id.nlm.nih.gov/mesh/M0480675,Elastic Cartilage,http://id.nlm.nih.gov/mesh/vocab#Concept,skos:exactMatch,http://purl.obolibrary.org/obo/UBERON_0001996,elastic cartilage tissue,http://purl.obolibrary.org/obo/UBERON_0001062,1,orcid:0000-0002-7500-8096|orcid:0000-0001-8314-2140,orcid:0000-0002-7500-8096,2025-06-05,semapv:MappingReview
http://id.nlm.nih.gov/mesh/M0483163,Quadriceps Muscle,http://id.nlm.nih.gov/mesh/vocab#Concept,skos:exactMatch,http://purl.obolibrary.org/obo/UBERON_0001377,quadriceps femoris,http://purl.obolibrary.org/obo/UBERON_0001062,1,orcid:0000-0002-7500-8096,orcid:0000-0002-7500-8096,2025-06-05,semapv:MappingReview
http://id.nlm.nih.gov/mesh/M0486891,"Adipose Tissue, White",http://id.nlm.nih.gov/mesh/vocab#Concept,skos:exactMatch,http://purl.obolibrary.org/obo/UBERON_0001347,white adipose tissue,http://purl.obolibrary.org/obo/UBERON_0001062,1,orcid:0000-0002-7500-8096|orcid:0000-0001-8314-2140,orcid:0000-0002-7500-8096,2025-06-05,semapv:MappingReview
http://id.nlm.nih.gov/mesh/M0488565,Corticotrophs,http://id.nlm.nih.gov/mesh/vocab#Concept,skos:exactMatch,http://purl.obolibrary.org/obo/CL_0002309,corticotroph,http://purl.obolibrary.org/obo/CL_0000000,1,orcid:0000-0002-7500-8096|orcid:0000-0001-8314-2140,orcid:0000-0002-7500-8096,2025-06-05,semapv:MappingReview
http://id.nlm.nih.gov/mesh/M0488566,Gonadotrophs,http://id.nlm.nih.gov/mesh/vocab#Concept,skos:exactMatch,http://purl.obolibrary.org/obo/CL_0000437,gonadtroph,http://purl.obolibrary.org/obo/CL_0000000,1,orcid:0000-0002-7500-8096|orcid:0000-0001-8314-2140,orcid:0000-0002-7500-8096,2025-06-05,semapv:MappingReview
http://id.nlm.nih.gov/mesh/M0488572,Lactotrophs,http://id.nlm.nih.gov/mesh/vocab#Concept,skos:exactMatch,http://purl.obolibrary.org/obo/CL_0002311,mammotroph,http://purl.obolibrary.org/obo/CL_0000000,1,orcid:0000-0002-7500-8096|orcid:0000-0001-8314-2140,orcid:0000-0002-7500-8096,2025-06-05,semapv:MappingReview
http://id.nlm.nih.gov/mesh/M0488576,Somatotrophs,http://id.nlm.nih.gov/mesh/vocab#Concept,skos:exactMatch,http://purl.obolibrary.org/obo/CL_0002312,somatotroph,http://purl.obolibrary.org/obo/CL_0000000,1,orcid:0000-0002-7500-8096|orcid:0000-0001-8314-2140,orcid:0000-0002-7500-8096,2025-06-05,semapv:MappingReview
http://id.nlm.nih.gov/mesh/M0488577,Thyrotrophs,http://id.nlm.nih.gov/mesh/vocab#Concept,skos:exactMatch,http://purl.obolibrary.org/obo/CL_0000476,thyrotroph,http://purl.obolibrary.org/obo/CL_0000000,1,orcid:0000-0002-7500-8096|orcid:0000-0001-8314-2140,orcid:0000-0002-7500-8096,2025-06-05,semapv:MappingReview
http://id.nlm.nih.gov/mesh/M0488957,"Pituitary Gland, Intermediate",http://id.nlm.nih.gov/mesh/vocab#Concept,skos:exactMatch,http://purl.obolibrary.org/obo/UBERON_0002432,pars intermedia of adenohypophysis,http://purl.obolibrary.org/obo/UBERON_0001062,1,orcid:0000-0002-7500-8096|orcid:0000-0001-8314-2140,orcid:0000-0002-7500-8096,2025-06-05,semapv:MappingReview
http://id.nlm.nih.gov/mesh/M0488969,Melanotrophs,http://id.nlm.nih.gov/mesh/vocab#Concept,skos:exactMatch,http://purl.obolibrary.org/obo/CL_0000440,melanocyte stimulating hormone secreting cell,http://purl.obolibrary.org/obo/CL_0000000,1,orcid:0000-0002-7500-8096|orcid:0000-0001-8314-2140,orcid:0000-0002-7500-8096,2025-06-05,semapv:MappingReview
http://id.nlm.nih.gov/mesh/M0489052,Carpometacarpal Joints,http://id.nlm.nih.gov/mesh/vocab#Concept,skos:exactMatch,http://purl.obolibrary.org/obo/UBERON_0011119,carpometacarpal joint,http://purl.obolibrary.org/obo/UBERON_0001062,1,orcid:0000-0002-7500-8096|orcid:0000-0001-8314-2140,orcid:0000-0002-7500-8096,2025-06-05,semapv:MappingReview
http://id.nlm.nih.gov/mesh/M0489550,Foreskin,http://id.nlm.nih.gov/mesh/vocab#Concept,skos:exactMatch,http://purl.obolibrary.org/obo/UBERON_0001332,prepuce of penis,http://purl.obolibrary.org/obo/UBERON_0001062,0.75,orcid:0000-0002-7500-8096|orcid:0000-0001-8314-2140,orcid:0000-0002-7500-8096,2025-06-05,semapv:MappingReview
http://id.nlm.nih.gov/mesh/M0489550,Foreskin,http://id.nlm.nih.gov/mesh/vocab#Concept,skos:exactMatch,http://purl.obolibrary.org/obo/UBERON_0001471,skin of prepuce of penis,http://purl.obolibrary.org/obo/UBERON_0001062,1,orcid:0000-0002-7500-8096,orcid:0000-0002-7500-8096,2025-06-05,semapv:MappingReview
http://id.nlm.nih.gov/mesh/M0500190,Myelencephalon,http://id.nlm.nih.gov/mesh/vocab#Concept,skos:exactMatch,http://purl.obolibrary.org/obo/UBERON_0005290,myelencephalon,http://purl.obolibrary.org/obo/UBERON_0001062,1,orcid:0000-0002-7500-8096,orcid:0000-0002-7500-8096,2025-06-05,semapv:MappingReview
http://id.nlm.nih.gov/mesh/M0500779,Superior Sagittal Sinus,http://id.nlm.nih.gov/mesh/vocab#Concept,skos:exactMatch,http://purl.obolibrary.org/obo/UBERON_0001642,superior sagittal sinus,http://purl.obolibrary.org/obo/UBERON_0001062,1,orcid:0000-0002-7500-8096|orcid:0000-0001-8314-2140,orcid:0000-0002-7500-8096,2025-06-05,semapv:MappingReview
http://id.nlm.nih.gov/mesh/M0500783,Transverse Sinuses,http://id.nlm.nih.gov/mesh/vocab#Concept,skos:exactMatch,http://purl.obolibrary.org/obo/UBERON_0001641,transverse sinus,http://purl.obolibrary.org/obo/UBERON_0001062,1,orcid:0000-0002-7500-8096|orcid:0000-0001-8314-2140,orcid:0000-0002-7500-8096,2025-06-05,semapv:MappingReview
http://id.nlm.nih.gov/mesh/M0501516,Atrial Septum,http://id.nlm.nih.gov/mesh/vocab#Concept,skos:exactMatch,http://purl.obolibrary.org/obo/UBERON_0002085,interatrial septum,http://purl.obolibrary.org/obo/UBERON_0001062,1,orcid:0000-0002-7500-8096|orcid:0000-0001-8314-2140,orcid:0000-0002-7500-8096,2025-06-05,semapv:MappingReview
http://id.nlm.nih.gov/mesh/M0501517,Ventricular Septum,http://id.nlm.nih.gov/mesh/vocab#Concept,skos:exactMatch,http://purl.obolibrary.org/obo/UBERON_0002094,interventricular septum,http://purl.obolibrary.org/obo/UBERON_0001062,1,orcid:0000-0002-7500-8096|orcid:0000-0001-8314-2140,orcid:0000-0002-7500-8096,2025-06-05,semapv:MappingReview
http://id.nlm.nih.gov/mesh/M0501519,Endocardial Cushions,http://id.nlm.nih.gov/mesh/vocab#Concept,skos:exactMatch,http://purl.obolibrary.org/obo/UBERON_0002062,endocardial cushion,http://purl.obolibrary.org/obo/UBERON_0001062,1,orcid:0000-0002-7500-8096|orcid:0000-0001-8314-2140,orcid:0000-0002-7500-8096,2025-06-05,semapv:MappingReview
http://id.nlm.nih.gov/mesh/M0504061,Coronary Sinus,http://id.nlm.nih.gov/mesh/vocab#Concept,skos:exactMatch,http://purl.obolibrary.org/obo/UBERON_0005438,coronary sinus,http://purl.obolibrary.org/obo/UBERON_0001062,1,orcid:0000-0002-7500-8096|orcid:0000-0001-8314-2140,orcid:0000-0002-7500-8096,2025-06-05,semapv:MappingReview
http://id.nlm.nih.gov/mesh/M0505623,Lymphoid Progenitor Cells,http://id.nlm.nih.gov/mesh/vocab#Concept,skos:exactMatch,http://purl.obolibrary.org/obo/CL_0000838,lymphoid lineage restricted progenitor cell,http://purl.obolibrary.org/obo/CL_0000000,1,orcid:0000-0002-7500-8096,orcid:0000-0002-7500-8096,2025-06-05,semapv:MappingReview
http://id.nlm.nih.gov/mesh/M0508245,von Ebner Glands,http://id.nlm.nih.gov/mesh/vocab#Concept,skos:exactMatch,http://purl.obolibrary.org/obo/UBERON_0013475,gustatory gland,http://purl.obolibrary.org/obo/UBERON_0001062,1,orcid:0000-0002-7500-8096|orcid:0000-0001-8314-2140,orcid:0000-0002-7500-8096,2025-06-05,semapv:MappingReview
http://id.nlm.nih.gov/mesh/M0508604,Cumulus Cells,http://id.nlm.nih.gov/mesh/vocab#Concept,skos:exactMatch,http://purl.obolibrary.org/obo/CL_0000711,cumulus cell,http://purl.obolibrary.org/obo/CL_0000000,1,orcid:0000-0002-7500-8096|orcid:0000-0001-8314-2140,orcid:0000-0002-7500-8096,2025-06-05,semapv:MappingReview
http://id.nlm.nih.gov/mesh/M0512588,Granulocyte-Macrophage Progenitor Cells,http://id.nlm.nih.gov/mesh/vocab#Concept,skos:exactMatch,http://purl.obolibrary.org/obo/CL_0000557,granulocyte monocyte progenitor cell,http://purl.obolibrary.org/obo/CL_0000000,1,orcid:0000-0002-7500-8096,orcid:0000-0002-7500-8096,2025-06-05,semapv:MappingReview
http://id.nlm.nih.gov/mesh/M0512633,Megakaryocyte-Erythroid Progenitor Cells,http://id.nlm.nih.gov/mesh/vocab#Concept,skos:exactMatch,http://purl.obolibrary.org/obo/CL_0000050,megakaryocyte-erythroid progenitor cell,http://purl.obolibrary.org/obo/CL_0000000,1,orcid:0000-0002-7500-8096|orcid:0000-0001-8314-2140,orcid:0000-0002-7500-8096,2025-06-05,semapv:MappingReview
http://id.nlm.nih.gov/mesh/M0512634,Megakaryocyte Progenitor Cells,http://id.nlm.nih.gov/mesh/vocab#Concept,skos:exactMatch,http://purl.obolibrary.org/obo/CL_0000553,megakaryocyte progenitor cell,http://purl.obolibrary.org/obo/CL_0000000,1,orcid:0000-0002-7500-8096|orcid:0000-0001-8314-2140,orcid:0000-0002-7500-8096,2025-06-05,semapv:MappingReview
http://id.nlm.nih.gov/mesh/M0512646,Monocyte-Macrophage Precursor Cells,http://id.nlm.nih.gov/mesh/vocab#Concept,skos:exactMatch,http://purl.obolibrary.org/obo/CL_0002194,monopoietic cell,http://purl.obolibrary.org/obo/CL_0000000,1,orcid:0000-0002-7500-8096|orcid:0000-0001-8314-2140,orcid:0000-0002-7500-8096,2025-06-05,semapv:MappingReview
http://id.nlm.nih.gov/mesh/M0514761,Velopharyngeal Sphincter,http://id.nlm.nih.gov/mesh/vocab#Concept,skos:exactMatch,http://purl.obolibrary.org/obo/UBERON_0018103,posterior fascicle of palatopharyngeus,http://purl.obolibrary.org/obo/UBERON_0001062,1,orcid:0000-0002-7500-8096,orcid:0000-0002-7500-8096,2025-06-05,semapv:MappingReview
http://id.nlm.nih.gov/mesh/M0514975,Nasal Cartilages,http://id.nlm.nih.gov/mesh/vocab#Concept,skos:exactMatch,http://purl.obolibrary.org/obo/UBERON_0001823,nasal cartilage,http://purl.obolibrary.org/obo/UBERON_0001062,1,orcid:0000-0002-7500-8096|orcid:0000-0001-8314-2140,orcid:0000-0002-7500-8096,2025-06-05,semapv:MappingReview
http://id.nlm.nih.gov/mesh/M0514991,Vomer,http://id.nlm.nih.gov/mesh/vocab#Concept,skos:exactMatch,http://purl.obolibrary.org/obo/UBERON_0002396,vomer,http://purl.obolibrary.org/obo/UBERON_0001062,1,orcid:0000-0002-7500-8096|orcid:0000-0001-8314-2140,orcid:0000-0002-7500-8096,2025-06-05,semapv:MappingReview
http://id.nlm.nih.gov/mesh/M0515670,Retinal Photoreceptor Cell Outer Segment,http://id.nlm.nih.gov/mesh/vocab#Concept,skos:exactMatch,http://purl.obolibrary.org/obo/UBERON_0003926,photoreceptor outer segment layer,http://purl.obolibrary.org/obo/UBERON_0001062,1,orcid:0000-0002-7500-8096,orcid:0000-0002-7500-8096,2025-06-05,semapv:MappingReview
http://id.nlm.nih.gov/mesh/M0515673,Retinal Photoreceptor Cell Inner Segment,http://id.nlm.nih.gov/mesh/vocab#Concept,skos:exactMatch,http://purl.obolibrary.org/obo/UBERON_0003925,photoreceptor inner segment layer,http://purl.obolibrary.org/obo/UBERON_0001062,1,orcid:0000-0002-7500-8096,orcid:0000-0002-7500-8096,2025-06-05,semapv:MappingReview
http://id.nlm.nih.gov/mesh/M0517574,Venous Valves,http://id.nlm.nih.gov/mesh/vocab#Concept,skos:exactMatch,http://purl.obolibrary.org/obo/UBERON_0006675,venous valve,http://purl.obolibrary.org/obo/UBERON_0001062,1,orcid:0000-0002-7500-8096,orcid:0000-0002-7500-8096,2025-06-05,semapv:MappingReview
http://id.nlm.nih.gov/mesh/M0518844,Natural Killer T-Cells,http://id.nlm.nih.gov/mesh/vocab#Concept,skos:exactMatch,http://purl.obolibrary.org/obo/CL_0000814,mature NK T cell,http://purl.obolibrary.org/obo/CL_0000000,1,orcid:0000-0002-7500-8096|orcid:0000-0001-8314-2140,orcid:0000-0002-7500-8096,2025-06-05,semapv:MappingReview
http://id.nlm.nih.gov/mesh/M0520261,Cranial Fontanelles,http://id.nlm.nih.gov/mesh/vocab#Concept,skos:exactMatch,http://purl.obolibrary.org/obo/UBERON_0002221,fontanelle,http://purl.obolibrary.org/obo/UBERON_0001062,1,orcid:0000-0002-7500-8096,orcid:0000-0002-7500-8096,2025-06-05,semapv:MappingReview
http://id.nlm.nih.gov/mesh/M0520698,Microvessels,http://id.nlm.nih.gov/mesh/vocab#Concept,skos:exactMatch,http://purl.obolibrary.org/obo/UBERON_8410081,blood microvessel,http://purl.obolibrary.org/obo/UBERON_0001062,1,orcid:0000-0002-7500-8096|orcid:0000-0001-8314-2140,orcid:0000-0002-7500-8096,2025-06-05,semapv:MappingReview
http://id.nlm.nih.gov/mesh/M0524978,Uterine Artery,http://id.nlm.nih.gov/mesh/vocab#Concept,skos:exactMatch,http://purl.obolibrary.org/obo/UBERON_0002493,uterine artery,http://purl.obolibrary.org/obo/UBERON_0001062,1,orcid:0000-0002-7500-8096|orcid:0000-0001-8314-2140,orcid:0000-0002-7500-8096,2025-06-05,semapv:MappingReview
http://id.nlm.nih.gov/mesh/M0525919,Pyriform Sinus,http://id.nlm.nih.gov/mesh/vocab#Concept,skos:exactMatch,http://purl.obolibrary.org/obo/UBERON_8480022,piriform sinus,http://purl.obolibrary.org/obo/UBERON_0001062,1,orcid:0000-0002-7500-8096|orcid:0000-0001-8314-2140,orcid:0000-0002-7500-8096,2025-06-05,semapv:MappingReview
http://id.nlm.nih.gov/mesh/M0527764,"CA1 Region, Hippocampal",http://id.nlm.nih.gov/mesh/vocab#Concept,skos:exactMatch,http://purl.obolibrary.org/obo/UBERON_0003881,CA1 field of hippocampus,http://purl.obolibrary.org/obo/UBERON_0001062,1,orcid:0000-0002-7500-8096|orcid:0000-0001-8314-2140,orcid:0000-0002-7500-8096,2025-06-05,semapv:MappingReview
http://id.nlm.nih.gov/mesh/M0528211,"CA2 Region, Hippocampal",http://id.nlm.nih.gov/mesh/vocab#Concept,skos:exactMatch,http://purl.obolibrary.org/obo/UBERON_0003882,CA2 field of hippocampus,http://purl.obolibrary.org/obo/UBERON_0001062,1,orcid:0000-0002-7500-8096|orcid:0000-0001-8314-2140,orcid:0000-0002-7500-8096,2025-06-05,semapv:MappingReview
http://id.nlm.nih.gov/mesh/M0528221,"CA3 Region, Hippocampal",http://id.nlm.nih.gov/mesh/vocab#Concept,skos:exactMatch,http://purl.obolibrary.org/obo/UBERON_0003883,CA3 field of hippocampus,http://purl.obolibrary.org/obo/UBERON_0001062,1,orcid:0000-0002-7500-8096|orcid:0000-0001-8314-2140,orcid:0000-0002-7500-8096,2025-06-05,semapv:MappingReview
http://id.nlm.nih.gov/mesh/M0528952,Olecranon Process,http://id.nlm.nih.gov/mesh/vocab#Concept,skos:exactMatch,http://purl.obolibrary.org/obo/UBERON_0006810,olecranon,http://purl.obolibrary.org/obo/UBERON_0001062,1,orcid:0000-0002-7500-8096,orcid:0000-0002-7500-8096,2025-06-05,semapv:MappingReview
http://id.nlm.nih.gov/mesh/M0529227,Alveolar Epithelial Cells,http://id.nlm.nih.gov/mesh/vocab#Concept,skos:exactMatch,http://purl.obolibrary.org/obo/CL_0000322,pulmonary alveolar epithelial cell,http://purl.obolibrary.org/obo/CL_0000000,1,orcid:0000-0002-7500-8096|orcid:0000-0001-8314-2140,orcid:0000-0002-7500-8096,2025-06-05,semapv:MappingReview
http://id.nlm.nih.gov/mesh/M0534239,Cervical Rib,http://id.nlm.nih.gov/mesh/vocab#Concept,skos:exactMatch,http://purl.obolibrary.org/obo/UBERON_0018144,cervical rib,http://purl.obolibrary.org/obo/UBERON_0001062,1,orcid:0000-0002-7500-8096|orcid:0000-0001-8314-2140,orcid:0000-0002-7500-8096,2025-06-05,semapv:MappingReview
http://id.nlm.nih.gov/mesh/M0534242,Patellofemoral Joint,http://id.nlm.nih.gov/mesh/vocab#Concept,skos:exactMatch,http://purl.obolibrary.org/obo/UBERON_0011166,patellofemoral joint,http://purl.obolibrary.org/obo/UBERON_0001062,1,orcid:0000-0002-7500-8096|orcid:0000-0001-8314-2140,orcid:0000-0002-7500-8096,2025-06-05,semapv:MappingReview
http://id.nlm.nih.gov/mesh/M0538439,Deltoid Muscle,http://id.nlm.nih.gov/mesh/vocab#Concept,skos:exactMatch,http://purl.obolibrary.org/obo/UBERON_0001476,deltoid,http://purl.obolibrary.org/obo/UBERON_0001062,1,orcid:0000-0002-7500-8096|orcid:0000-0001-8314-2140,orcid:0000-0002-7500-8096,2025-06-05,semapv:MappingReview
http://id.nlm.nih.gov/mesh/M0540316,Posterior Eye Segment,http://id.nlm.nih.gov/mesh/vocab#Concept,skos:exactMatch,http://purl.obolibrary.org/obo/UBERON_0001802,posterior segment of eyeball,http://purl.obolibrary.org/obo/UBERON_0001062,1,orcid:0000-0002-7500-8096,orcid:0000-0002-7500-8096,2025-06-05,semapv:MappingReview
http://id.nlm.nih.gov/mesh/M0542307,Humeral Head,http://id.nlm.nih.gov/mesh/vocab#Concept,skos:exactMatch,http://purl.obolibrary.org/obo/UBERON_0006801,proximal head of humerus,http://purl.obolibrary.org/obo/UBERON_0001062,1,orcid:0000-0002-7500-8096|orcid:0000-0001-8314-2140,orcid:0000-0002-7500-8096,2025-06-05,semapv:MappingReview
http://id.nlm.nih.gov/mesh/M0542928,Th17 Cells,http://id.nlm.nih.gov/mesh/vocab#Concept,skos:exactMatch,http://purl.obolibrary.org/obo/CL_0000899,T-helper 17 cell,http://purl.obolibrary.org/obo/CL_0000000,1,orcid:0000-0002-7500-8096,orcid:0000-0002-7500-8096,2025-06-05,semapv:MappingReview
http://id.nlm.nih.gov/mesh/M0549236,Dopaminergic Neurons,http://id.nlm.nih.gov/mesh/vocab#Concept,skos:exactMatch,http://purl.obolibrary.org/obo/CL_0000700,dopaminergic neuron,http://purl.obolibrary.org/obo/CL_0000000,1,orcid:0000-0002-7500-8096,orcid:0000-0002-7500-8096,2025-06-05,semapv:MappingReview
http://id.nlm.nih.gov/mesh/M0549413,Serotonergic Neurons,http://id.nlm.nih.gov/mesh/vocab#Concept,skos:exactMatch,http://purl.obolibrary.org/obo/CL_0000850,serotonergic neuron,http://purl.obolibrary.org/obo/CL_0000000,1,orcid:0000-0002-7500-8096|orcid:0000-0001-8314-2140,orcid:0000-0002-7500-8096,2025-06-05,semapv:MappingReview
http://id.nlm.nih.gov/mesh/M0549427,Cholinergic Neurons,http://id.nlm.nih.gov/mesh/vocab#Concept,skos:exactMatch,http://purl.obolibrary.org/obo/CL_0000108,cholinergic neuron,http://purl.obolibrary.org/obo/CL_0000000,1,orcid:0000-0002-7500-8096|orcid:0000-0001-8314-2140,orcid:0000-0002-7500-8096,2025-06-05,semapv:MappingReview
http://id.nlm.nih.gov/mesh/M0549430,GABAergic Neurons,http://id.nlm.nih.gov/mesh/vocab#Concept,skos:exactMatch,http://purl.obolibrary.org/obo/CL_0000617,GABAergic neuron,http://purl.obolibrary.org/obo/CL_0000000,1,orcid:0000-0002-7500-8096|orcid:0000-0001-8314-2140,orcid:0000-0002-7500-8096,2025-06-05,semapv:MappingReview
http://id.nlm.nih.gov/mesh/M0550363,Adrenergic Neurons,http://id.nlm.nih.gov/mesh/vocab#Concept,skos:exactMatch,http://purl.obolibrary.org/obo/CL_0000109,adrenergic neuron,http://purl.obolibrary.org/obo/CL_0000000,1,orcid:0000-0002-7500-8096|orcid:0000-0001-8314-2140,orcid:0000-0002-7500-8096,2025-06-05,semapv:MappingReview
http://id.nlm.nih.gov/mesh/M0551031,Polar Bodies,http://id.nlm.nih.gov/mesh/vocab#Concept,skos:exactMatch,http://purl.obolibrary.org/obo/CL_0002090,polar body,http://purl.obolibrary.org/obo/CL_0000000,1,orcid:0000-0002-7500-8096|orcid:0000-0001-8314-2140,orcid:0000-0002-7500-8096,2025-06-05,semapv:MappingReview
http://id.nlm.nih.gov/mesh/M0553098,"B-Lymphocytes, Regulatory",http://id.nlm.nih.gov/mesh/vocab#Concept,skos:exactMatch,http://purl.obolibrary.org/obo/CL_0000969,regulatory B cell,http://purl.obolibrary.org/obo/CL_0000000,1,orcid:0000-0002-7500-8096|orcid:0000-0001-8314-2140,orcid:0000-0002-7500-8096,2025-06-05,semapv:MappingReview
http://id.nlm.nih.gov/mesh/M0554334,Pudendal Nerve,http://id.nlm.nih.gov/mesh/vocab#Concept,skos:exactMatch,http://purl.obolibrary.org/obo/UBERON_0011390,pudendal nerve,http://purl.obolibrary.org/obo/UBERON_0001062,1,orcid:0000-0002-7500-8096|orcid:0000-0001-8314-2140,orcid:0000-0002-7500-8096,2025-06-05,semapv:MappingReview
http://id.nlm.nih.gov/mesh/M0555122,Glomerular Filtration Barrier,http://id.nlm.nih.gov/mesh/vocab#Concept,skos:exactMatch,http://purl.obolibrary.org/obo/UBERON_0005777,glomerular basement membrane,http://purl.obolibrary.org/obo/UBERON_0001062,0.75,orcid:0000-0002-7500-8096|orcid:0000-0001-8314-2140,orcid:0000-0002-7500-8096,2025-06-05,semapv:MappingReview
http://id.nlm.nih.gov/mesh/M0556524,Glenoid Cavity,http://id.nlm.nih.gov/mesh/vocab#Concept,skos:exactMatch,http://purl.obolibrary.org/obo/UBERON_0006657,glenoid fossa,http://purl.obolibrary.org/obo/UBERON_0001062,1,orcid:0000-0002-7500-8096,orcid:0000-0002-7500-8096,2025-06-05,semapv:MappingReview
http://id.nlm.nih.gov/mesh/M0578089,Ependymoglial Cells,http://id.nlm.nih.gov/mesh/vocab#Concept,skos:exactMatch,http://purl.obolibrary.org/obo/CL_0000683,ependymoglial cell,http://purl.obolibrary.org/obo/CL_0000000,1,orcid:0000-0002-7500-8096,orcid:0000-0002-7500-8096,2025-06-05,semapv:MappingReview
http://id.nlm.nih.gov/mesh/M0579781,Back Muscles,http://id.nlm.nih.gov/mesh/vocab#Concept,skos:exactMatch,http://purl.obolibrary.org/obo/UBERON_0002324,muscle of back,http://purl.obolibrary.org/obo/UBERON_0001062,1,orcid:0000-0002-7500-8096|orcid:0000-0001-8314-2140,orcid:0000-0002-7500-8096,2025-06-05,semapv:MappingReview
http://id.nlm.nih.gov/mesh/M0579783,Superficial Back Muscles,http://id.nlm.nih.gov/mesh/vocab#Concept,skos:exactMatch,http://purl.obolibrary.org/obo/UBERON_0034908,scapular muscle,http://purl.obolibrary.org/obo/UBERON_0001062,1,orcid:0000-0002-7500-8096,orcid:0000-0002-7500-8096,2025-06-05,semapv:MappingReview
http://id.nlm.nih.gov/mesh/M0579811,Intermediate Back Muscles,http://id.nlm.nih.gov/mesh/vocab#Concept,skos:exactMatch,http://purl.obolibrary.org/obo/UBERON_0011217,serratus dorsalis muscle,http://purl.obolibrary.org/obo/UBERON_0001062,1,orcid:0000-0002-7500-8096|orcid:0000-0001-8314-2140,orcid:0000-0002-7500-8096,2025-06-05,semapv:MappingReview
http://id.nlm.nih.gov/mesh/M0590591,Limbic Lobe,http://id.nlm.nih.gov/mesh/vocab#Concept,skos:exactMatch,http://purl.obolibrary.org/obo/UBERON_0002600,limbic lobe,http://purl.obolibrary.org/obo/UBERON_0001062,1,orcid:0000-0002-7500-8096|orcid:0000-0001-8314-2140,orcid:0000-0002-7500-8096,2025-06-05,semapv:MappingReview
http://id.nlm.nih.gov/mesh/M0591083,Cerebellar Vermis,http://id.nlm.nih.gov/mesh/vocab#Concept,skos:exactMatch,http://purl.obolibrary.org/obo/UBERON_0004720,cerebellar vermis,http://purl.obolibrary.org/obo/UBERON_0001062,1,orcid:0000-0002-7500-8096|orcid:0000-0001-8314-2140,orcid:0000-0002-7500-8096,2025-06-05,semapv:MappingReview
http://id.nlm.nih.gov/mesh/M0591189,Pontine Tegmentum,http://id.nlm.nih.gov/mesh/vocab#Concept,skos:exactMatch,http://purl.obolibrary.org/obo/UBERON_0003023,pontine tegmentum,http://purl.obolibrary.org/obo/UBERON_0001062,1,orcid:0000-0002-7500-8096|orcid:0000-0001-8314-2140,orcid:0000-0002-7500-8096,2025-06-05,semapv:MappingReview
http://id.nlm.nih.gov/mesh/M0591193,Parabrachial Nucleus,http://id.nlm.nih.gov/mesh/vocab#Concept,skos:exactMatch,http://purl.obolibrary.org/obo/UBERON_0007634,parabrachial nucleus,http://purl.obolibrary.org/obo/UBERON_0001062,1,orcid:0000-0002-7500-8096|orcid:0000-0001-8314-2140,orcid:0000-0002-7500-8096,2025-06-05,semapv:MappingReview
http://id.nlm.nih.gov/mesh/M0591245,Abducens Nucleus,http://id.nlm.nih.gov/mesh/vocab#Concept,skos:exactMatch,http://purl.obolibrary.org/obo/UBERON_0002682,abducens nucleus,http://purl.obolibrary.org/obo/UBERON_0001062,1,orcid:0000-0002-7500-8096|orcid:0000-0001-8314-2140,orcid:0000-0002-7500-8096,2025-06-05,semapv:MappingReview
http://id.nlm.nih.gov/mesh/M0591246,Facial Nucleus,http://id.nlm.nih.gov/mesh/vocab#Concept,skos:exactMatch,http://purl.obolibrary.org/obo/UBERON_0000127,facial nucleus,http://purl.obolibrary.org/obo/UBERON_0001062,1,orcid:0000-0002-7500-8096|orcid:0000-0001-8314-2140,orcid:0000-0002-7500-8096,2025-06-05,semapv:MappingReview
http://id.nlm.nih.gov/mesh/M0591274,Superior Olivary Complex,http://id.nlm.nih.gov/mesh/vocab#Concept,skos:exactMatch,http://purl.obolibrary.org/obo/UBERON_0002128,superior olivary complex,http://purl.obolibrary.org/obo/UBERON_0001062,1,orcid:0000-0002-7500-8096|orcid:0000-0001-8314-2140,orcid:0000-0002-7500-8096,2025-06-05,semapv:MappingReview
http://id.nlm.nih.gov/mesh/M0591281,Trapezoid Body,http://id.nlm.nih.gov/mesh/vocab#Concept,skos:exactMatch,http://purl.obolibrary.org/obo/UBERON_0002932,trapezoid body,http://purl.obolibrary.org/obo/UBERON_0001062,1,orcid:0000-0002-7500-8096|orcid:0000-0001-8314-2140,orcid:0000-0002-7500-8096,2025-06-05,semapv:MappingReview
http://id.nlm.nih.gov/mesh/M0591283,Barrington's Nucleus,http://id.nlm.nih.gov/mesh/vocab#Concept,skos:exactMatch,http://purl.obolibrary.org/obo/UBERON_0007632,Barrington's nucleus,http://purl.obolibrary.org/obo/UBERON_0001062,1,orcid:0000-0002-7500-8096|orcid:0000-0001-8314-2140,orcid:0000-0002-7500-8096,2025-06-05,semapv:MappingReview
http://id.nlm.nih.gov/mesh/M0591287,Kolliker-Fuse Nucleus,http://id.nlm.nih.gov/mesh/vocab#Concept,skos:exactMatch,http://purl.obolibrary.org/obo/UBERON_0002869,diffuse reticular nucleus,http://purl.obolibrary.org/obo/UBERON_0001062,1,orcid:0000-0002-7500-8096|orcid:0000-0001-8314-2140,orcid:0000-0002-7500-8096,2025-06-05,semapv:MappingReview
http://id.nlm.nih.gov/mesh/M0591288,Middle Cerebellar Peduncle,http://id.nlm.nih.gov/mesh/vocab#Concept,skos:exactMatch,http://purl.obolibrary.org/obo/UBERON_0002152,middle cerebellar peduncle,http://purl.obolibrary.org/obo/UBERON_0001062,1,orcid:0000-0002-7500-8096|orcid:0000-0001-8314-2140,orcid:0000-0002-7500-8096,2025-06-05,semapv:MappingReview
http://id.nlm.nih.gov/mesh/M0591291,Oculomotor Nuclear Complex,http://id.nlm.nih.gov/mesh/vocab#Concept,skos:exactMatch,http://purl.obolibrary.org/obo/UBERON_0001715,oculomotor nuclear complex,http://purl.obolibrary.org/obo/UBERON_0001062,1,orcid:0000-0002-7500-8096|orcid:0000-0001-8314-2140,orcid:0000-0002-7500-8096,2025-06-05,semapv:MappingReview
http://id.nlm.nih.gov/mesh/M0591294,Edinger-Westphal Nucleus,http://id.nlm.nih.gov/mesh/vocab#Concept,skos:exactMatch,http://purl.obolibrary.org/obo/UBERON_0002141,parvocellular oculomotor nucleus,http://purl.obolibrary.org/obo/UBERON_0001062,1,orcid:0000-0002-7500-8096|orcid:0000-0001-8314-2140,orcid:0000-0002-7500-8096,2025-06-05,semapv:MappingReview
http://id.nlm.nih.gov/mesh/M0591299,Pars Reticulata,http://id.nlm.nih.gov/mesh/vocab#Concept,skos:exactMatch,http://purl.obolibrary.org/obo/UBERON_0001966,substantia nigra pars reticulata,http://purl.obolibrary.org/obo/UBERON_0001062,1,orcid:0000-0002-7500-8096|orcid:0000-0001-8314-2140,orcid:0000-0002-7500-8096,2025-06-05,semapv:MappingReview
http://id.nlm.nih.gov/mesh/M0591302,Pars Compacta,http://id.nlm.nih.gov/mesh/vocab#Concept,skos:exactMatch,http://purl.obolibrary.org/obo/UBERON_0001965,substantia nigra pars compacta,http://purl.obolibrary.org/obo/UBERON_0001062,1,orcid:0000-0002-7500-8096|orcid:0000-0001-8314-2140,orcid:0000-0002-7500-8096,2025-06-05,semapv:MappingReview
http://id.nlm.nih.gov/mesh/M0591311,Cerebral Crus,http://id.nlm.nih.gov/mesh/vocab#Concept,skos:exactMatch,http://purl.obolibrary.org/obo/UBERON_0002631,cerebral crus,http://purl.obolibrary.org/obo/UBERON_0001062,1,orcid:0000-0002-7500-8096|orcid:0000-0001-8314-2140,orcid:0000-0002-7500-8096,2025-06-05,semapv:MappingReview
http://id.nlm.nih.gov/mesh/M0591315,Tectospinal Fibers,http://id.nlm.nih.gov/mesh/vocab#Concept,skos:exactMatch,http://purl.obolibrary.org/obo/UBERON_0002949,tectospinal tract,http://purl.obolibrary.org/obo/UBERON_0001062,1,orcid:0000-0002-7500-8096|orcid:0000-0001-8314-2140,orcid:0000-0002-7500-8096,2025-06-05,semapv:MappingReview
http://id.nlm.nih.gov/mesh/M0591381,Nucleus Raphe Magnus,http://id.nlm.nih.gov/mesh/vocab#Concept,skos:exactMatch,http://purl.obolibrary.org/obo/UBERON_0002156,nucleus raphe magnus,http://purl.obolibrary.org/obo/UBERON_0001062,1,orcid:0000-0002-7500-8096|orcid:0000-0001-8314-2140,orcid:0000-0002-7500-8096,2025-06-05,semapv:MappingReview
http://id.nlm.nih.gov/mesh/M0591382,Dorsal Raphe Nucleus,http://id.nlm.nih.gov/mesh/vocab#Concept,skos:exactMatch,http://purl.obolibrary.org/obo/UBERON_0002043,dorsal raphe nucleus,http://purl.obolibrary.org/obo/UBERON_0001062,1,orcid:0000-0002-7500-8096|orcid:0000-0001-8314-2140,orcid:0000-0002-7500-8096,2025-06-05,semapv:MappingReview
http://id.nlm.nih.gov/mesh/M0591385,Nucleus Raphe Pallidus,http://id.nlm.nih.gov/mesh/vocab#Concept,skos:exactMatch,http://purl.obolibrary.org/obo/UBERON_0002157,nucleus raphe pallidus,http://purl.obolibrary.org/obo/UBERON_0001062,1,orcid:0000-0002-7500-8096|orcid:0000-0001-8314-2140,orcid:0000-0002-7500-8096,2025-06-05,semapv:MappingReview
http://id.nlm.nih.gov/mesh/M0591393,Nucleus Raphe Obscurus,http://id.nlm.nih.gov/mesh/vocab#Concept,skos:exactMatch,http://purl.obolibrary.org/obo/UBERON_0002684,nucleus raphe obscurus,http://purl.obolibrary.org/obo/UBERON_0001062,1,orcid:0000-0002-7500-8096|orcid:0000-0001-8314-2140,orcid:0000-0002-7500-8096,2025-06-05,semapv:MappingReview
http://id.nlm.nih.gov/mesh/M0592761,Gray Matter,http://id.nlm.nih.gov/mesh/vocab#Concept,skos:exactMatch,http://purl.obolibrary.org/obo/UBERON_0002020,gray matter,http://purl.obolibrary.org/obo/UBERON_0001062,1,orcid:0000-0002-7500-8096|orcid:0000-0001-8314-2140,orcid:0000-0002-7500-8096,2025-06-05,semapv:MappingReview
http://id.nlm.nih.gov/mesh/M0592773,White Matter,http://id.nlm.nih.gov/mesh/vocab#Concept,skos:exactMatch,http://purl.obolibrary.org/obo/UBERON_0002316,white matter,http://purl.obolibrary.org/obo/UBERON_0001062,1,orcid:0000-0002-7500-8096|orcid:0000-0001-8314-2140,orcid:0000-0002-7500-8096,2025-06-05,semapv:MappingReview
http://id.nlm.nih.gov/mesh/M0592790,Spinal Cord Dorsal Horn,http://id.nlm.nih.gov/mesh/vocab#Concept,skos:exactMatch,http://purl.obolibrary.org/obo/UBERON_0002256,dorsal horn of spinal cord,http://purl.obolibrary.org/obo/UBERON_0001062,1,orcid:0000-0002-7500-8096|orcid:0000-0001-8314-2140,orcid:0000-0002-7500-8096,2025-06-05,semapv:MappingReview
http://id.nlm.nih.gov/mesh/M0592805,Cervical Cord,http://id.nlm.nih.gov/mesh/vocab#Concept,skos:exactMatch,http://purl.obolibrary.org/obo/UBERON_0002726,cervical spinal cord,http://purl.obolibrary.org/obo/UBERON_0001062,1,orcid:0000-0002-7500-8096|orcid:0000-0001-8314-2140,orcid:0000-0002-7500-8096,2025-06-05,semapv:MappingReview
http://id.nlm.nih.gov/mesh/M0592813,Spinal Cord Ventral Horn,http://id.nlm.nih.gov/mesh/vocab#Concept,skos:exactMatch,http://purl.obolibrary.org/obo/UBERON_0002257,ventral horn of spinal cord,http://purl.obolibrary.org/obo/UBERON_0001062,1,orcid:0000-0002-7500-8096|orcid:0000-0001-8314-2140,orcid:0000-0002-7500-8096,2025-06-05,semapv:MappingReview
http://id.nlm.nih.gov/mesh/M0592817,Spinal Cord Lateral Horn,http://id.nlm.nih.gov/mesh/vocab#Concept,skos:exactMatch,http://purl.obolibrary.org/obo/UBERON_0004676,spinal cord lateral horn,http://purl.obolibrary.org/obo/UBERON_0001062,1,orcid:0000-0002-7500-8096|orcid:0000-0001-8314-2140,orcid:0000-0002-7500-8096,2025-06-05,semapv:MappingReview
http://id.nlm.nih.gov/mesh/M0592909,Costal Cartilage,http://id.nlm.nih.gov/mesh/vocab#Concept,skos:exactMatch,http://purl.obolibrary.org/obo/UBERON_0002236,costal cartilage,http://purl.obolibrary.org/obo/UBERON_0001062,1,orcid:0000-0002-7500-8096|orcid:0000-0001-8314-2140,orcid:0000-0002-7500-8096,2025-06-05,semapv:MappingReview
http://id.nlm.nih.gov/mesh/M0592917,Basal Forebrain,http://id.nlm.nih.gov/mesh/vocab#Concept,skos:exactMatch,http://purl.obolibrary.org/obo/UBERON_0002743,basal forebrain,http://purl.obolibrary.org/obo/UBERON_0001062,1,orcid:0000-0002-7500-8096|orcid:0000-0001-8314-2140,orcid:0000-0002-7500-8096,2025-06-05,semapv:MappingReview
http://id.nlm.nih.gov/mesh/M0593045,Sensorimotor Cortex,http://id.nlm.nih.gov/mesh/vocab#Concept,skos:exactMatch,http://purl.obolibrary.org/obo/UBERON_0025534,sensorimotor system,http://purl.obolibrary.org/obo/UBERON_0001062,1,orcid:0000-0002-7500-8096|orcid:0000-0001-8314-2140,orcid:0000-0002-7500-8096,2025-06-05,semapv:MappingReview
http://id.nlm.nih.gov/mesh/M0593087,Piriform Cortex,http://id.nlm.nih.gov/mesh/vocab#Concept,skos:exactMatch,http://purl.obolibrary.org/obo/UBERON_0004725,piriform cortex,http://purl.obolibrary.org/obo/UBERON_0001062,1,orcid:0000-0002-7500-8096,orcid:0000-0002-7500-8096,2025-06-05,semapv:MappingReview
http://id.nlm.nih.gov/mesh/M0593298,"Anterior Commissure, Brain",http://id.nlm.nih.gov/mesh/vocab#Concept,skos:exactMatch,http://purl.obolibrary.org/obo/UBERON_0000935,anterior commissure,http://purl.obolibrary.org/obo/UBERON_0001062,1,orcid:0000-0002-7500-8096|orcid:0000-0001-8314-2140,orcid:0000-0002-7500-8096,2025-06-05,semapv:MappingReview
http://id.nlm.nih.gov/mesh/M0593300,Posterior Cerebellar Commissure,http://id.nlm.nih.gov/mesh/vocab#Concept,skos:exactMatch,http://purl.obolibrary.org/obo/UBERON_0000936,posterior commissure,http://purl.obolibrary.org/obo/UBERON_0001062,1,orcid:0000-0002-7500-8096|orcid:0000-0001-8314-2140,orcid:0000-0002-7500-8096,2025-06-05,semapv:MappingReview
http://id.nlm.nih.gov/mesh/M0593315,Schaffer Collaterals,http://id.nlm.nih.gov/mesh/vocab#Concept,skos:exactMatch,http://purl.obolibrary.org/obo/UBERON_0005372,hippocampus stratum radiatum,http://purl.obolibrary.org/obo/UBERON_0001062,0.65,orcid:0000-0002-7500-8096|orcid:0000-0001-8314-2140,orcid:0000-0002-7500-8096,2025-06-05,semapv:MappingReview
http://id.nlm.nih.gov/mesh/M0593321,Telencephalic Commissures,http://id.nlm.nih.gov/mesh/vocab#Concept,skos:exactMatch,http://purl.obolibrary.org/obo/UBERON_0019294,commissure of telencephalon,http://purl.obolibrary.org/obo/UBERON_0001062,1,orcid:0000-0002-7500-8096,orcid:0000-0002-7500-8096,2025-06-05,semapv:MappingReview
http://id.nlm.nih.gov/mesh/M0593361,Pretectal Region,http://id.nlm.nih.gov/mesh/vocab#Concept,skos:exactMatch,http://purl.obolibrary.org/obo/UBERON_0001944,pretectal region,http://purl.obolibrary.org/obo/UBERON_0001062,1,orcid:0000-0002-7500-8096|orcid:0000-0001-8314-2140,orcid:0000-0002-7500-8096,2025-06-05,semapv:MappingReview
http://id.nlm.nih.gov/mesh/M0593542,Interpeduncular Nucleus,http://id.nlm.nih.gov/mesh/vocab#Concept,skos:exactMatch,http://purl.obolibrary.org/obo/UBERON_0002145,interpeduncular nucleus,http://purl.obolibrary.org/obo/UBERON_0001062,1,orcid:0000-0002-7500-8096|orcid:0000-0001-8314-2140,orcid:0000-0002-7500-8096,2025-06-05,semapv:MappingReview
http://id.nlm.nih.gov/mesh/M0593549,Midbrain Reticular Formation,http://id.nlm.nih.gov/mesh/vocab#Concept,skos:exactMatch,http://purl.obolibrary.org/obo/UBERON_0002639,midbrain reticular formation,http://purl.obolibrary.org/obo/UBERON_0001062,1,orcid:0000-0002-7500-8096|orcid:0000-0001-8314-2140,orcid:0000-0002-7500-8096,2025-06-05,semapv:MappingReview
http://id.nlm.nih.gov/mesh/M0593552,Trigeminal Motor Nucleus,http://id.nlm.nih.gov/mesh/vocab#Concept,skos:exactMatch,http://purl.obolibrary.org/obo/UBERON_0002633,motor nucleus of trigeminal nerve,http://purl.obolibrary.org/obo/UBERON_0001062,1,orcid:0000-0002-7500-8096|orcid:0000-0001-8314-2140,orcid:0000-0002-7500-8096,2025-06-05,semapv:MappingReview
http://id.nlm.nih.gov/mesh/M0593555,Midbrain Raphe Nuclei,http://id.nlm.nih.gov/mesh/vocab#Concept,skos:exactMatch,http://purl.obolibrary.org/obo/UBERON_0007412,midbrain raphe nuclei,http://purl.obolibrary.org/obo/UBERON_0001062,1,orcid:0000-0002-7500-8096|orcid:0000-0001-8314-2140,orcid:0000-0002-7500-8096,2025-06-05,semapv:MappingReview
http://id.nlm.nih.gov/mesh/M0593583,External Capsule,http://id.nlm.nih.gov/mesh/vocab#Concept,skos:exactMatch,http://purl.obolibrary.org/obo/UBERON_0004545,external capsule of telencephalon,http://purl.obolibrary.org/obo/UBERON_0001062,1,orcid:0000-0002-7500-8096|orcid:0000-0001-8314-2140,orcid:0000-0002-7500-8096,2025-06-05,semapv:MappingReview
http://id.nlm.nih.gov/mesh/M0593589,Basolateral Nuclear Complex,http://id.nlm.nih.gov/mesh/vocab#Concept,skos:exactMatch,http://purl.obolibrary.org/obo/UBERON_0006107,basolateral amygdaloid nuclear complex,http://purl.obolibrary.org/obo/UBERON_0001062,1,orcid:0000-0002-7500-8096|orcid:0000-0001-8314-2140,orcid:0000-0002-7500-8096,2025-06-05,semapv:MappingReview
http://id.nlm.nih.gov/mesh/M0593591,Central Amygdaloid Nucleus,http://id.nlm.nih.gov/mesh/vocab#Concept,skos:exactMatch,http://purl.obolibrary.org/obo/UBERON_0002883,central amygdaloid nucleus,http://purl.obolibrary.org/obo/UBERON_0001062,1,orcid:0000-0002-7500-8096|orcid:0000-0001-8314-2140,orcid:0000-0002-7500-8096,2025-06-05,semapv:MappingReview
http://id.nlm.nih.gov/mesh/M0593621,Corticomedial Nuclear Complex,http://id.nlm.nih.gov/mesh/vocab#Concept,skos:exactMatch,http://purl.obolibrary.org/obo/UBERON_0006108,corticomedial nuclear complex,http://purl.obolibrary.org/obo/UBERON_0001062,1,orcid:0000-0002-7500-8096|orcid:0000-0001-8314-2140,orcid:0000-0002-7500-8096,2025-06-05,semapv:MappingReview
http://id.nlm.nih.gov/mesh/M0593622,Periamygdaloid Cortex,http://id.nlm.nih.gov/mesh/vocab#Concept,skos:exactMatch,http://purl.obolibrary.org/obo/UBERON_0014537,periamygdaloid cortex,http://purl.obolibrary.org/obo/UBERON_0001062,1,orcid:0000-0002-7500-8096|orcid:0000-0001-8314-2140,orcid:0000-0002-7500-8096,2025-06-05,semapv:MappingReview
http://id.nlm.nih.gov/mesh/M0593630,Organum Vasculosum,http://id.nlm.nih.gov/mesh/vocab#Concept,skos:exactMatch,http://purl.obolibrary.org/obo/UBERON_0002689,supraoptic crest,http://purl.obolibrary.org/obo/UBERON_0001062,1,orcid:0000-0002-7500-8096|orcid:0000-0001-8314-2140,orcid:0000-0002-7500-8096,2025-06-05,semapv:MappingReview
http://id.nlm.nih.gov/mesh/M0593635,Circumventricular Organs,http://id.nlm.nih.gov/mesh/vocab#Concept,skos:exactMatch,http://purl.obolibrary.org/obo/UBERON_0005408,circumventricular organ,http://purl.obolibrary.org/obo/UBERON_0001062,1,orcid:0000-0002-7500-8096|orcid:0000-0001-8314-2140,orcid:0000-0002-7500-8096,2025-06-05,semapv:MappingReview
http://id.nlm.nih.gov/mesh/M0593750,Renshaw Cells,http://id.nlm.nih.gov/mesh/vocab#Concept,skos:exactMatch,http://purl.obolibrary.org/obo/CL_2000023,spinal cord ventral column interneuron,http://purl.obolibrary.org/obo/CL_0000000,0.51,orcid:0000-0002-7500-8096|orcid:0000-0001-8314-2140,orcid:0000-0002-7500-8096,2025-06-05,semapv:MappingReview
http://id.nlm.nih.gov/mesh/M0593756,Commissural Interneurons,http://id.nlm.nih.gov/mesh/vocab#Concept,skos:exactMatch,http://purl.obolibrary.org/obo/CL_0005000,spinal cord interneuron,http://purl.obolibrary.org/obo/CL_0000000,0.51,orcid:0000-0002-7500-8096,orcid:0000-0002-7500-8096,2025-06-05,semapv:MappingReview
